<gpx xmlns:ns3="http://www.garmin.com/xmlschemas/TrackPointExtension/v1" xmlns="http://www.topografix.com/GPX/1/1" xmlns:xsi="http://www.w3.org/2001/XMLSchema-instance" xmlns:ns2="http://www.garmin.com/xmlschemas/GpxExtensions/v3" creator="Garmin Connect" version="1.1" xsi:schemaLocation="http://www.topografix.com/GPX/1/1 http://www.topografix.com/GPX/11.xsd">
  <extensions>
<distance>5007.01</distance>
<average_hr>169.0</average_hr>
<average_speed>2.7639999389648438</average_speed>
<start_time>2026-09-06T13:26:48+00:00</start_time>
<end_time>2026-09-06T13:56:59.444000+00:00</end_time>
<moving_time>1775.37</moving_time>
<elapsed_time>1811.444</elapsed_time>
</extensions>
<metadata>
    <link href="connect.garmin.com">
      <text>Garmin Connect</text>
    </link>
    <time>2026-09-06T13:26:48.000Z</time>
  </metadata>
  <trk>
    <name>奉贤区 跑步</name>
    <type>running</type>
    <trkseg>
      <trkpt lat="30.8970363624393939971923828125" lon="121.73521989025175571441650390625">
        <ele>3.2000000476837158203125</ele>
        <time>2026-09-06T13:26:48.000Z</time>
        <extensions>
          <ns3:TrackPointExtension>
            <ns3:atemp>31.0</ns3:atemp>
            <ns3:hr>111</ns3:hr>
            <ns3:cad>0</ns3:cad>
          </ns3:TrackPointExtension>
        </extensions>
      </trkpt>
      <trkpt lat="30.89705027639865875244140625" lon="121.73523078672587871551513671875">
        <ele>3.2000000476837158203125</ele>
        <time>2026-09-06T13:26:49.000Z</time>
        <extensions>
          <ns3:TrackPointExtension>
            <ns3:atemp>31.0</ns3:atemp>
            <ns3:hr>111</ns3:hr>
            <ns3:cad>0</ns3:cad>
          </ns3:TrackPointExtension>
        </extensions>
      </trkpt>
      <trkpt lat="30.89707299135625362396240234375" lon="121.73522793687880039215087890625">
        <ele>3.2000000476837158203125</ele>
        <time>2026-09-06T13:26:50.000Z</time>
        <extensions>
          <ns3:TrackPointExtension>
            <ns3:atemp>31.0</ns3:atemp>
            <ns3:hr>111</ns3:hr>
            <ns3:cad>0</ns3:cad>
          </ns3:TrackPointExtension>
        </extensions>
      </trkpt>
      <trkpt lat="30.8971000649034976959228515625" lon="121.73523095436394214630126953125">
        <ele>3.2000000476837158203125</ele>
        <time>2026-09-06T13:26:51.000Z</time>
        <extensions>
          <ns3:TrackPointExtension>
            <ns3:atemp>31.0</ns3:atemp>
            <ns3:hr>111</ns3:hr>
            <ns3:cad>0</ns3:cad>
          </ns3:TrackPointExtension>
        </extensions>
      </trkpt>
      <trkpt lat="30.89712311513721942901611328125" lon="121.73522693105041980743408203125">
        <ele>3.2000000476837158203125</ele>
        <time>2026-09-06T13:26:52.000Z</time>
        <extensions>
          <ns3:TrackPointExtension>
            <ns3:atemp>31.0</ns3:atemp>
            <ns3:hr>112</ns3:hr>
            <ns3:cad>0</ns3:cad>
          </ns3:TrackPointExtension>
        </extensions>
      </trkpt>
      <trkpt lat="30.89714943431317806243896484375" lon="121.7352280206978321075439453125">
        <ele>3</ele>
        <time>2026-09-06T13:26:53.000Z</time>
        <extensions>
          <ns3:TrackPointExtension>
            <ns3:atemp>31.0</ns3:atemp>
            <ns3:hr>113</ns3:hr>
            <ns3:cad>88</ns3:cad>
          </ns3:TrackPointExtension>
        </extensions>
      </trkpt>
      <trkpt lat="30.89717458002269268035888671875" lon="121.73522709868848323822021484375">
        <ele>3</ele>
        <time>2026-09-06T13:26:54.000Z</time>
        <extensions>
          <ns3:TrackPointExtension>
            <ns3:atemp>31.0</ns3:atemp>
            <ns3:hr>114</ns3:hr>
            <ns3:cad>88</ns3:cad>
          </ns3:TrackPointExtension>
        </extensions>
      </trkpt>
      <trkpt lat="30.8972038328647613525390625" lon="121.73522659577429294586181640625">
        <ele>3</ele>
        <time>2026-09-06T13:26:55.000Z</time>
        <extensions>
          <ns3:TrackPointExtension>
            <ns3:atemp>31.0</ns3:atemp>
            <ns3:hr>115</ns3:hr>
            <ns3:cad>88</ns3:cad>
          </ns3:TrackPointExtension>
        </extensions>
      </trkpt>
      <trkpt lat="30.89722353033721446990966796875" lon="121.7352179624140262603759765625">
        <ele>3</ele>
        <time>2026-09-06T13:26:56.000Z</time>
        <extensions>
          <ns3:TrackPointExtension>
            <ns3:atemp>31.0</ns3:atemp>
            <ns3:hr>116</ns3:hr>
            <ns3:cad>87</ns3:cad>
          </ns3:TrackPointExtension>
        </extensions>
      </trkpt>
      <trkpt lat="30.8972547948360443115234375" lon="121.73521771095693111419677734375">
        <ele>3</ele>
        <time>2026-09-06T13:26:57.000Z</time>
        <extensions>
          <ns3:TrackPointExtension>
            <ns3:atemp>31.0</ns3:atemp>
            <ns3:hr>116</ns3:hr>
            <ns3:cad>87</ns3:cad>
          </ns3:TrackPointExtension>
        </extensions>
      </trkpt>
      <trkpt lat="30.89727818034589290618896484375" lon="121.73521016724407672882080078125">
        <ele>3</ele>
        <time>2026-09-06T13:26:58.000Z</time>
        <extensions>
          <ns3:TrackPointExtension>
            <ns3:atemp>31.0</ns3:atemp>
            <ns3:hr>116</ns3:hr>
            <ns3:cad>88</ns3:cad>
          </ns3:TrackPointExtension>
        </extensions>
      </trkpt>
      <trkpt lat="30.89730902574956417083740234375" lon="121.73521318472921848297119140625">
        <ele>3</ele>
        <time>2026-09-06T13:26:59.000Z</time>
        <extensions>
          <ns3:TrackPointExtension>
            <ns3:atemp>31.0</ns3:atemp>
            <ns3:hr>115</ns3:hr>
            <ns3:cad>90</ns3:cad>
          </ns3:TrackPointExtension>
        </extensions>
      </trkpt>
      <trkpt lat="30.89732897467911243438720703125" lon="121.735205389559268951416015625">
        <ele>3</ele>
        <time>2026-09-06T13:27:00.000Z</time>
        <extensions>
          <ns3:TrackPointExtension>
            <ns3:atemp>31.0</ns3:atemp>
            <ns3:hr>116</ns3:hr>
            <ns3:cad>90</ns3:cad>
          </ns3:TrackPointExtension>
        </extensions>
      </trkpt>
      <trkpt lat="30.89735747314989566802978515625" lon="121.73520714975893497467041015625">
        <ele>3.2000000476837158203125</ele>
        <time>2026-09-06T13:27:01.000Z</time>
        <extensions>
          <ns3:TrackPointExtension>
            <ns3:atemp>31.0</ns3:atemp>
            <ns3:hr>117</ns3:hr>
            <ns3:cad>90</ns3:cad>
          </ns3:TrackPointExtension>
        </extensions>
      </trkpt>
      <trkpt lat="30.8973793499171733856201171875" lon="121.7352018691599369049072265625">
        <ele>3.2000000476837158203125</ele>
        <time>2026-09-06T13:27:02.000Z</time>
        <extensions>
          <ns3:TrackPointExtension>
            <ns3:atemp>31.0</ns3:atemp>
            <ns3:hr>118</ns3:hr>
            <ns3:cad>90</ns3:cad>
          </ns3:TrackPointExtension>
        </extensions>
      </trkpt>
      <trkpt lat="30.89740558527410030364990234375" lon="121.7352001927793025970458984375">
        <ele>3.2000000476837158203125</ele>
        <time>2026-09-06T13:27:03.000Z</time>
        <extensions>
          <ns3:TrackPointExtension>
            <ns3:atemp>31.0</ns3:atemp>
            <ns3:hr>119</ns3:hr>
            <ns3:cad>91</ns3:cad>
          </ns3:TrackPointExtension>
        </extensions>
      </trkpt>
      <trkpt lat="30.8974272944033145904541015625" lon="121.7351968400180339813232421875">
        <ele>3.2000000476837158203125</ele>
        <time>2026-09-06T13:27:04.000Z</time>
        <extensions>
          <ns3:TrackPointExtension>
            <ns3:atemp>31.0</ns3:atemp>
            <ns3:hr>119</ns3:hr>
            <ns3:cad>92</ns3:cad>
          </ns3:TrackPointExtension>
        </extensions>
      </trkpt>
      <trkpt lat="30.8974544517695903778076171875" lon="121.7351981811225414276123046875">
        <ele>3.2000000476837158203125</ele>
        <time>2026-09-06T13:27:05.000Z</time>
        <extensions>
          <ns3:TrackPointExtension>
            <ns3:atemp>31.0</ns3:atemp>
            <ns3:hr>120</ns3:hr>
            <ns3:cad>92</ns3:cad>
          </ns3:TrackPointExtension>
        </extensions>
      </trkpt>
      <trkpt lat="30.8974792622029781341552734375" lon="121.73519256524741649627685546875">
        <ele>3.2000000476837158203125</ele>
        <time>2026-09-06T13:27:06.000Z</time>
        <extensions>
          <ns3:TrackPointExtension>
            <ns3:atemp>31.0</ns3:atemp>
            <ns3:hr>121</ns3:hr>
            <ns3:cad>92</ns3:cad>
          </ns3:TrackPointExtension>
        </extensions>
      </trkpt>
      <trkpt lat="30.89750667102634906768798828125" lon="121.73519432544708251953125">
        <ele>3.2000000476837158203125</ele>
        <time>2026-09-06T13:27:07.000Z</time>
        <extensions>
          <ns3:TrackPointExtension>
            <ns3:atemp>31.0</ns3:atemp>
            <ns3:hr>122</ns3:hr>
            <ns3:cad>92</ns3:cad>
          </ns3:TrackPointExtension>
        </extensions>
      </trkpt>
      <trkpt lat="30.89753114618360996246337890625" lon="121.735187284648418426513671875">
        <ele>3.2000000476837158203125</ele>
        <time>2026-09-06T13:27:08.000Z</time>
        <extensions>
          <ns3:TrackPointExtension>
            <ns3:atemp>31.0</ns3:atemp>
            <ns3:hr>123</ns3:hr>
            <ns3:cad>92</ns3:cad>
          </ns3:TrackPointExtension>
        </extensions>
      </trkpt>
      <trkpt lat="30.8975590579211711883544921875" lon="121.7351851053535938262939453125">
        <ele>3.2000000476837158203125</ele>
        <time>2026-09-06T13:27:09.000Z</time>
        <extensions>
          <ns3:TrackPointExtension>
            <ns3:atemp>31.0</ns3:atemp>
            <ns3:hr>124</ns3:hr>
            <ns3:cad>92</ns3:cad>
          </ns3:TrackPointExtension>
        </extensions>
      </trkpt>
      <trkpt lat="30.897585041821002960205078125" lon="121.7351807467639446258544921875">
        <ele>3.2000000476837158203125</ele>
        <time>2026-09-06T13:27:10.000Z</time>
        <extensions>
          <ns3:TrackPointExtension>
            <ns3:atemp>31.0</ns3:atemp>
            <ns3:hr>125</ns3:hr>
            <ns3:cad>92</ns3:cad>
          </ns3:TrackPointExtension>
        </extensions>
      </trkpt>
      <trkpt lat="30.89761295355856418609619140625" lon="121.735180579125881195068359375">
        <ele>3.2000000476837158203125</ele>
        <time>2026-09-06T13:27:11.000Z</time>
        <extensions>
          <ns3:TrackPointExtension>
            <ns3:atemp>31.0</ns3:atemp>
            <ns3:hr>126</ns3:hr>
            <ns3:cad>90</ns3:cad>
          </ns3:TrackPointExtension>
        </extensions>
      </trkpt>
      <trkpt lat="30.8976378478109836578369140625" lon="121.73517663963139057159423828125">
        <ele>3.2000000476837158203125</ele>
        <time>2026-09-06T13:27:12.000Z</time>
        <extensions>
          <ns3:TrackPointExtension>
            <ns3:atemp>31.0</ns3:atemp>
            <ns3:hr>127</ns3:hr>
            <ns3:cad>90</ns3:cad>
          </ns3:TrackPointExtension>
        </extensions>
      </trkpt>
      <trkpt lat="30.8976646699011325836181640625" lon="121.735177896916866302490234375">
        <ele>3.2000000476837158203125</ele>
        <time>2026-09-06T13:27:13.000Z</time>
        <extensions>
          <ns3:TrackPointExtension>
            <ns3:atemp>31.0</ns3:atemp>
            <ns3:hr>128</ns3:hr>
            <ns3:cad>90</ns3:cad>
          </ns3:TrackPointExtension>
        </extensions>
      </trkpt>
      <trkpt lat="30.8976898156106472015380859375" lon="121.73517144285142421722412109375">
        <ele>3.2000000476837158203125</ele>
        <time>2026-09-06T13:27:14.000Z</time>
        <extensions>
          <ns3:TrackPointExtension>
            <ns3:atemp>31.0</ns3:atemp>
            <ns3:hr>129</ns3:hr>
            <ns3:cad>90</ns3:cad>
          </ns3:TrackPointExtension>
        </extensions>
      </trkpt>
      <trkpt lat="30.89771638624370098114013671875" lon="121.7351716943085193634033203125">
        <ele>3.2000000476837158203125</ele>
        <time>2026-09-06T13:27:15.000Z</time>
        <extensions>
          <ns3:TrackPointExtension>
            <ns3:atemp>31.0</ns3:atemp>
            <ns3:hr>130</ns3:hr>
            <ns3:cad>90</ns3:cad>
          </ns3:TrackPointExtension>
        </extensions>
      </trkpt>
      <trkpt lat="30.897742621600627899169921875" lon="121.7351700179278850555419921875">
        <ele>3</ele>
        <time>2026-09-06T13:27:16.000Z</time>
        <extensions>
          <ns3:TrackPointExtension>
            <ns3:atemp>31.0</ns3:atemp>
            <ns3:hr>131</ns3:hr>
            <ns3:cad>90</ns3:cad>
          </ns3:TrackPointExtension>
        </extensions>
      </trkpt>
      <trkpt lat="30.89776952750980854034423828125" lon="121.73516943119466304779052734375">
        <ele>3.2000000476837158203125</ele>
        <time>2026-09-06T13:27:17.000Z</time>
        <extensions>
          <ns3:TrackPointExtension>
            <ns3:atemp>31.0</ns3:atemp>
            <ns3:hr>132</ns3:hr>
            <ns3:cad>90</ns3:cad>
          </ns3:TrackPointExtension>
        </extensions>
      </trkpt>
      <trkpt lat="30.89779484085738658905029296875" lon="121.73516574315726757049560546875">
        <ele>3</ele>
        <time>2026-09-06T13:27:18.000Z</time>
        <extensions>
          <ns3:TrackPointExtension>
            <ns3:atemp>31.0</ns3:atemp>
            <ns3:hr>133</ns3:hr>
            <ns3:cad>90</ns3:cad>
          </ns3:TrackPointExtension>
        </extensions>
      </trkpt>
      <trkpt lat="30.89782250113785266876220703125" lon="121.7351626418530941009521484375">
        <ele>3.2000000476837158203125</ele>
        <time>2026-09-06T13:27:19.000Z</time>
        <extensions>
          <ns3:TrackPointExtension>
            <ns3:atemp>31.0</ns3:atemp>
            <ns3:hr>133</ns3:hr>
            <ns3:cad>90</ns3:cad>
          </ns3:TrackPointExtension>
        </extensions>
      </trkpt>
      <trkpt lat="30.89784915558993816375732421875" lon="121.7351581156253814697265625">
        <ele>3.2000000476837158203125</ele>
        <time>2026-09-06T13:27:20.000Z</time>
        <extensions>
          <ns3:TrackPointExtension>
            <ns3:atemp>31.0</ns3:atemp>
            <ns3:hr>134</ns3:hr>
            <ns3:cad>90</ns3:cad>
          </ns3:TrackPointExtension>
        </extensions>
      </trkpt>
      <trkpt lat="30.89787865988910198211669921875" lon="121.735158450901508331298828125">
        <ele>3.2000000476837158203125</ele>
        <time>2026-09-06T13:27:21.000Z</time>
        <extensions>
          <ns3:TrackPointExtension>
            <ns3:atemp>31.0</ns3:atemp>
            <ns3:hr>135</ns3:hr>
            <ns3:cad>90</ns3:cad>
          </ns3:TrackPointExtension>
        </extensions>
      </trkpt>
      <trkpt lat="30.89790145866572856903076171875" lon="121.735155098140239715576171875">
        <ele>3.2000000476837158203125</ele>
        <time>2026-09-06T13:27:22.000Z</time>
        <extensions>
          <ns3:TrackPointExtension>
            <ns3:atemp>31.0</ns3:atemp>
            <ns3:hr>136</ns3:hr>
            <ns3:cad>90</ns3:cad>
          </ns3:TrackPointExtension>
        </extensions>
      </trkpt>
      <trkpt lat="30.89792693965137004852294921875" lon="121.73515836708247661590576171875">
        <ele>3.2000000476837158203125</ele>
        <time>2026-09-06T13:27:23.000Z</time>
        <extensions>
          <ns3:TrackPointExtension>
            <ns3:atemp>31.0</ns3:atemp>
            <ns3:hr>137</ns3:hr>
            <ns3:cad>89</ns3:cad>
          </ns3:TrackPointExtension>
        </extensions>
      </trkpt>
      <trkpt lat="30.89794890023767948150634765625" lon="121.73515551723539829254150390625">
        <ele>3.2000000476837158203125</ele>
        <time>2026-09-06T13:27:24.000Z</time>
        <extensions>
          <ns3:TrackPointExtension>
            <ns3:atemp>31.0</ns3:atemp>
            <ns3:hr>138</ns3:hr>
            <ns3:cad>89</ns3:cad>
          </ns3:TrackPointExtension>
        </extensions>
      </trkpt>
      <trkpt lat="30.8979758061468601226806640625" lon="121.7351567745208740234375">
        <ele>3.2000000476837158203125</ele>
        <time>2026-09-06T13:27:25.000Z</time>
        <extensions>
          <ns3:TrackPointExtension>
            <ns3:atemp>31.0</ns3:atemp>
            <ns3:hr>138</ns3:hr>
            <ns3:cad>89</ns3:cad>
          </ns3:TrackPointExtension>
        </extensions>
      </trkpt>
      <trkpt lat="30.89799717999994754791259765625" lon="121.7351502366364002227783203125">
        <ele>3.2000000476837158203125</ele>
        <time>2026-09-06T13:27:26.000Z</time>
        <extensions>
          <ns3:TrackPointExtension>
            <ns3:atemp>31.0</ns3:atemp>
            <ns3:hr>139</ns3:hr>
            <ns3:cad>89</ns3:cad>
          </ns3:TrackPointExtension>
        </extensions>
      </trkpt>
      <trkpt lat="30.89802701957523822784423828125" lon="121.73514981754124164581298828125">
        <ele>3.2000000476837158203125</ele>
        <time>2026-09-06T13:27:27.000Z</time>
        <extensions>
          <ns3:TrackPointExtension>
            <ns3:atemp>31.0</ns3:atemp>
            <ns3:hr>139</ns3:hr>
            <ns3:cad>89</ns3:cad>
          </ns3:TrackPointExtension>
        </extensions>
      </trkpt>
      <trkpt lat="30.89804696850478649139404296875" lon="121.735143028199672698974609375">
        <ele>3.2000000476837158203125</ele>
        <time>2026-09-06T13:27:28.000Z</time>
        <extensions>
          <ns3:TrackPointExtension>
            <ns3:atemp>31.0</ns3:atemp>
            <ns3:hr>139</ns3:hr>
            <ns3:cad>88</ns3:cad>
          </ns3:TrackPointExtension>
        </extensions>
      </trkpt>
      <trkpt lat="30.89807580225169658660888671875" lon="121.73514529131352901458740234375">
        <ele>3.2000000476837158203125</ele>
        <time>2026-09-06T13:27:29.000Z</time>
        <extensions>
          <ns3:TrackPointExtension>
            <ns3:atemp>31.0</ns3:atemp>
            <ns3:hr>140</ns3:hr>
            <ns3:cad>88</ns3:cad>
          </ns3:TrackPointExtension>
        </extensions>
      </trkpt>
      <trkpt lat="30.89809675700962543487548828125" lon="121.73513875342905521392822265625">
        <ele>3.2000000476837158203125</ele>
        <time>2026-09-06T13:27:30.000Z</time>
        <extensions>
          <ns3:TrackPointExtension>
            <ns3:atemp>31.0</ns3:atemp>
            <ns3:hr>140</ns3:hr>
            <ns3:cad>88</ns3:cad>
          </ns3:TrackPointExtension>
        </extensions>
      </trkpt>
      <trkpt lat="30.89812475256621837615966796875" lon="121.73514093272387981414794921875">
        <ele>3.2000000476837158203125</ele>
        <time>2026-09-06T13:27:31.000Z</time>
        <extensions>
          <ns3:TrackPointExtension>
            <ns3:atemp>31.0</ns3:atemp>
            <ns3:hr>140</ns3:hr>
            <ns3:cad>89</ns3:cad>
          </ns3:TrackPointExtension>
        </extensions>
      </trkpt>
      <trkpt lat="30.898144952952861785888671875" lon="121.73513338901102542877197265625">
        <ele>3.2000000476837158203125</ele>
        <time>2026-09-06T13:27:32.000Z</time>
        <extensions>
          <ns3:TrackPointExtension>
            <ns3:atemp>31.0</ns3:atemp>
            <ns3:hr>140</ns3:hr>
            <ns3:cad>90</ns3:cad>
          </ns3:TrackPointExtension>
        </extensions>
      </trkpt>
      <trkpt lat="30.898171775043010711669921875" lon="121.73513540066778659820556640625">
        <ele>3.2000000476837158203125</ele>
        <time>2026-09-06T13:27:33.000Z</time>
        <extensions>
          <ns3:TrackPointExtension>
            <ns3:atemp>31.0</ns3:atemp>
            <ns3:hr>140</ns3:hr>
            <ns3:cad>90</ns3:cad>
          </ns3:TrackPointExtension>
        </extensions>
      </trkpt>
      <trkpt lat="30.8981917239725589752197265625" lon="121.73512785695493221282958984375">
        <ele>3.2000000476837158203125</ele>
        <time>2026-09-06T13:27:34.000Z</time>
        <extensions>
          <ns3:TrackPointExtension>
            <ns3:atemp>31.0</ns3:atemp>
            <ns3:hr>141</ns3:hr>
            <ns3:cad>90</ns3:cad>
          </ns3:TrackPointExtension>
        </extensions>
      </trkpt>
      <trkpt lat="30.8982175402343273162841796875" lon="121.73513104207813739776611328125">
        <ele>3.2000000476837158203125</ele>
        <time>2026-09-06T13:27:35.000Z</time>
        <extensions>
          <ns3:TrackPointExtension>
            <ns3:atemp>31.0</ns3:atemp>
            <ns3:hr>141</ns3:hr>
            <ns3:cad>90</ns3:cad>
          </ns3:TrackPointExtension>
        </extensions>
      </trkpt>
      <trkpt lat="30.8982376568019390106201171875" lon="121.7351237498223781585693359375">
        <ele>3.2000000476837158203125</ele>
        <time>2026-09-06T13:27:36.000Z</time>
        <extensions>
          <ns3:TrackPointExtension>
            <ns3:atemp>31.0</ns3:atemp>
            <ns3:hr>141</ns3:hr>
            <ns3:cad>91</ns3:cad>
          </ns3:TrackPointExtension>
        </extensions>
      </trkpt>
      <trkpt lat="30.89826322160661220550537109375" lon="121.735124923288822174072265625">
        <ele>3.2000000476837158203125</ele>
        <time>2026-09-06T13:27:37.000Z</time>
        <extensions>
          <ns3:TrackPointExtension>
            <ns3:atemp>31.0</ns3:atemp>
            <ns3:hr>141</ns3:hr>
            <ns3:cad>91</ns3:cad>
          </ns3:TrackPointExtension>
        </extensions>
      </trkpt>
      <trkpt lat="30.89828501455485820770263671875" lon="121.73511930741369724273681640625">
        <ele>3.2000000476837158203125</ele>
        <time>2026-09-06T13:27:38.000Z</time>
        <extensions>
          <ns3:TrackPointExtension>
            <ns3:atemp>31.0</ns3:atemp>
            <ns3:hr>142</ns3:hr>
            <ns3:cad>90</ns3:cad>
          </ns3:TrackPointExtension>
        </extensions>
      </trkpt>
      <trkpt lat="30.898311249911785125732421875" lon="121.7351203970611095428466796875">
        <ele>3.2000000476837158203125</ele>
        <time>2026-09-06T13:27:39.000Z</time>
        <extensions>
          <ns3:TrackPointExtension>
            <ns3:atemp>31.0</ns3:atemp>
            <ns3:hr>142</ns3:hr>
            <ns3:cad>90</ns3:cad>
          </ns3:TrackPointExtension>
        </extensions>
      </trkpt>
      <trkpt lat="30.898332707583904266357421875" lon="121.73511226661503314971923828125">
        <ele>3.2000000476837158203125</ele>
        <time>2026-09-06T13:27:40.000Z</time>
        <extensions>
          <ns3:TrackPointExtension>
            <ns3:atemp>31.0</ns3:atemp>
            <ns3:hr>142</ns3:hr>
            <ns3:cad>90</ns3:cad>
          </ns3:TrackPointExtension>
        </extensions>
      </trkpt>
      <trkpt lat="30.89836212806403636932373046875" lon="121.7351110093295574188232421875">
        <ele>3.2000000476837158203125</ele>
        <time>2026-09-06T13:27:41.000Z</time>
        <extensions>
          <ns3:TrackPointExtension>
            <ns3:atemp>31.0</ns3:atemp>
            <ns3:hr>142</ns3:hr>
            <ns3:cad>90</ns3:cad>
          </ns3:TrackPointExtension>
        </extensions>
      </trkpt>
      <trkpt lat="30.8983811549842357635498046875" lon="121.73510556109249591827392578125">
        <ele>3.2000000476837158203125</ele>
        <time>2026-09-06T13:27:42.000Z</time>
        <extensions>
          <ns3:TrackPointExtension>
            <ns3:atemp>31.0</ns3:atemp>
            <ns3:hr>143</ns3:hr>
            <ns3:cad>90</ns3:cad>
          </ns3:TrackPointExtension>
        </extensions>
      </trkpt>
      <trkpt lat="30.8984083123505115509033203125" lon="121.73510572873055934906005859375">
        <ele>3.400000095367431640625</ele>
        <time>2026-09-06T13:27:43.000Z</time>
        <extensions>
          <ns3:TrackPointExtension>
            <ns3:atemp>31.0</ns3:atemp>
            <ns3:hr>143</ns3:hr>
            <ns3:cad>90</ns3:cad>
          </ns3:TrackPointExtension>
        </extensions>
      </trkpt>
      <trkpt lat="30.89842432178556919097900390625" lon="121.7351039685308933258056640625">
        <ele>3.400000095367431640625</ele>
        <time>2026-09-06T13:27:44.000Z</time>
        <extensions>
          <ns3:TrackPointExtension>
            <ns3:atemp>31.0</ns3:atemp>
            <ns3:hr>146</ns3:hr>
            <ns3:cad>89</ns3:cad>
          </ns3:TrackPointExtension>
        </extensions>
      </trkpt>
      <trkpt lat="30.89845038950443267822265625" lon="121.7351043038070201873779296875">
        <ele>3.400000095367431640625</ele>
        <time>2026-09-06T13:27:45.000Z</time>
        <extensions>
          <ns3:TrackPointExtension>
            <ns3:atemp>31.0</ns3:atemp>
            <ns3:hr>147</ns3:hr>
            <ns3:cad>88</ns3:cad>
          </ns3:TrackPointExtension>
        </extensions>
      </trkpt>
      <trkpt lat="30.89846908114850521087646484375" lon="121.73510086722671985626220703125">
        <ele>3.400000095367431640625</ele>
        <time>2026-09-06T13:27:46.000Z</time>
        <extensions>
          <ns3:TrackPointExtension>
            <ns3:atemp>31.0</ns3:atemp>
            <ns3:hr>147</ns3:hr>
            <ns3:cad>88</ns3:cad>
          </ns3:TrackPointExtension>
        </extensions>
      </trkpt>
      <trkpt lat="30.898496322333812713623046875" lon="121.73509919084608554840087890625">
        <ele>3.400000095367431640625</ele>
        <time>2026-09-06T13:27:47.000Z</time>
        <extensions>
          <ns3:TrackPointExtension>
            <ns3:atemp>31.0</ns3:atemp>
            <ns3:hr>147</ns3:hr>
            <ns3:cad>88</ns3:cad>
          </ns3:TrackPointExtension>
        </extensions>
      </trkpt>
      <trkpt lat="30.8985166065394878387451171875" lon="121.7350979335606098175048828125">
        <ele>3.400000095367431640625</ele>
        <time>2026-09-06T13:27:48.000Z</time>
        <extensions>
          <ns3:TrackPointExtension>
            <ns3:atemp>31.0</ns3:atemp>
            <ns3:hr>148</ns3:hr>
            <ns3:cad>89</ns3:cad>
          </ns3:TrackPointExtension>
        </extensions>
      </trkpt>
      <trkpt lat="30.89854368008673191070556640625" lon="121.73509181477129459381103515625">
        <ele>3.400000095367431640625</ele>
        <time>2026-09-06T13:27:49.000Z</time>
        <extensions>
          <ns3:TrackPointExtension>
            <ns3:atemp>31.0</ns3:atemp>
            <ns3:hr>147</ns3:hr>
            <ns3:cad>89</ns3:cad>
          </ns3:TrackPointExtension>
        </extensions>
      </trkpt>
      <trkpt lat="30.89856572449207305908203125" lon="121.735093407332897186279296875">
        <ele>3.599999904632568359375</ele>
        <time>2026-09-06T13:27:50.000Z</time>
        <extensions>
          <ns3:TrackPointExtension>
            <ns3:atemp>31.0</ns3:atemp>
            <ns3:hr>147</ns3:hr>
            <ns3:cad>88</ns3:cad>
          </ns3:TrackPointExtension>
        </extensions>
      </trkpt>
      <trkpt lat="30.898591540753841400146484375" lon="121.7350895516574382781982421875">
        <ele>3.599999904632568359375</ele>
        <time>2026-09-06T13:27:51.000Z</time>
        <extensions>
          <ns3:TrackPointExtension>
            <ns3:atemp>31.0</ns3:atemp>
            <ns3:hr>147</ns3:hr>
            <ns3:cad>88</ns3:cad>
          </ns3:TrackPointExtension>
        </extensions>
      </trkpt>
      <trkpt lat="30.89861509390175342559814453125" lon="121.735087372362613677978515625">
        <ele>3.599999904632568359375</ele>
        <time>2026-09-06T13:27:52.000Z</time>
        <extensions>
          <ns3:TrackPointExtension>
            <ns3:atemp>31.0</ns3:atemp>
            <ns3:hr>147</ns3:hr>
            <ns3:cad>88</ns3:cad>
          </ns3:TrackPointExtension>
        </extensions>
      </trkpt>
      <trkpt lat="30.8986389823257923126220703125" lon="121.73508158884942531585693359375">
        <ele>3.599999904632568359375</ele>
        <time>2026-09-06T13:27:53.000Z</time>
        <extensions>
          <ns3:TrackPointExtension>
            <ns3:atemp>31.0</ns3:atemp>
            <ns3:hr>147</ns3:hr>
            <ns3:cad>89</ns3:cad>
          </ns3:TrackPointExtension>
        </extensions>
      </trkpt>
      <trkpt lat="30.8986637927591800689697265625" lon="121.73508075065910816192626953125">
        <ele>3.400000095367431640625</ele>
        <time>2026-09-06T13:27:54.000Z</time>
        <extensions>
          <ns3:TrackPointExtension>
            <ns3:atemp>31.0</ns3:atemp>
            <ns3:hr>147</ns3:hr>
            <ns3:cad>89</ns3:cad>
          </ns3:TrackPointExtension>
        </extensions>
      </trkpt>
      <trkpt lat="30.89868533425033092498779296875" lon="121.73507563769817352294921875">
        <ele>3.599999904632568359375</ele>
        <time>2026-09-06T13:27:55.000Z</time>
        <extensions>
          <ns3:TrackPointExtension>
            <ns3:atemp>31.0</ns3:atemp>
            <ns3:hr>147</ns3:hr>
            <ns3:cad>88</ns3:cad>
          </ns3:TrackPointExtension>
        </extensions>
      </trkpt>
      <trkpt lat="30.89871182106435298919677734375" lon="121.73507320694625377655029296875">
        <ele>3.400000095367431640625</ele>
        <time>2026-09-06T13:27:56.000Z</time>
        <extensions>
          <ns3:TrackPointExtension>
            <ns3:atemp>31.0</ns3:atemp>
            <ns3:hr>146</ns3:hr>
            <ns3:cad>88</ns3:cad>
          </ns3:TrackPointExtension>
        </extensions>
      </trkpt>
      <trkpt lat="30.8987358771264553070068359375" lon="121.73506356775760650634765625">
        <ele>3.400000095367431640625</ele>
        <time>2026-09-06T13:27:57.000Z</time>
        <extensions>
          <ns3:TrackPointExtension>
            <ns3:atemp>31.0</ns3:atemp>
            <ns3:hr>147</ns3:hr>
            <ns3:cad>88</ns3:cad>
          </ns3:TrackPointExtension>
        </extensions>
      </trkpt>
      <trkpt lat="30.89876462705433368682861328125" lon="121.7350607179105281829833984375">
        <ele>3.400000095367431640625</ele>
        <time>2026-09-06T13:27:58.000Z</time>
        <extensions>
          <ns3:TrackPointExtension>
            <ns3:atemp>31.0</ns3:atemp>
            <ns3:hr>147</ns3:hr>
            <ns3:cad>89</ns3:cad>
          </ns3:TrackPointExtension>
        </extensions>
      </trkpt>
      <trkpt lat="30.89878742583096027374267578125" lon="121.73505820333957672119140625">
        <ele>3.400000095367431640625</ele>
        <time>2026-09-06T13:27:59.000Z</time>
        <extensions>
          <ns3:TrackPointExtension>
            <ns3:atemp>31.0</ns3:atemp>
            <ns3:hr>147</ns3:hr>
            <ns3:cad>89</ns3:cad>
          </ns3:TrackPointExtension>
        </extensions>
      </trkpt>
      <trkpt lat="30.898814164102077484130859375" lon="121.73506557941436767578125">
        <ele>3.400000095367431640625</ele>
        <time>2026-09-06T13:28:00.000Z</time>
        <extensions>
          <ns3:TrackPointExtension>
            <ns3:atemp>31.0</ns3:atemp>
            <ns3:hr>147</ns3:hr>
            <ns3:cad>89</ns3:cad>
          </ns3:TrackPointExtension>
        </extensions>
      </trkpt>
      <trkpt lat="30.89883805252611637115478515625" lon="121.735062561929225921630859375">
        <ele>3.400000095367431640625</ele>
        <time>2026-09-06T13:28:01.000Z</time>
        <extensions>
          <ns3:TrackPointExtension>
            <ns3:atemp>31.0</ns3:atemp>
            <ns3:hr>147</ns3:hr>
            <ns3:cad>89</ns3:cad>
          </ns3:TrackPointExtension>
        </extensions>
      </trkpt>
      <trkpt lat="30.89886722154915332794189453125" lon="121.73506365157663822174072265625">
        <ele>3.400000095367431640625</ele>
        <time>2026-09-06T13:28:02.000Z</time>
        <extensions>
          <ns3:TrackPointExtension>
            <ns3:atemp>31.0</ns3:atemp>
            <ns3:hr>147</ns3:hr>
            <ns3:cad>88</ns3:cad>
          </ns3:TrackPointExtension>
        </extensions>
      </trkpt>
      <trkpt lat="30.8988917805254459381103515625" lon="121.735059209167957305908203125">
        <ele>3.400000095367431640625</ele>
        <time>2026-09-06T13:28:03.000Z</time>
        <extensions>
          <ns3:TrackPointExtension>
            <ns3:atemp>31.0</ns3:atemp>
            <ns3:hr>148</ns3:hr>
            <ns3:cad>88</ns3:cad>
          </ns3:TrackPointExtension>
        </extensions>
      </trkpt>
      <trkpt lat="30.89892069809138774871826171875" lon="121.73505954444408416748046875">
        <ele>3.599999904632568359375</ele>
        <time>2026-09-06T13:28:04.000Z</time>
        <extensions>
          <ns3:TrackPointExtension>
            <ns3:atemp>31.0</ns3:atemp>
            <ns3:hr>148</ns3:hr>
            <ns3:cad>89</ns3:cad>
          </ns3:TrackPointExtension>
        </extensions>
      </trkpt>
      <trkpt lat="30.89894768781960010528564453125" lon="121.73505485057830810546875">
        <ele>3.599999904632568359375</ele>
        <time>2026-09-06T13:28:05.000Z</time>
        <extensions>
          <ns3:TrackPointExtension>
            <ns3:atemp>30.0</ns3:atemp>
            <ns3:hr>148</ns3:hr>
            <ns3:cad>89</ns3:cad>
          </ns3:TrackPointExtension>
        </extensions>
      </trkpt>
      <trkpt lat="30.89897744357585906982421875" lon="121.73505577258765697479248046875">
        <ele>3.599999904632568359375</ele>
        <time>2026-09-06T13:28:06.000Z</time>
        <extensions>
          <ns3:TrackPointExtension>
            <ns3:atemp>31.0</ns3:atemp>
            <ns3:hr>149</ns3:hr>
            <ns3:cad>89</ns3:cad>
          </ns3:TrackPointExtension>
        </extensions>
      </trkpt>
      <trkpt lat="30.8990027569234371185302734375" lon="121.73505174927413463592529296875">
        <ele>3.599999904632568359375</ele>
        <time>2026-09-06T13:28:07.000Z</time>
        <extensions>
          <ns3:TrackPointExtension>
            <ns3:atemp>31.0</ns3:atemp>
            <ns3:hr>150</ns3:hr>
            <ns3:cad>90</ns3:cad>
          </ns3:TrackPointExtension>
        </extensions>
      </trkpt>
      <trkpt lat="30.8990295790135860443115234375" lon="121.73505191691219806671142578125">
        <ele>3.7999999523162841796875</ele>
        <time>2026-09-06T13:28:08.000Z</time>
        <extensions>
          <ns3:TrackPointExtension>
            <ns3:atemp>31.0</ns3:atemp>
            <ns3:hr>150</ns3:hr>
            <ns3:cad>90</ns3:cad>
          </ns3:TrackPointExtension>
        </extensions>
      </trkpt>
      <trkpt lat="30.89905480854213237762451171875" lon="121.7350486479699611663818359375">
        <ele>3.7999999523162841796875</ele>
        <time>2026-09-06T13:28:09.000Z</time>
        <extensions>
          <ns3:TrackPointExtension>
            <ns3:atemp>31.0</ns3:atemp>
            <ns3:hr>151</ns3:hr>
            <ns3:cad>90</ns3:cad>
          </ns3:TrackPointExtension>
        </extensions>
      </trkpt>
      <trkpt lat="30.899077691137790679931640625" lon="121.7350456304848194122314453125">
        <ele>3.7999999523162841796875</ele>
        <time>2026-09-06T13:28:10.000Z</time>
        <extensions>
          <ns3:TrackPointExtension>
            <ns3:atemp>31.0</ns3:atemp>
            <ns3:hr>152</ns3:hr>
            <ns3:cad>91</ns3:cad>
          </ns3:TrackPointExtension>
        </extensions>
      </trkpt>
      <trkpt lat="30.89910107664763927459716796875" lon="121.7350406013429164886474609375">
        <ele>3.7999999523162841796875</ele>
        <time>2026-09-06T13:28:11.000Z</time>
        <extensions>
          <ns3:TrackPointExtension>
            <ns3:atemp>30.0</ns3:atemp>
            <ns3:hr>152</ns3:hr>
            <ns3:cad>91</ns3:cad>
          </ns3:TrackPointExtension>
        </extensions>
      </trkpt>
      <trkpt lat="30.8991269767284393310546875" lon="121.73504076898097991943359375">
        <ele>3.599999904632568359375</ele>
        <time>2026-09-06T13:28:12.000Z</time>
        <extensions>
          <ns3:TrackPointExtension>
            <ns3:atemp>30.0</ns3:atemp>
            <ns3:hr>153</ns3:hr>
            <ns3:cad>90</ns3:cad>
          </ns3:TrackPointExtension>
        </extensions>
      </trkpt>
      <trkpt lat="30.89914969168603420257568359375" lon="121.735036410391330718994140625">
        <ele>3.599999904632568359375</ele>
        <time>2026-09-06T13:28:13.000Z</time>
        <extensions>
          <ns3:TrackPointExtension>
            <ns3:atemp>30.0</ns3:atemp>
            <ns3:hr>154</ns3:hr>
            <ns3:cad>90</ns3:cad>
          </ns3:TrackPointExtension>
        </extensions>
      </trkpt>
      <trkpt lat="30.8991757594048976898193359375" lon="121.7350365780293941497802734375">
        <ele>3.400000095367431640625</ele>
        <time>2026-09-06T13:28:14.000Z</time>
        <extensions>
          <ns3:TrackPointExtension>
            <ns3:atemp>30.0</ns3:atemp>
            <ns3:hr>154</ns3:hr>
            <ns3:cad>90</ns3:cad>
          </ns3:TrackPointExtension>
        </extensions>
      </trkpt>
      <trkpt lat="30.8991995640099048614501953125" lon="121.73503079451620578765869140625">
        <ele>3.400000095367431640625</ele>
        <time>2026-09-06T13:28:15.000Z</time>
        <extensions>
          <ns3:TrackPointExtension>
            <ns3:atemp>30.0</ns3:atemp>
            <ns3:hr>155</ns3:hr>
            <ns3:cad>90</ns3:cad>
          </ns3:TrackPointExtension>
        </extensions>
      </trkpt>
      <trkpt lat="30.8992240391671657562255859375" lon="121.73503062687814235687255859375">
        <ele>3.599999904632568359375</ele>
        <time>2026-09-06T13:28:16.000Z</time>
        <extensions>
          <ns3:TrackPointExtension>
            <ns3:atemp>30.0</ns3:atemp>
            <ns3:hr>155</ns3:hr>
            <ns3:cad>90</ns3:cad>
          </ns3:TrackPointExtension>
        </extensions>
      </trkpt>
      <trkpt lat="30.899246670305728912353515625" lon="121.735025346279144287109375">
        <ele>3.599999904632568359375</ele>
        <time>2026-09-06T13:28:17.000Z</time>
        <extensions>
          <ns3:TrackPointExtension>
            <ns3:atemp>31.0</ns3:atemp>
            <ns3:hr>155</ns3:hr>
            <ns3:cad>90</ns3:cad>
          </ns3:TrackPointExtension>
        </extensions>
      </trkpt>
      <trkpt lat="30.89927307330071926116943359375" lon="121.73502543009817600250244140625">
        <ele>3.599999904632568359375</ele>
        <time>2026-09-06T13:28:18.000Z</time>
        <extensions>
          <ns3:TrackPointExtension>
            <ns3:atemp>30.0</ns3:atemp>
            <ns3:hr>155</ns3:hr>
            <ns3:cad>89</ns3:cad>
          </ns3:TrackPointExtension>
        </extensions>
      </trkpt>
      <trkpt lat="30.899294950067996978759765625" lon="121.73501704819500446319580078125">
        <ele>3.599999904632568359375</ele>
        <time>2026-09-06T13:28:19.000Z</time>
        <extensions>
          <ns3:TrackPointExtension>
            <ns3:atemp>30.0</ns3:atemp>
            <ns3:hr>155</ns3:hr>
            <ns3:cad>89</ns3:cad>
          </ns3:TrackPointExtension>
        </extensions>
      </trkpt>
      <trkpt lat="30.89932068251073360443115234375" lon="121.73501797020435333251953125">
        <ele>3.599999904632568359375</ele>
        <time>2026-09-06T13:28:20.000Z</time>
        <extensions>
          <ns3:TrackPointExtension>
            <ns3:atemp>30.0</ns3:atemp>
            <ns3:hr>155</ns3:hr>
            <ns3:cad>90</ns3:cad>
          </ns3:TrackPointExtension>
        </extensions>
      </trkpt>
      <trkpt lat="30.899343229830265045166015625" lon="121.73501352779567241668701171875">
        <ele>3.599999904632568359375</ele>
        <time>2026-09-06T13:28:21.000Z</time>
        <extensions>
          <ns3:TrackPointExtension>
            <ns3:atemp>30.0</ns3:atemp>
            <ns3:hr>155</ns3:hr>
            <ns3:cad>90</ns3:cad>
          </ns3:TrackPointExtension>
        </extensions>
      </trkpt>
      <trkpt lat="30.89937013573944568634033203125" lon="121.735012941062450408935546875">
        <ele>3.599999904632568359375</ele>
        <time>2026-09-06T13:28:22.000Z</time>
        <extensions>
          <ns3:TrackPointExtension>
            <ns3:atemp>30.0</ns3:atemp>
            <ns3:hr>155</ns3:hr>
            <ns3:cad>89</ns3:cad>
          </ns3:TrackPointExtension>
        </extensions>
      </trkpt>
      <trkpt lat="30.89939184486865997314453125" lon="121.7350079119205474853515625">
        <ele>3.7999999523162841796875</ele>
        <time>2026-09-06T13:28:23.000Z</time>
        <extensions>
          <ns3:TrackPointExtension>
            <ns3:atemp>30.0</ns3:atemp>
            <ns3:hr>155</ns3:hr>
            <ns3:cad>89</ns3:cad>
          </ns3:TrackPointExtension>
        </extensions>
      </trkpt>
      <trkpt lat="30.89942076243460178375244140625" lon="121.735009588301181793212890625">
        <ele>3.7999999523162841796875</ele>
        <time>2026-09-06T13:28:24.000Z</time>
        <extensions>
          <ns3:TrackPointExtension>
            <ns3:atemp>30.0</ns3:atemp>
            <ns3:hr>155</ns3:hr>
            <ns3:cad>89</ns3:cad>
          </ns3:TrackPointExtension>
        </extensions>
      </trkpt>
      <trkpt lat="30.89944305829703807830810546875" lon="121.73500162549316883087158203125">
        <ele>3.7999999523162841796875</ele>
        <time>2026-09-06T13:28:25.000Z</time>
        <extensions>
          <ns3:TrackPointExtension>
            <ns3:atemp>30.0</ns3:atemp>
            <ns3:hr>156</ns3:hr>
            <ns3:cad>89</ns3:cad>
          </ns3:TrackPointExtension>
        </extensions>
      </trkpt>
      <trkpt lat="30.8994731493294239044189453125" lon="121.735002882778644561767578125">
        <ele>4</ele>
        <time>2026-09-06T13:28:26.000Z</time>
        <extensions>
          <ns3:TrackPointExtension>
            <ns3:atemp>30.0</ns3:atemp>
            <ns3:hr>156</ns3:hr>
            <ns3:cad>89</ns3:cad>
          </ns3:TrackPointExtension>
        </extensions>
      </trkpt>
      <trkpt lat="30.89949418790638446807861328125" lon="121.7349963448941707611083984375">
        <ele>4</ele>
        <time>2026-09-06T13:28:27.000Z</time>
        <extensions>
          <ns3:TrackPointExtension>
            <ns3:atemp>30.0</ns3:atemp>
            <ns3:hr>156</ns3:hr>
            <ns3:cad>89</ns3:cad>
          </ns3:TrackPointExtension>
        </extensions>
      </trkpt>
      <trkpt lat="30.89952251873910427093505859375" lon="121.73499860800802707672119140625">
        <ele>4</ele>
        <time>2026-09-06T13:28:28.000Z</time>
        <extensions>
          <ns3:TrackPointExtension>
            <ns3:atemp>30.0</ns3:atemp>
            <ns3:hr>155</ns3:hr>
            <ns3:cad>88</ns3:cad>
          </ns3:TrackPointExtension>
        </extensions>
      </trkpt>
      <trkpt lat="30.89954230003058910369873046875" lon="121.73499190248548984527587890625">
        <ele>4</ele>
        <time>2026-09-06T13:28:29.000Z</time>
        <extensions>
          <ns3:TrackPointExtension>
            <ns3:atemp>30.0</ns3:atemp>
            <ns3:hr>156</ns3:hr>
            <ns3:cad>88</ns3:cad>
          </ns3:TrackPointExtension>
        </extensions>
      </trkpt>
      <trkpt lat="30.8995723910629749298095703125" lon="121.73499072901904582977294921875">
        <ele>4</ele>
        <time>2026-09-06T13:28:30.000Z</time>
        <extensions>
          <ns3:TrackPointExtension>
            <ns3:atemp>30.0</ns3:atemp>
            <ns3:hr>156</ns3:hr>
            <ns3:cad>88</ns3:cad>
          </ns3:TrackPointExtension>
        </extensions>
      </trkpt>
      <trkpt lat="30.8995918370783329010009765625" lon="121.73498469404876232147216796875">
        <ele>4</ele>
        <time>2026-09-06T13:28:31.000Z</time>
        <extensions>
          <ns3:TrackPointExtension>
            <ns3:atemp>30.0</ns3:atemp>
            <ns3:hr>156</ns3:hr>
            <ns3:cad>90</ns3:cad>
          </ns3:TrackPointExtension>
        </extensions>
      </trkpt>
      <trkpt lat="30.8996220119297504425048828125" lon="121.7349832691252231597900390625">
        <ele>4.19999980926513671875</ele>
        <time>2026-09-06T13:28:32.000Z</time>
        <extensions>
          <ns3:TrackPointExtension>
            <ns3:atemp>30.0</ns3:atemp>
            <ns3:hr>156</ns3:hr>
            <ns3:cad>90</ns3:cad>
          </ns3:TrackPointExtension>
        </extensions>
      </trkpt>
      <trkpt lat="30.8996448107063770294189453125" lon="121.7349784076213836669921875">
        <ele>4</ele>
        <time>2026-09-06T13:28:33.000Z</time>
        <extensions>
          <ns3:TrackPointExtension>
            <ns3:atemp>30.0</ns3:atemp>
            <ns3:hr>156</ns3:hr>
            <ns3:cad>90</ns3:cad>
          </ns3:TrackPointExtension>
        </extensions>
      </trkpt>
      <trkpt lat="30.89967490173876285552978515625" lon="121.7349745519459247589111328125">
        <ele>4</ele>
        <time>2026-09-06T13:28:34.000Z</time>
        <extensions>
          <ns3:TrackPointExtension>
            <ns3:atemp>30.0</ns3:atemp>
            <ns3:hr>157</ns3:hr>
            <ns3:cad>88</ns3:cad>
          </ns3:TrackPointExtension>
        </extensions>
      </trkpt>
      <trkpt lat="30.899694263935089111328125" lon="121.7349728755652904510498046875">
        <ele>4</ele>
        <time>2026-09-06T13:28:35.000Z</time>
        <extensions>
          <ns3:TrackPointExtension>
            <ns3:atemp>30.0</ns3:atemp>
            <ns3:hr>157</ns3:hr>
            <ns3:cad>87</ns3:cad>
          </ns3:TrackPointExtension>
        </extensions>
      </trkpt>
      <trkpt lat="30.89972066693007946014404296875" lon="121.73496625386178493499755859375">
        <ele>4</ele>
        <time>2026-09-06T13:28:36.000Z</time>
        <extensions>
          <ns3:TrackPointExtension>
            <ns3:atemp>30.0</ns3:atemp>
            <ns3:hr>157</ns3:hr>
            <ns3:cad>87</ns3:cad>
          </ns3:TrackPointExtension>
        </extensions>
      </trkpt>
      <trkpt lat="30.8997433818876743316650390625" lon="121.73496290110051631927490234375">
        <ele>4</ele>
        <time>2026-09-06T13:28:37.000Z</time>
        <extensions>
          <ns3:TrackPointExtension>
            <ns3:atemp>30.0</ns3:atemp>
            <ns3:hr>157</ns3:hr>
            <ns3:cad>89</ns3:cad>
          </ns3:TrackPointExtension>
        </extensions>
      </trkpt>
      <trkpt lat="30.89976735413074493408203125" lon="121.7349594645202159881591796875">
        <ele>4</ele>
        <time>2026-09-06T13:28:38.000Z</time>
        <extensions>
          <ns3:TrackPointExtension>
            <ns3:atemp>30.0</ns3:atemp>
            <ns3:hr>157</ns3:hr>
            <ns3:cad>89</ns3:cad>
          </ns3:TrackPointExtension>
        </extensions>
      </trkpt>
      <trkpt lat="30.8997906558215618133544921875" lon="121.7349611409008502960205078125">
        <ele>4.19999980926513671875</ele>
        <time>2026-09-06T13:28:39.000Z</time>
        <extensions>
          <ns3:TrackPointExtension>
            <ns3:atemp>30.0</ns3:atemp>
            <ns3:hr>158</ns3:hr>
            <ns3:cad>88</ns3:cad>
          </ns3:TrackPointExtension>
        </extensions>
      </trkpt>
      <trkpt lat="30.89981303550302982330322265625" lon="121.7349524237215518951416015625">
        <ele>4.19999980926513671875</ele>
        <time>2026-09-06T13:28:40.000Z</time>
        <extensions>
          <ns3:TrackPointExtension>
            <ns3:atemp>30.0</ns3:atemp>
            <ns3:hr>158</ns3:hr>
            <ns3:cad>88</ns3:cad>
          </ns3:TrackPointExtension>
        </extensions>
      </trkpt>
      <trkpt lat="30.8998416177928447723388671875" lon="121.73495233990252017974853515625">
        <ele>4.19999980926513671875</ele>
        <time>2026-09-06T13:28:41.000Z</time>
        <extensions>
          <ns3:TrackPointExtension>
            <ns3:atemp>30.0</ns3:atemp>
            <ns3:hr>158</ns3:hr>
            <ns3:cad>88</ns3:cad>
          </ns3:TrackPointExtension>
        </extensions>
      </trkpt>
      <trkpt lat="30.89986215345561504364013671875" lon="121.734946556389331817626953125">
        <ele>4</ele>
        <time>2026-09-06T13:28:42.000Z</time>
        <extensions>
          <ns3:TrackPointExtension>
            <ns3:atemp>30.0</ns3:atemp>
            <ns3:hr>158</ns3:hr>
            <ns3:cad>88</ns3:cad>
          </ns3:TrackPointExtension>
        </extensions>
      </trkpt>
      <trkpt lat="30.89989350177347660064697265625" lon="121.734946556389331817626953125">
        <ele>4</ele>
        <time>2026-09-06T13:28:43.000Z</time>
        <extensions>
          <ns3:TrackPointExtension>
            <ns3:atemp>30.0</ns3:atemp>
            <ns3:hr>158</ns3:hr>
            <ns3:cad>89</ns3:cad>
          </ns3:TrackPointExtension>
        </extensions>
      </trkpt>
      <trkpt lat="30.89991219341754913330078125" lon="121.73494328744709491729736328125">
        <ele>4</ele>
        <time>2026-09-06T13:28:44.000Z</time>
        <extensions>
          <ns3:TrackPointExtension>
            <ns3:atemp>30.0</ns3:atemp>
            <ns3:hr>159</ns3:hr>
            <ns3:cad>89</ns3:cad>
          </ns3:TrackPointExtension>
        </extensions>
      </trkpt>
      <trkpt lat="30.8999423682689666748046875" lon="121.73494295217096805572509765625">
        <ele>4</ele>
        <time>2026-09-06T13:28:45.000Z</time>
        <extensions>
          <ns3:TrackPointExtension>
            <ns3:atemp>30.0</ns3:atemp>
            <ns3:hr>159</ns3:hr>
            <ns3:cad>87</ns3:cad>
          </ns3:TrackPointExtension>
        </extensions>
      </trkpt>
      <trkpt lat="30.8999626524746417999267578125" lon="121.73493742011487483978271484375">
        <ele>4</ele>
        <time>2026-09-06T13:28:46.000Z</time>
        <extensions>
          <ns3:TrackPointExtension>
            <ns3:atemp>30.0</ns3:atemp>
            <ns3:hr>159</ns3:hr>
            <ns3:cad>86</ns3:cad>
          </ns3:TrackPointExtension>
        </extensions>
      </trkpt>
      <trkpt lat="30.8999901451170444488525390625" lon="121.73493406735360622406005859375">
        <ele>4</ele>
        <time>2026-09-06T13:28:47.000Z</time>
        <extensions>
          <ns3:TrackPointExtension>
            <ns3:atemp>30.0</ns3:atemp>
            <ns3:hr>159</ns3:hr>
            <ns3:cad>86</ns3:cad>
          </ns3:TrackPointExtension>
        </extensions>
      </trkpt>
      <trkpt lat="30.900010429322719573974609375" lon="121.734931133687496185302734375">
        <ele>4.19999980926513671875</ele>
        <time>2026-09-06T13:28:48.000Z</time>
        <extensions>
          <ns3:TrackPointExtension>
            <ns3:atemp>30.0</ns3:atemp>
            <ns3:hr>158</ns3:hr>
            <ns3:cad>87</ns3:cad>
          </ns3:TrackPointExtension>
        </extensions>
      </trkpt>
      <trkpt lat="30.90003482066094875335693359375" lon="121.734924428164958953857421875">
        <ele>4.19999980926513671875</ele>
        <time>2026-09-06T13:28:49.000Z</time>
        <extensions>
          <ns3:TrackPointExtension>
            <ns3:atemp>30.0</ns3:atemp>
            <ns3:hr>158</ns3:hr>
            <ns3:cad>88</ns3:cad>
          </ns3:TrackPointExtension>
        </extensions>
      </trkpt>
      <trkpt lat="30.900058709084987640380859375" lon="121.7349222488701343536376953125">
        <ele>4.19999980926513671875</ele>
        <time>2026-09-06T13:28:50.000Z</time>
        <extensions>
          <ns3:TrackPointExtension>
            <ns3:atemp>30.0</ns3:atemp>
            <ns3:hr>158</ns3:hr>
            <ns3:cad>88</ns3:cad>
          </ns3:TrackPointExtension>
        </extensions>
      </trkpt>
      <trkpt lat="30.90008117258548736572265625" lon="121.73491696827113628387451171875">
        <ele>4.19999980926513671875</ele>
        <time>2026-09-06T13:28:51.000Z</time>
        <extensions>
          <ns3:TrackPointExtension>
            <ns3:atemp>30.0</ns3:atemp>
            <ns3:hr>158</ns3:hr>
            <ns3:cad>87</ns3:cad>
          </ns3:TrackPointExtension>
        </extensions>
      </trkpt>
      <trkpt lat="30.90011143125593662261962890625" lon="121.73491562716662883758544921875">
        <ele>4</ele>
        <time>2026-09-06T13:28:52.000Z</time>
        <extensions>
          <ns3:TrackPointExtension>
            <ns3:atemp>30.0</ns3:atemp>
            <ns3:hr>158</ns3:hr>
            <ns3:cad>87</ns3:cad>
          </ns3:TrackPointExtension>
        </extensions>
      </trkpt>
      <trkpt lat="30.9001346491277217864990234375" lon="121.7349111847579479217529296875">
        <ele>4</ele>
        <time>2026-09-06T13:28:53.000Z</time>
        <extensions>
          <ns3:TrackPointExtension>
            <ns3:atemp>30.0</ns3:atemp>
            <ns3:hr>158</ns3:hr>
            <ns3:cad>87</ns3:cad>
          </ns3:TrackPointExtension>
        </extensions>
      </trkpt>
      <trkpt lat="30.90016624890267848968505859375" lon="121.73491478897631168365478515625">
        <ele>4</ele>
        <time>2026-09-06T13:28:54.000Z</time>
        <extensions>
          <ns3:TrackPointExtension>
            <ns3:atemp>30.0</ns3:atemp>
            <ns3:hr>158</ns3:hr>
            <ns3:cad>88</ns3:cad>
          </ns3:TrackPointExtension>
        </extensions>
      </trkpt>
      <trkpt lat="30.90018435381352901458740234375" lon="121.7349101789295673370361328125">
        <ele>4</ele>
        <time>2026-09-06T13:28:55.000Z</time>
        <extensions>
          <ns3:TrackPointExtension>
            <ns3:atemp>30.0</ns3:atemp>
            <ns3:hr>158</ns3:hr>
            <ns3:cad>87</ns3:cad>
          </ns3:TrackPointExtension>
        </extensions>
      </trkpt>
      <trkpt lat="30.90021486394107341766357421875" lon="121.73490934073925018310546875">
        <ele>4</ele>
        <time>2026-09-06T13:28:56.000Z</time>
        <extensions>
          <ns3:TrackPointExtension>
            <ns3:atemp>30.0</ns3:atemp>
            <ns3:hr>159</ns3:hr>
            <ns3:cad>86</ns3:cad>
          </ns3:TrackPointExtension>
        </extensions>
      </trkpt>
      <trkpt lat="30.9002348966896533966064453125" lon="121.73490665853023529052734375">
        <ele>4.19999980926513671875</ele>
        <time>2026-09-06T13:28:57.000Z</time>
        <extensions>
          <ns3:TrackPointExtension>
            <ns3:atemp>30.0</ns3:atemp>
            <ns3:hr>159</ns3:hr>
            <ns3:cad>86</ns3:cad>
          </ns3:TrackPointExtension>
        </extensions>
      </trkpt>
      <trkpt lat="30.90026414953172206878662109375" lon="121.73490154556930065155029296875">
        <ele>4.19999980926513671875</ele>
        <time>2026-09-06T13:28:58.000Z</time>
        <extensions>
          <ns3:TrackPointExtension>
            <ns3:atemp>30.0</ns3:atemp>
            <ns3:hr>160</ns3:hr>
            <ns3:cad>87</ns3:cad>
          </ns3:TrackPointExtension>
        </extensions>
      </trkpt>
      <trkpt lat="30.9002838470041751861572265625" lon="121.73489718697965145111083984375">
        <ele>4.19999980926513671875</ele>
        <time>2026-09-06T13:28:59.000Z</time>
        <extensions>
          <ns3:TrackPointExtension>
            <ns3:atemp>30.0</ns3:atemp>
            <ns3:hr>160</ns3:hr>
            <ns3:cad>88</ns3:cad>
          </ns3:TrackPointExtension>
        </extensions>
      </trkpt>
      <trkpt lat="30.9003126807510852813720703125" lon="121.7348940856754779815673828125">
        <ele>4</ele>
        <time>2026-09-06T13:29:00.000Z</time>
        <extensions>
          <ns3:TrackPointExtension>
            <ns3:atemp>30.0</ns3:atemp>
            <ns3:hr>160</ns3:hr>
            <ns3:cad>88</ns3:cad>
          </ns3:TrackPointExtension>
        </extensions>
      </trkpt>
      <trkpt lat="30.90033539570868015289306640625" lon="121.73489215783774852752685546875">
        <ele>4</ele>
        <time>2026-09-06T13:29:01.000Z</time>
        <extensions>
          <ns3:TrackPointExtension>
            <ns3:atemp>30.0</ns3:atemp>
            <ns3:hr>160</ns3:hr>
            <ns3:cad>88</ns3:cad>
          </ns3:TrackPointExtension>
        </extensions>
      </trkpt>
      <trkpt lat="30.90036171488463878631591796875" lon="121.73489081673324108123779296875">
        <ele>4</ele>
        <time>2026-09-06T13:29:02.000Z</time>
        <extensions>
          <ns3:TrackPointExtension>
            <ns3:atemp>30.0</ns3:atemp>
            <ns3:hr>160</ns3:hr>
            <ns3:cad>87</ns3:cad>
          </ns3:TrackPointExtension>
        </extensions>
      </trkpt>
      <trkpt lat="30.900385268032550811767578125" lon="121.7349064908921718597412109375">
        <ele>4</ele>
        <time>2026-09-06T13:29:03.000Z</time>
        <extensions>
          <ns3:TrackPointExtension>
            <ns3:atemp>30.0</ns3:atemp>
            <ns3:hr>159</ns3:hr>
            <ns3:cad>87</ns3:cad>
          </ns3:TrackPointExtension>
        </extensions>
      </trkpt>
      <trkpt lat="30.9004082344472408294677734375" lon="121.73492333851754665374755859375">
        <ele>3.7999999523162841796875</ele>
        <time>2026-09-06T13:29:04.000Z</time>
        <extensions>
          <ns3:TrackPointExtension>
            <ns3:atemp>30.0</ns3:atemp>
            <ns3:hr>160</ns3:hr>
            <ns3:cad>87</ns3:cad>
          </ns3:TrackPointExtension>
        </extensions>
      </trkpt>
      <trkpt lat="30.9004186280071735382080078125" lon="121.7349584586918354034423828125">
        <ele>3.7999999523162841796875</ele>
        <time>2026-09-06T13:29:05.000Z</time>
        <extensions>
          <ns3:TrackPointExtension>
            <ns3:atemp>30.0</ns3:atemp>
            <ns3:hr>159</ns3:hr>
            <ns3:cad>88</ns3:cad>
          </ns3:TrackPointExtension>
        </extensions>
      </trkpt>
      <trkpt lat="30.9004246629774570465087890625" lon="121.7349864542484283447265625">
        <ele>3.7999999523162841796875</ele>
        <time>2026-09-06T13:29:06.000Z</time>
        <extensions>
          <ns3:TrackPointExtension>
            <ns3:atemp>30.0</ns3:atemp>
            <ns3:hr>159</ns3:hr>
            <ns3:cad>88</ns3:cad>
          </ns3:TrackPointExtension>
        </extensions>
      </trkpt>
      <trkpt lat="30.90042089112102985382080078125" lon="121.7350213229656219482421875">
        <ele>3.7999999523162841796875</ele>
        <time>2026-09-06T13:29:07.000Z</time>
        <extensions>
          <ns3:TrackPointExtension>
            <ns3:atemp>30.0</ns3:atemp>
            <ns3:hr>159</ns3:hr>
            <ns3:cad>87</ns3:cad>
          </ns3:TrackPointExtension>
        </extensions>
      </trkpt>
      <trkpt lat="30.9004219807684421539306640625" lon="121.735045798122882843017578125">
        <ele>3.7999999523162841796875</ele>
        <time>2026-09-06T13:29:08.000Z</time>
        <extensions>
          <ns3:TrackPointExtension>
            <ns3:atemp>30.0</ns3:atemp>
            <ns3:hr>159</ns3:hr>
            <ns3:cad>87</ns3:cad>
          </ns3:TrackPointExtension>
        </extensions>
      </trkpt>
      <trkpt lat="30.90042055584490299224853515625" lon="121.73508142121136188507080078125">
        <ele>3.7999999523162841796875</ele>
        <time>2026-09-06T13:29:09.000Z</time>
        <extensions>
          <ns3:TrackPointExtension>
            <ns3:atemp>30.0</ns3:atemp>
            <ns3:hr>160</ns3:hr>
            <ns3:cad>87</ns3:cad>
          </ns3:TrackPointExtension>
        </extensions>
      </trkpt>
      <trkpt lat="30.90042038820683956146240234375" lon="121.7351029627025127410888671875">
        <ele>3.7999999523162841796875</ele>
        <time>2026-09-06T13:29:10.000Z</time>
        <extensions>
          <ns3:TrackPointExtension>
            <ns3:atemp>30.0</ns3:atemp>
            <ns3:hr>159</ns3:hr>
            <ns3:cad>88</ns3:cad>
          </ns3:TrackPointExtension>
        </extensions>
      </trkpt>
      <trkpt lat="30.900419466197490692138671875" lon="121.73513473011553287506103515625">
        <ele>3.7999999523162841796875</ele>
        <time>2026-09-06T13:29:11.000Z</time>
        <extensions>
          <ns3:TrackPointExtension>
            <ns3:atemp>30.0</ns3:atemp>
            <ns3:hr>159</ns3:hr>
            <ns3:cad>88</ns3:cad>
          </ns3:TrackPointExtension>
        </extensions>
      </trkpt>
      <trkpt lat="30.90041770599782466888427734375" lon="121.73515853472054004669189453125">
        <ele>3.7999999523162841796875</ele>
        <time>2026-09-06T13:29:12.000Z</time>
        <extensions>
          <ns3:TrackPointExtension>
            <ns3:atemp>30.0</ns3:atemp>
            <ns3:hr>159</ns3:hr>
            <ns3:cad>88</ns3:cad>
          </ns3:TrackPointExtension>
        </extensions>
      </trkpt>
      <trkpt lat="30.90041770599782466888427734375" lon="121.73518829047679901123046875">
        <ele>3.7999999523162841796875</ele>
        <time>2026-09-06T13:29:13.000Z</time>
        <extensions>
          <ns3:TrackPointExtension>
            <ns3:atemp>30.0</ns3:atemp>
            <ns3:hr>159</ns3:hr>
            <ns3:cad>87</ns3:cad>
          </ns3:TrackPointExtension>
        </extensions>
      </trkpt>
      <trkpt lat="30.90041468851268291473388671875" lon="121.735214106738567352294921875">
        <ele>3.599999904632568359375</ele>
        <time>2026-09-06T13:29:14.000Z</time>
        <extensions>
          <ns3:TrackPointExtension>
            <ns3:atemp>30.0</ns3:atemp>
            <ns3:hr>159</ns3:hr>
            <ns3:cad>87</ns3:cad>
          </ns3:TrackPointExtension>
        </extensions>
      </trkpt>
      <trkpt lat="30.9004146046936511993408203125" lon="121.735242269933223724365234375">
        <ele>3.599999904632568359375</ele>
        <time>2026-09-06T13:29:15.000Z</time>
        <extensions>
          <ns3:TrackPointExtension>
            <ns3:atemp>30.0</ns3:atemp>
            <ns3:hr>159</ns3:hr>
            <ns3:cad>87</ns3:cad>
          </ns3:TrackPointExtension>
        </extensions>
      </trkpt>
      <trkpt lat="30.9004117548465728759765625" lon="121.7352746240794658660888671875">
        <ele>3.599999904632568359375</ele>
        <time>2026-09-06T13:29:16.000Z</time>
        <extensions>
          <ns3:TrackPointExtension>
            <ns3:atemp>30.0</ns3:atemp>
            <ns3:hr>159</ns3:hr>
            <ns3:cad>88</ns3:cad>
          </ns3:TrackPointExtension>
        </extensions>
      </trkpt>
      <trkpt lat="30.900412760674953460693359375" lon="121.73530253581702709197998046875">
        <ele>3.599999904632568359375</ele>
        <time>2026-09-06T13:29:17.000Z</time>
        <extensions>
          <ns3:TrackPointExtension>
            <ns3:atemp>30.0</ns3:atemp>
            <ns3:hr>161</ns3:hr>
            <ns3:cad>88</ns3:cad>
          </ns3:TrackPointExtension>
        </extensions>
      </trkpt>
      <trkpt lat="30.90041284449398517608642578125" lon="121.73533153720200061798095703125">
        <ele>3.599999904632568359375</ele>
        <time>2026-09-06T13:29:18.000Z</time>
        <extensions>
          <ns3:TrackPointExtension>
            <ns3:atemp>30.0</ns3:atemp>
            <ns3:hr>162</ns3:hr>
            <ns3:cad>87</ns3:cad>
          </ns3:TrackPointExtension>
        </extensions>
      </trkpt>
      <trkpt lat="30.90041778981685638427734375" lon="121.73535668291151523590087890625">
        <ele>3.599999904632568359375</ele>
        <time>2026-09-06T13:29:19.000Z</time>
        <extensions>
          <ns3:TrackPointExtension>
            <ns3:atemp>30.0</ns3:atemp>
            <ns3:hr>162</ns3:hr>
            <ns3:cad>87</ns3:cad>
          </ns3:TrackPointExtension>
        </extensions>
      </trkpt>
      <trkpt lat="30.90042055584490299224853515625" lon="121.73538937233388423919677734375">
        <ele>3.599999904632568359375</ele>
        <time>2026-09-06T13:29:20.000Z</time>
        <extensions>
          <ns3:TrackPointExtension>
            <ns3:atemp>30.0</ns3:atemp>
            <ns3:hr>162</ns3:hr>
            <ns3:cad>88</ns3:cad>
          </ns3:TrackPointExtension>
        </extensions>
      </trkpt>
      <trkpt lat="30.90042139403522014617919921875" lon="121.73541627824306488037109375">
        <ele>3.599999904632568359375</ele>
        <time>2026-09-06T13:29:21.000Z</time>
        <extensions>
          <ns3:TrackPointExtension>
            <ns3:atemp>30.0</ns3:atemp>
            <ns3:hr>162</ns3:hr>
            <ns3:cad>88</ns3:cad>
          </ns3:TrackPointExtension>
        </extensions>
      </trkpt>
      <trkpt lat="30.90042256750166416168212890625" lon="121.73544905148446559906005859375">
        <ele>3.599999904632568359375</ele>
        <time>2026-09-06T13:29:22.000Z</time>
        <extensions>
          <ns3:TrackPointExtension>
            <ns3:atemp>30.0</ns3:atemp>
            <ns3:hr>162</ns3:hr>
            <ns3:cad>88</ns3:cad>
          </ns3:TrackPointExtension>
        </extensions>
      </trkpt>
      <trkpt lat="30.90042608790099620819091796875" lon="121.73547268845140933990478515625">
        <ele>3.599999904632568359375</ele>
        <time>2026-09-06T13:29:23.000Z</time>
        <extensions>
          <ns3:TrackPointExtension>
            <ns3:atemp>30.0</ns3:atemp>
            <ns3:hr>162</ns3:hr>
            <ns3:cad>87</ns3:cad>
          </ns3:TrackPointExtension>
        </extensions>
      </trkpt>
      <trkpt lat="30.9004276804625988006591796875" lon="121.7355069704353809356689453125">
        <ele>3.599999904632568359375</ele>
        <time>2026-09-06T13:29:24.000Z</time>
        <extensions>
          <ns3:TrackPointExtension>
            <ns3:atemp>30.0</ns3:atemp>
            <ns3:hr>163</ns3:hr>
            <ns3:cad>86</ns3:cad>
          </ns3:TrackPointExtension>
        </extensions>
      </trkpt>
      <trkpt lat="30.90042893774807453155517578125" lon="121.7355304397642612457275390625">
        <ele>3.599999904632568359375</ele>
        <time>2026-09-06T13:29:25.000Z</time>
        <extensions>
          <ns3:TrackPointExtension>
            <ns3:atemp>30.0</ns3:atemp>
            <ns3:hr>162</ns3:hr>
            <ns3:cad>86</ns3:cad>
          </ns3:TrackPointExtension>
        </extensions>
      </trkpt>
      <trkpt lat="30.900429524481296539306640625" lon="121.7355602793395519256591796875">
        <ele>3.599999904632568359375</ele>
        <time>2026-09-06T13:29:26.000Z</time>
        <extensions>
          <ns3:TrackPointExtension>
            <ns3:atemp>30.0</ns3:atemp>
            <ns3:hr>162</ns3:hr>
            <ns3:cad>86</ns3:cad>
          </ns3:TrackPointExtension>
        </extensions>
      </trkpt>
      <trkpt lat="30.90042709372937679290771484375" lon="121.73558525741100311279296875">
        <ele>3.400000095367431640625</ele>
        <time>2026-09-06T13:29:27.000Z</time>
        <extensions>
          <ns3:TrackPointExtension>
            <ns3:atemp>30.0</ns3:atemp>
            <ns3:hr>162</ns3:hr>
            <ns3:cad>88</ns3:cad>
          </ns3:TrackPointExtension>
        </extensions>
      </trkpt>
      <trkpt lat="30.900430195033550262451171875" lon="121.73561467789113521575927734375">
        <ele>3.400000095367431640625</ele>
        <time>2026-09-06T13:29:28.000Z</time>
        <extensions>
          <ns3:TrackPointExtension>
            <ns3:atemp>30.0</ns3:atemp>
            <ns3:hr>162</ns3:hr>
            <ns3:cad>88</ns3:cad>
          </ns3:TrackPointExtension>
        </extensions>
      </trkpt>
      <trkpt lat="30.90042851865291595458984375" lon="121.7356454394757747650146484375">
        <ele>3.400000095367431640625</ele>
        <time>2026-09-06T13:29:29.000Z</time>
        <extensions>
          <ns3:TrackPointExtension>
            <ns3:atemp>30.0</ns3:atemp>
            <ns3:hr>161</ns3:hr>
            <ns3:cad>88</ns3:cad>
          </ns3:TrackPointExtension>
        </extensions>
      </trkpt>
      <trkpt lat="30.90042985975742340087890625" lon="121.73567485995590686798095703125">
        <ele>3.400000095367431640625</ele>
        <time>2026-09-06T13:29:30.000Z</time>
        <extensions>
          <ns3:TrackPointExtension>
            <ns3:atemp>30.0</ns3:atemp>
            <ns3:hr>161</ns3:hr>
            <ns3:cad>87</ns3:cad>
          </ns3:TrackPointExtension>
        </extensions>
      </trkpt>
      <trkpt lat="30.9004303626716136932373046875" lon="121.7357061244547367095947265625">
        <ele>3.400000095367431640625</ele>
        <time>2026-09-06T13:29:31.000Z</time>
        <extensions>
          <ns3:TrackPointExtension>
            <ns3:atemp>30.0</ns3:atemp>
            <ns3:hr>161</ns3:hr>
            <ns3:cad>87</ns3:cad>
          </ns3:TrackPointExtension>
        </extensions>
      </trkpt>
      <trkpt lat="30.90043329633772373199462890625" lon="121.7357332818210124969482421875">
        <ele>3.400000095367431640625</ele>
        <time>2026-09-06T13:29:32.000Z</time>
        <extensions>
          <ns3:TrackPointExtension>
            <ns3:atemp>30.0</ns3:atemp>
            <ns3:hr>161</ns3:hr>
            <ns3:cad>88</ns3:cad>
          </ns3:TrackPointExtension>
        </extensions>
      </trkpt>
      <trkpt lat="30.90043061412870883941650390625" lon="121.73576320521533489227294921875">
        <ele>3.400000095367431640625</ele>
        <time>2026-09-06T13:29:33.000Z</time>
        <extensions>
          <ns3:TrackPointExtension>
            <ns3:atemp>30.0</ns3:atemp>
            <ns3:hr>162</ns3:hr>
            <ns3:cad>88</ns3:cad>
          </ns3:TrackPointExtension>
        </extensions>
      </trkpt>
      <trkpt lat="30.90043446980416774749755859375" lon="121.73578776419162750244140625">
        <ele>3.400000095367431640625</ele>
        <time>2026-09-06T13:29:34.000Z</time>
        <extensions>
          <ns3:TrackPointExtension>
            <ns3:atemp>30.0</ns3:atemp>
            <ns3:hr>161</ns3:hr>
            <ns3:cad>88</ns3:cad>
          </ns3:TrackPointExtension>
        </extensions>
      </trkpt>
      <trkpt lat="30.90043413452804088592529296875" lon="121.735820285975933074951171875">
        <ele>3.400000095367431640625</ele>
        <time>2026-09-06T13:29:35.000Z</time>
        <extensions>
          <ns3:TrackPointExtension>
            <ns3:atemp>30.0</ns3:atemp>
            <ns3:hr>161</ns3:hr>
            <ns3:cad>87</ns3:cad>
          </ns3:TrackPointExtension>
        </extensions>
      </trkpt>
      <trkpt lat="30.90043765492737293243408203125" lon="121.73584518022835254669189453125">
        <ele>3.2000000476837158203125</ele>
        <time>2026-09-06T13:29:36.000Z</time>
        <extensions>
          <ns3:TrackPointExtension>
            <ns3:atemp>30.0</ns3:atemp>
            <ns3:hr>162</ns3:hr>
            <ns3:cad>87</ns3:cad>
          </ns3:TrackPointExtension>
        </extensions>
      </trkpt>
      <trkpt lat="30.90043731965124607086181640625" lon="121.73587820492684841156005859375">
        <ele>3.2000000476837158203125</ele>
        <time>2026-09-06T13:29:37.000Z</time>
        <extensions>
          <ns3:TrackPointExtension>
            <ns3:atemp>30.0</ns3:atemp>
            <ns3:hr>162</ns3:hr>
            <ns3:cad>87</ns3:cad>
          </ns3:TrackPointExtension>
        </extensions>
      </trkpt>
      <trkpt lat="30.90044218115508556365966796875" lon="121.735902763903141021728515625">
        <ele>3.2000000476837158203125</ele>
        <time>2026-09-06T13:29:38.000Z</time>
        <extensions>
          <ns3:TrackPointExtension>
            <ns3:atemp>30.0</ns3:atemp>
            <ns3:hr>162</ns3:hr>
            <ns3:cad>88</ns3:cad>
          </ns3:TrackPointExtension>
        </extensions>
      </trkpt>
      <trkpt lat="30.90044519864022731781005859375" lon="121.73593620769679546356201171875">
        <ele>3.2000000476837158203125</ele>
        <time>2026-09-06T13:29:39.000Z</time>
        <extensions>
          <ns3:TrackPointExtension>
            <ns3:atemp>30.0</ns3:atemp>
            <ns3:hr>162</ns3:hr>
            <ns3:cad>88</ns3:cad>
          </ns3:TrackPointExtension>
        </extensions>
      </trkpt>
      <trkpt lat="30.9004474617540836334228515625" lon="121.73596487380564212799072265625">
        <ele>3.2000000476837158203125</ele>
        <time>2026-09-06T13:29:40.000Z</time>
        <extensions>
          <ns3:TrackPointExtension>
            <ns3:atemp>30.0</ns3:atemp>
            <ns3:hr>162</ns3:hr>
            <ns3:cad>87</ns3:cad>
          </ns3:TrackPointExtension>
        </extensions>
      </trkpt>
      <trkpt lat="30.9004518203437328338623046875" lon="121.7359944619238376617431640625">
        <ele>3.2000000476837158203125</ele>
        <time>2026-09-06T13:29:41.000Z</time>
        <extensions>
          <ns3:TrackPointExtension>
            <ns3:atemp>30.0</ns3:atemp>
            <ns3:hr>162</ns3:hr>
            <ns3:cad>87</ns3:cad>
          </ns3:TrackPointExtension>
        </extensions>
      </trkpt>
      <trkpt lat="30.9004531614482402801513671875" lon="121.73602513968944549560546875">
        <ele>3.2000000476837158203125</ele>
        <time>2026-09-06T13:29:42.000Z</time>
        <extensions>
          <ns3:TrackPointExtension>
            <ns3:atemp>30.0</ns3:atemp>
            <ns3:hr>162</ns3:hr>
            <ns3:cad>87</ns3:cad>
          </ns3:TrackPointExtension>
        </extensions>
      </trkpt>
      <trkpt lat="30.90045777149498462677001953125" lon="121.73604886047542095184326171875">
        <ele>3.2000000476837158203125</ele>
        <time>2026-09-06T13:29:43.000Z</time>
        <extensions>
          <ns3:TrackPointExtension>
            <ns3:atemp>30.0</ns3:atemp>
            <ns3:hr>164</ns3:hr>
            <ns3:cad>87</ns3:cad>
          </ns3:TrackPointExtension>
        </extensions>
      </trkpt>
      <trkpt lat="30.90045860968530178070068359375" lon="121.7360829748213291168212890625">
        <ele>3.2000000476837158203125</ele>
        <time>2026-09-06T13:29:44.000Z</time>
        <extensions>
          <ns3:TrackPointExtension>
            <ns3:atemp>30.0</ns3:atemp>
            <ns3:hr>164</ns3:hr>
            <ns3:cad>87</ns3:cad>
          </ns3:TrackPointExtension>
        </extensions>
      </trkpt>
      <trkpt lat="30.90046070516109466552734375" lon="121.73610451631247997283935546875">
        <ele>3.2000000476837158203125</ele>
        <time>2026-09-06T13:29:45.000Z</time>
        <extensions>
          <ns3:TrackPointExtension>
            <ns3:atemp>30.0</ns3:atemp>
            <ns3:hr>164</ns3:hr>
            <ns3:cad>87</ns3:cad>
          </ns3:TrackPointExtension>
        </extensions>
      </trkpt>
      <trkpt lat="30.900463722646236419677734375" lon="121.73613804392516613006591796875">
        <ele>3.2000000476837158203125</ele>
        <time>2026-09-06T13:29:46.000Z</time>
        <extensions>
          <ns3:TrackPointExtension>
            <ns3:atemp>30.0</ns3:atemp>
            <ns3:hr>164</ns3:hr>
            <ns3:cad>86</ns3:cad>
          </ns3:TrackPointExtension>
        </extensions>
      </trkpt>
      <trkpt lat="30.9004665724933147430419921875" lon="121.73616117797791957855224609375">
        <ele>3.2000000476837158203125</ele>
        <time>2026-09-06T13:29:47.000Z</time>
        <extensions>
          <ns3:TrackPointExtension>
            <ns3:atemp>30.0</ns3:atemp>
            <ns3:hr>164</ns3:hr>
            <ns3:cad>86</ns3:cad>
          </ns3:TrackPointExtension>
        </extensions>
      </trkpt>
      <trkpt lat="30.900472104549407958984375" lon="121.7361905984580516815185546875">
        <ele>3.2000000476837158203125</ele>
        <time>2026-09-06T13:29:48.000Z</time>
        <extensions>
          <ns3:TrackPointExtension>
            <ns3:atemp>30.0</ns3:atemp>
            <ns3:hr>163</ns3:hr>
            <ns3:cad>86</ns3:cad>
          </ns3:TrackPointExtension>
        </extensions>
      </trkpt>
      <trkpt lat="30.900471769273281097412109375" lon="121.7362197674810886383056640625">
        <ele>3.2000000476837158203125</ele>
        <time>2026-09-06T13:29:49.000Z</time>
        <extensions>
          <ns3:TrackPointExtension>
            <ns3:atemp>30.0</ns3:atemp>
            <ns3:hr>162</ns3:hr>
            <ns3:cad>86</ns3:cad>
          </ns3:TrackPointExtension>
        </extensions>
      </trkpt>
      <trkpt lat="30.90047545731067657470703125" lon="121.73624214716255664825439453125">
        <ele>3.2000000476837158203125</ele>
        <time>2026-09-06T13:29:50.000Z</time>
        <extensions>
          <ns3:TrackPointExtension>
            <ns3:atemp>30.0</ns3:atemp>
            <ns3:hr>162</ns3:hr>
            <ns3:cad>85</ns3:cad>
          </ns3:TrackPointExtension>
        </extensions>
      </trkpt>
      <trkpt lat="30.9004783071577548980712890625" lon="121.736269891262054443359375">
        <ele>3</ele>
        <time>2026-09-06T13:29:51.000Z</time>
        <extensions>
          <ns3:TrackPointExtension>
            <ns3:atemp>30.0</ns3:atemp>
            <ns3:hr>162</ns3:hr>
            <ns3:cad>85</ns3:cad>
          </ns3:TrackPointExtension>
        </extensions>
      </trkpt>
      <trkpt lat="30.90048258192837238311767578125" lon="121.7362915165722370147705078125">
        <ele>3</ele>
        <time>2026-09-06T13:29:52.000Z</time>
        <extensions>
          <ns3:TrackPointExtension>
            <ns3:atemp>30.0</ns3:atemp>
            <ns3:hr>162</ns3:hr>
            <ns3:cad>85</ns3:cad>
          </ns3:TrackPointExtension>
        </extensions>
      </trkpt>
      <trkpt lat="30.9004846774041652679443359375" lon="121.73632227815687656402587890625">
        <ele>3.2000000476837158203125</ele>
        <time>2026-09-06T13:29:53.000Z</time>
        <extensions>
          <ns3:TrackPointExtension>
            <ns3:atemp>30.0</ns3:atemp>
            <ns3:hr>161</ns3:hr>
            <ns3:cad>85</ns3:cad>
          </ns3:TrackPointExtension>
        </extensions>
      </trkpt>
      <trkpt lat="30.90048040263354778289794921875" lon="121.7363451607525348663330078125">
        <ele>3.2000000476837158203125</ele>
        <time>2026-09-06T13:29:54.000Z</time>
        <extensions>
          <ns3:TrackPointExtension>
            <ns3:atemp>30.0</ns3:atemp>
            <ns3:hr>161</ns3:hr>
            <ns3:cad>86</ns3:cad>
          </ns3:TrackPointExtension>
        </extensions>
      </trkpt>
      <trkpt lat="30.9004799835383892059326171875" lon="121.73637382686138153076171875">
        <ele>3.2000000476837158203125</ele>
        <time>2026-09-06T13:29:55.000Z</time>
        <extensions>
          <ns3:TrackPointExtension>
            <ns3:atemp>30.0</ns3:atemp>
            <ns3:hr>161</ns3:hr>
            <ns3:cad>86</ns3:cad>
          </ns3:TrackPointExtension>
        </extensions>
      </trkpt>
      <trkpt lat="30.90047671459615230560302734375" lon="121.73640467226505279541015625">
        <ele>3.2000000476837158203125</ele>
        <time>2026-09-06T13:29:56.000Z</time>
        <extensions>
          <ns3:TrackPointExtension>
            <ns3:atemp>30.0</ns3:atemp>
            <ns3:hr>161</ns3:hr>
            <ns3:cad>86</ns3:cad>
          </ns3:TrackPointExtension>
        </extensions>
      </trkpt>
      <trkpt lat="30.9004833362996578216552734375" lon="121.73643006943166255950927734375">
        <ele>3.2000000476837158203125</ele>
        <time>2026-09-06T13:29:57.000Z</time>
        <extensions>
          <ns3:TrackPointExtension>
            <ns3:atemp>30.0</ns3:atemp>
            <ns3:hr>161</ns3:hr>
            <ns3:cad>86</ns3:cad>
          </ns3:TrackPointExtension>
        </extensions>
      </trkpt>
      <trkpt lat="30.9004823304712772369384765625" lon="121.73646426759660243988037109375">
        <ele>3.2000000476837158203125</ele>
        <time>2026-09-06T13:29:58.000Z</time>
        <extensions>
          <ns3:TrackPointExtension>
            <ns3:atemp>30.0</ns3:atemp>
            <ns3:hr>160</ns3:hr>
            <ns3:cad>86</ns3:cad>
          </ns3:TrackPointExtension>
        </extensions>
      </trkpt>
      <trkpt lat="30.90048543177545070648193359375" lon="121.7364900000393390655517578125">
        <ele>3.400000095367431640625</ele>
        <time>2026-09-06T13:29:59.000Z</time>
        <extensions>
          <ns3:TrackPointExtension>
            <ns3:atemp>30.0</ns3:atemp>
            <ns3:hr>161</ns3:hr>
            <ns3:cad>86</ns3:cad>
          </ns3:TrackPointExtension>
        </extensions>
      </trkpt>
      <trkpt lat="30.90048911981284618377685546875" lon="121.73652537167072296142578125">
        <ele>3.400000095367431640625</ele>
        <time>2026-09-06T13:30:00.000Z</time>
        <extensions>
          <ns3:TrackPointExtension>
            <ns3:atemp>30.0</ns3:atemp>
            <ns3:hr>161</ns3:hr>
            <ns3:cad>86</ns3:cad>
          </ns3:TrackPointExtension>
        </extensions>
      </trkpt>
      <trkpt lat="30.9004933945834636688232421875" lon="121.73655076883733272552490234375">
        <ele>3.400000095367431640625</ele>
        <time>2026-09-06T13:30:01.000Z</time>
        <extensions>
          <ns3:TrackPointExtension>
            <ns3:atemp>30.0</ns3:atemp>
            <ns3:hr>161</ns3:hr>
            <ns3:cad>86</ns3:cad>
          </ns3:TrackPointExtension>
        </extensions>
      </trkpt>
      <trkpt lat="30.90049833990633487701416015625" lon="121.73658194951713085174560546875">
        <ele>3.400000095367431640625</ele>
        <time>2026-09-06T13:30:02.000Z</time>
        <extensions>
          <ns3:TrackPointExtension>
            <ns3:atemp>30.0</ns3:atemp>
            <ns3:hr>161</ns3:hr>
            <ns3:cad>86</ns3:cad>
          </ns3:TrackPointExtension>
        </extensions>
      </trkpt>
      <trkpt lat="30.9005011059343814849853515625" lon="121.73661078326404094696044921875">
        <ele>3.400000095367431640625</ele>
        <time>2026-09-06T13:30:03.000Z</time>
        <extensions>
          <ns3:TrackPointExtension>
            <ns3:atemp>30.0</ns3:atemp>
            <ns3:hr>160</ns3:hr>
            <ns3:cad>86</ns3:cad>
          </ns3:TrackPointExtension>
        </extensions>
      </trkpt>
      <trkpt lat="30.9005054645240306854248046875" lon="121.73664011992514133453369140625">
        <ele>3.400000095367431640625</ele>
        <time>2026-09-06T13:30:04.000Z</time>
        <extensions>
          <ns3:TrackPointExtension>
            <ns3:atemp>30.0</ns3:atemp>
            <ns3:hr>161</ns3:hr>
            <ns3:cad>86</ns3:cad>
          </ns3:TrackPointExtension>
        </extensions>
      </trkpt>
      <trkpt lat="30.90050370432436466217041015625" lon="121.7366707138717174530029296875">
        <ele>3.400000095367431640625</ele>
        <time>2026-09-06T13:30:05.000Z</time>
        <extensions>
          <ns3:TrackPointExtension>
            <ns3:atemp>30.0</ns3:atemp>
            <ns3:hr>161</ns3:hr>
            <ns3:cad>87</ns3:cad>
          </ns3:TrackPointExtension>
        </extensions>
      </trkpt>
      <trkpt lat="30.90050789527595043182373046875" lon="121.73669678159058094024658203125">
        <ele>3.400000095367431640625</ele>
        <time>2026-09-06T13:30:06.000Z</time>
        <extensions>
          <ns3:TrackPointExtension>
            <ns3:atemp>30.0</ns3:atemp>
            <ns3:hr>161</ns3:hr>
            <ns3:cad>87</ns3:cad>
          </ns3:TrackPointExtension>
        </extensions>
      </trkpt>
      <trkpt lat="30.900507979094982147216796875" lon="121.736726872622966766357421875">
        <ele>3.400000095367431640625</ele>
        <time>2026-09-06T13:30:07.000Z</time>
        <extensions>
          <ns3:TrackPointExtension>
            <ns3:atemp>30.0</ns3:atemp>
            <ns3:hr>161</ns3:hr>
            <ns3:cad>86</ns3:cad>
          </ns3:TrackPointExtension>
        </extensions>
      </trkpt>
      <trkpt lat="30.9005118347704410552978515625" lon="121.736747659742832183837890625">
        <ele>3.400000095367431640625</ele>
        <time>2026-09-06T13:30:08.000Z</time>
        <extensions>
          <ns3:TrackPointExtension>
            <ns3:atemp>30.0</ns3:atemp>
            <ns3:hr>161</ns3:hr>
            <ns3:cad>86</ns3:cad>
          </ns3:TrackPointExtension>
        </extensions>
      </trkpt>
      <trkpt lat="30.9005111642181873321533203125" lon="121.736773140728473663330078125">
        <ele>3.400000095367431640625</ele>
        <time>2026-09-06T13:30:09.000Z</time>
        <extensions>
          <ns3:TrackPointExtension>
            <ns3:atemp>30.0</ns3:atemp>
            <ns3:hr>160</ns3:hr>
            <ns3:cad>86</ns3:cad>
          </ns3:TrackPointExtension>
        </extensions>
      </trkpt>
      <trkpt lat="30.90051300823688507080078125" lon="121.736794598400592803955078125">
        <ele>3.400000095367431640625</ele>
        <time>2026-09-06T13:30:10.000Z</time>
        <extensions>
          <ns3:TrackPointExtension>
            <ns3:atemp>30.0</ns3:atemp>
            <ns3:hr>161</ns3:hr>
            <ns3:cad>88</ns3:cad>
          </ns3:TrackPointExtension>
        </extensions>
      </trkpt>
      <trkpt lat="30.90050940401852130889892578125" lon="121.73682753928005695343017578125">
        <ele>3.400000095367431640625</ele>
        <time>2026-09-06T13:30:11.000Z</time>
        <extensions>
          <ns3:TrackPointExtension>
            <ns3:atemp>30.0</ns3:atemp>
            <ns3:hr>161</ns3:hr>
            <ns3:cad>88</ns3:cad>
          </ns3:TrackPointExtension>
        </extensions>
      </trkpt>
      <trkpt lat="30.90050906874239444732666015625" lon="121.7368487454950809478759765625">
        <ele>3.400000095367431640625</ele>
        <time>2026-09-06T13:30:12.000Z</time>
        <extensions>
          <ns3:TrackPointExtension>
            <ns3:atemp>30.0</ns3:atemp>
            <ns3:hr>161</ns3:hr>
            <ns3:cad>87</ns3:cad>
          </ns3:TrackPointExtension>
        </extensions>
      </trkpt>
      <trkpt lat="30.90051074512302875518798828125" lon="121.736877076327800750732421875">
        <ele>3.2000000476837158203125</ele>
        <time>2026-09-06T13:30:13.000Z</time>
        <extensions>
          <ns3:TrackPointExtension>
            <ns3:atemp>30.0</ns3:atemp>
            <ns3:hr>161</ns3:hr>
            <ns3:cad>87</ns3:cad>
          </ns3:TrackPointExtension>
        </extensions>
      </trkpt>
      <trkpt lat="30.9005151875317096710205078125" lon="121.73690414987504482269287109375">
        <ele>3.2000000476837158203125</ele>
        <time>2026-09-06T13:30:14.000Z</time>
        <extensions>
          <ns3:TrackPointExtension>
            <ns3:atemp>30.0</ns3:atemp>
            <ns3:hr>161</ns3:hr>
            <ns3:cad>87</ns3:cad>
          </ns3:TrackPointExtension>
        </extensions>
      </trkpt>
      <trkpt lat="30.90051141567528247833251953125" lon="121.7369412817060947418212890625">
        <ele>3.2000000476837158203125</ele>
        <time>2026-09-06T13:30:15.000Z</time>
        <extensions>
          <ns3:TrackPointExtension>
            <ns3:atemp>30.0</ns3:atemp>
            <ns3:hr>161</ns3:hr>
            <ns3:cad>87</ns3:cad>
          </ns3:TrackPointExtension>
        </extensions>
      </trkpt>
      <trkpt lat="30.90051108039915561676025390625" lon="121.73696500249207019805908203125">
        <ele>3.2000000476837158203125</ele>
        <time>2026-09-06T13:30:16.000Z</time>
        <extensions>
          <ns3:TrackPointExtension>
            <ns3:atemp>30.0</ns3:atemp>
            <ns3:hr>160</ns3:hr>
            <ns3:cad>89</ns3:cad>
          </ns3:TrackPointExtension>
        </extensions>
      </trkpt>
      <trkpt lat="30.9005071409046649932861328125" lon="121.736997105181217193603515625">
        <ele>3.2000000476837158203125</ele>
        <time>2026-09-06T13:30:17.000Z</time>
        <extensions>
          <ns3:TrackPointExtension>
            <ns3:atemp>30.0</ns3:atemp>
            <ns3:hr>160</ns3:hr>
            <ns3:cad>89</ns3:cad>
          </ns3:TrackPointExtension>
        </extensions>
      </trkpt>
      <trkpt lat="30.9005094878375530242919921875" lon="121.7370207421481609344482421875">
        <ele>3.2000000476837158203125</ele>
        <time>2026-09-06T13:30:18.000Z</time>
        <extensions>
          <ns3:TrackPointExtension>
            <ns3:atemp>30.0</ns3:atemp>
            <ns3:hr>160</ns3:hr>
            <ns3:cad>89</ns3:cad>
          </ns3:TrackPointExtension>
        </extensions>
      </trkpt>
      <trkpt lat="30.9005135111510753631591796875" lon="121.737050749361515045166015625">
        <ele>3.2000000476837158203125</ele>
        <time>2026-09-06T13:30:19.000Z</time>
        <extensions>
          <ns3:TrackPointExtension>
            <ns3:atemp>30.0</ns3:atemp>
            <ns3:hr>161</ns3:hr>
            <ns3:cad>89</ns3:cad>
          </ns3:TrackPointExtension>
        </extensions>
      </trkpt>
      <trkpt lat="30.90051040984690189361572265625" lon="121.73707748763263225555419921875">
        <ele>3.2000000476837158203125</ele>
        <time>2026-09-06T13:30:20.000Z</time>
        <extensions>
          <ns3:TrackPointExtension>
            <ns3:atemp>30.0</ns3:atemp>
            <ns3:hr>160</ns3:hr>
            <ns3:cad>89</ns3:cad>
          </ns3:TrackPointExtension>
        </extensions>
      </trkpt>
      <trkpt lat="30.90051124803721904754638671875" lon="121.73710648901760578155517578125">
        <ele>3.2000000476837158203125</ele>
        <time>2026-09-06T13:30:21.000Z</time>
        <extensions>
          <ns3:TrackPointExtension>
            <ns3:atemp>30.0</ns3:atemp>
            <ns3:hr>161</ns3:hr>
            <ns3:cad>89</ns3:cad>
          </ns3:TrackPointExtension>
        </extensions>
      </trkpt>
      <trkpt lat="30.90051074512302875518798828125" lon="121.7371394298970699310302734375">
        <ele>3.2000000476837158203125</ele>
        <time>2026-09-06T13:30:22.000Z</time>
        <extensions>
          <ns3:TrackPointExtension>
            <ns3:atemp>30.0</ns3:atemp>
            <ns3:hr>161</ns3:hr>
            <ns3:cad>89</ns3:cad>
          </ns3:TrackPointExtension>
        </extensions>
      </trkpt>
      <trkpt lat="30.90051543898880481719970703125" lon="121.73716667108237743377685546875">
        <ele>3.2000000476837158203125</ele>
        <time>2026-09-06T13:30:23.000Z</time>
        <extensions>
          <ns3:TrackPointExtension>
            <ns3:atemp>30.0</ns3:atemp>
            <ns3:hr>161</ns3:hr>
            <ns3:cad>87</ns3:cad>
          </ns3:TrackPointExtension>
        </extensions>
      </trkpt>
      <trkpt lat="30.90051309205591678619384765625" lon="121.73720204271376132965087890625">
        <ele>3.2000000476837158203125</ele>
        <time>2026-09-06T13:30:24.000Z</time>
        <extensions>
          <ns3:TrackPointExtension>
            <ns3:atemp>30.0</ns3:atemp>
            <ns3:hr>162</ns3:hr>
            <ns3:cad>87</ns3:cad>
          </ns3:TrackPointExtension>
        </extensions>
      </trkpt>
      <trkpt lat="30.900517366826534271240234375" lon="121.73722635023295879364013671875">
        <ele>3.2000000476837158203125</ele>
        <time>2026-09-06T13:30:25.000Z</time>
        <extensions>
          <ns3:TrackPointExtension>
            <ns3:atemp>30.0</ns3:atemp>
            <ns3:hr>163</ns3:hr>
            <ns3:cad>87</ns3:cad>
          </ns3:TrackPointExtension>
        </extensions>
      </trkpt>
      <trkpt lat="30.90051610954105854034423828125" lon="121.73725568689405918121337890625">
        <ele>3.2000000476837158203125</ele>
        <time>2026-09-06T13:30:26.000Z</time>
        <extensions>
          <ns3:TrackPointExtension>
            <ns3:atemp>30.0</ns3:atemp>
            <ns3:hr>164</ns3:hr>
            <ns3:cad>87</ns3:cad>
          </ns3:TrackPointExtension>
        </extensions>
      </trkpt>
      <trkpt lat="30.90051644481718540191650390625" lon="121.73728032968938350677490234375">
        <ele>3.2000000476837158203125</ele>
        <time>2026-09-06T13:30:27.000Z</time>
        <extensions>
          <ns3:TrackPointExtension>
            <ns3:atemp>30.0</ns3:atemp>
            <ns3:hr>164</ns3:hr>
            <ns3:cad>88</ns3:cad>
          </ns3:TrackPointExtension>
        </extensions>
      </trkpt>
      <trkpt lat="30.90051879175007343292236328125" lon="121.737314946949481964111328125">
        <ele>3.2000000476837158203125</ele>
        <time>2026-09-06T13:30:28.000Z</time>
        <extensions>
          <ns3:TrackPointExtension>
            <ns3:atemp>30.0</ns3:atemp>
            <ns3:hr>164</ns3:hr>
            <ns3:cad>88</ns3:cad>
          </ns3:TrackPointExtension>
        </extensions>
      </trkpt>
      <trkpt lat="30.90052164159715175628662109375" lon="121.7373405955731868743896484375">
        <ele>3.2000000476837158203125</ele>
        <time>2026-09-06T13:30:29.000Z</time>
        <extensions>
          <ns3:TrackPointExtension>
            <ns3:atemp>30.0</ns3:atemp>
            <ns3:hr>164</ns3:hr>
            <ns3:cad>87</ns3:cad>
          </ns3:TrackPointExtension>
        </extensions>
      </trkpt>
      <trkpt lat="30.9005245752632617950439453125" lon="121.73737605102360248565673828125">
        <ele>3.2000000476837158203125</ele>
        <time>2026-09-06T13:30:30.000Z</time>
        <extensions>
          <ns3:TrackPointExtension>
            <ns3:atemp>30.0</ns3:atemp>
            <ns3:hr>164</ns3:hr>
            <ns3:cad>87</ns3:cad>
          </ns3:TrackPointExtension>
        </extensions>
      </trkpt>
      <trkpt lat="30.90052935294806957244873046875" lon="121.73740153200924396514892578125">
        <ele>3.2000000476837158203125</ele>
        <time>2026-09-06T13:30:31.000Z</time>
        <extensions>
          <ns3:TrackPointExtension>
            <ns3:atemp>30.0</ns3:atemp>
            <ns3:hr>165</ns3:hr>
            <ns3:cad>88</ns3:cad>
          </ns3:TrackPointExtension>
        </extensions>
      </trkpt>
      <trkpt lat="30.9005302749574184417724609375" lon="121.7374351434409618377685546875">
        <ele>3.2000000476837158203125</ele>
        <time>2026-09-06T13:30:32.000Z</time>
        <extensions>
          <ns3:TrackPointExtension>
            <ns3:atemp>30.0</ns3:atemp>
            <ns3:hr>164</ns3:hr>
            <ns3:cad>88</ns3:cad>
          </ns3:TrackPointExtension>
        </extensions>
      </trkpt>
      <trkpt lat="30.90053253807127475738525390625" lon="121.73745852895081043243408203125">
        <ele>3.400000095367431640625</ele>
        <time>2026-09-06T13:30:33.000Z</time>
        <extensions>
          <ns3:TrackPointExtension>
            <ns3:atemp>30.0</ns3:atemp>
            <ns3:hr>164</ns3:hr>
            <ns3:cad>88</ns3:cad>
          </ns3:TrackPointExtension>
        </extensions>
      </trkpt>
      <trkpt lat="30.90053924359381198883056640625" lon="121.7374938167631626129150390625">
        <ele>3.400000095367431640625</ele>
        <time>2026-09-06T13:30:34.000Z</time>
        <extensions>
          <ns3:TrackPointExtension>
            <ns3:atemp>30.0</ns3:atemp>
            <ns3:hr>163</ns3:hr>
            <ns3:cad>88</ns3:cad>
          </ns3:TrackPointExtension>
        </extensions>
      </trkpt>
      <trkpt lat="30.90053924359381198883056640625" lon="121.73751938156783580780029296875">
        <ele>3.2000000476837158203125</ele>
        <time>2026-09-06T13:30:35.000Z</time>
        <extensions>
          <ns3:TrackPointExtension>
            <ns3:atemp>30.0</ns3:atemp>
            <ns3:hr>163</ns3:hr>
            <ns3:cad>88</ns3:cad>
          </ns3:TrackPointExtension>
        </extensions>
      </trkpt>
      <trkpt lat="30.90054242871701717376708984375" lon="121.73755005933344364166259765625">
        <ele>3.2000000476837158203125</ele>
        <time>2026-09-06T13:30:36.000Z</time>
        <extensions>
          <ns3:TrackPointExtension>
            <ns3:atemp>30.0</ns3:atemp>
            <ns3:hr>163</ns3:hr>
            <ns3:cad>88</ns3:cad>
          </ns3:TrackPointExtension>
        </extensions>
      </trkpt>
      <trkpt lat="30.9005423448979854583740234375" lon="121.7375722713768482208251953125">
        <ele>3.2000000476837158203125</ele>
        <time>2026-09-06T13:30:37.000Z</time>
        <extensions>
          <ns3:TrackPointExtension>
            <ns3:atemp>30.0</ns3:atemp>
            <ns3:hr>162</ns3:hr>
            <ns3:cad>88</ns3:cad>
          </ns3:TrackPointExtension>
        </extensions>
      </trkpt>
      <trkpt lat="30.90054494328796863555908203125" lon="121.7375994287431240081787109375">
        <ele>3.2000000476837158203125</ele>
        <time>2026-09-06T13:30:38.000Z</time>
        <extensions>
          <ns3:TrackPointExtension>
            <ns3:atemp>30.0</ns3:atemp>
            <ns3:hr>162</ns3:hr>
            <ns3:cad>88</ns3:cad>
          </ns3:TrackPointExtension>
        </extensions>
      </trkpt>
      <trkpt lat="30.90054058469831943511962890625" lon="121.73762482590973377227783203125">
        <ele>3.2000000476837158203125</ele>
        <time>2026-09-06T13:30:39.000Z</time>
        <extensions>
          <ns3:TrackPointExtension>
            <ns3:atemp>30.0</ns3:atemp>
            <ns3:hr>162</ns3:hr>
            <ns3:cad>88</ns3:cad>
          </ns3:TrackPointExtension>
        </extensions>
      </trkpt>
      <trkpt lat="30.9005399979650974273681640625" lon="121.73765181563794612884521484375">
        <ele>3.2000000476837158203125</ele>
        <time>2026-09-06T13:30:40.000Z</time>
        <extensions>
          <ns3:TrackPointExtension>
            <ns3:atemp>30.0</ns3:atemp>
            <ns3:hr>162</ns3:hr>
            <ns3:cad>87</ns3:cad>
          </ns3:TrackPointExtension>
        </extensions>
      </trkpt>
      <trkpt lat="30.90053848922252655029296875" lon="121.7376785539090633392333984375">
        <ele>3.2000000476837158203125</ele>
        <time>2026-09-06T13:30:41.000Z</time>
        <extensions>
          <ns3:TrackPointExtension>
            <ns3:atemp>30.0</ns3:atemp>
            <ns3:hr>162</ns3:hr>
            <ns3:cad>87</ns3:cad>
          </ns3:TrackPointExtension>
        </extensions>
      </trkpt>
      <trkpt lat="30.9005413390696048736572265625" lon="121.7377062141895294189453125">
        <ele>3.2000000476837158203125</ele>
        <time>2026-09-06T13:30:42.000Z</time>
        <extensions>
          <ns3:TrackPointExtension>
            <ns3:atemp>30.0</ns3:atemp>
            <ns3:hr>162</ns3:hr>
            <ns3:cad>89</ns3:cad>
          </ns3:TrackPointExtension>
        </extensions>
      </trkpt>
      <trkpt lat="30.90054058469831943511962890625" lon="121.73773647285997867584228515625">
        <ele>3.2000000476837158203125</ele>
        <time>2026-09-06T13:30:43.000Z</time>
        <extensions>
          <ns3:TrackPointExtension>
            <ns3:atemp>30.0</ns3:atemp>
            <ns3:hr>162</ns3:hr>
            <ns3:cad>89</ns3:cad>
          </ns3:TrackPointExtension>
        </extensions>
      </trkpt>
      <trkpt lat="30.90054410509765148162841796875" lon="121.737761199474334716796875">
        <ele>3.2000000476837158203125</ele>
        <time>2026-09-06T13:30:44.000Z</time>
        <extensions>
          <ns3:TrackPointExtension>
            <ns3:atemp>30.0</ns3:atemp>
            <ns3:hr>162</ns3:hr>
            <ns3:cad>89</ns3:cad>
          </ns3:TrackPointExtension>
        </extensions>
      </trkpt>
      <trkpt lat="30.90054309926927089691162109375" lon="121.737789697945117950439453125">
        <ele>3.2000000476837158203125</ele>
        <time>2026-09-06T13:30:45.000Z</time>
        <extensions>
          <ns3:TrackPointExtension>
            <ns3:atemp>30.0</ns3:atemp>
            <ns3:hr>162</ns3:hr>
            <ns3:cad>88</ns3:cad>
          </ns3:TrackPointExtension>
        </extensions>
      </trkpt>
      <trkpt lat="30.90054846368730068206787109375" lon="121.73781308345496654510498046875">
        <ele>3.2000000476837158203125</ele>
        <time>2026-09-06T13:30:46.000Z</time>
        <extensions>
          <ns3:TrackPointExtension>
            <ns3:atemp>30.0</ns3:atemp>
            <ns3:hr>162</ns3:hr>
            <ns3:cad>88</ns3:cad>
          </ns3:TrackPointExtension>
        </extensions>
      </trkpt>
      <trkpt lat="30.900544188916683197021484375" lon="121.7378448508679866790771484375">
        <ele>3.2000000476837158203125</ele>
        <time>2026-09-06T13:30:47.000Z</time>
        <extensions>
          <ns3:TrackPointExtension>
            <ns3:atemp>30.0</ns3:atemp>
            <ns3:hr>162</ns3:hr>
            <ns3:cad>88</ns3:cad>
          </ns3:TrackPointExtension>
        </extensions>
      </trkpt>
      <trkpt lat="30.90054578147828578948974609375" lon="121.73786672763526439666748046875">
        <ele>3.2000000476837158203125</ele>
        <time>2026-09-06T13:30:48.000Z</time>
        <extensions>
          <ns3:TrackPointExtension>
            <ns3:atemp>30.0</ns3:atemp>
            <ns3:hr>162</ns3:hr>
            <ns3:cad>89</ns3:cad>
          </ns3:TrackPointExtension>
        </extensions>
      </trkpt>
      <trkpt lat="30.9005416743457317352294921875" lon="121.7378993332386016845703125">
        <ele>3.2000000476837158203125</ele>
        <time>2026-09-06T13:30:49.000Z</time>
        <extensions>
          <ns3:TrackPointExtension>
            <ns3:atemp>30.0</ns3:atemp>
            <ns3:hr>162</ns3:hr>
            <ns3:cad>89</ns3:cad>
          </ns3:TrackPointExtension>
        </extensions>
      </trkpt>
      <trkpt lat="30.90054444037377834320068359375" lon="121.73792439512908458709716796875">
        <ele>3.2000000476837158203125</ele>
        <time>2026-09-06T13:30:50.000Z</time>
        <extensions>
          <ns3:TrackPointExtension>
            <ns3:atemp>30.0</ns3:atemp>
            <ns3:hr>162</ns3:hr>
            <ns3:cad>88</ns3:cad>
          </ns3:TrackPointExtension>
        </extensions>
      </trkpt>
      <trkpt lat="30.900545530021190643310546875" lon="121.7379588447511196136474609375">
        <ele>3.2000000476837158203125</ele>
        <time>2026-09-06T13:30:51.000Z</time>
        <extensions>
          <ns3:TrackPointExtension>
            <ns3:atemp>30.0</ns3:atemp>
            <ns3:hr>162</ns3:hr>
            <ns3:cad>87</ns3:cad>
          </ns3:TrackPointExtension>
        </extensions>
      </trkpt>
      <trkpt lat="30.900548212230205535888671875" lon="121.7379843257367610931396484375">
        <ele>3.2000000476837158203125</ele>
        <time>2026-09-06T13:30:52.000Z</time>
        <extensions>
          <ns3:TrackPointExtension>
            <ns3:atemp>30.0</ns3:atemp>
            <ns3:hr>162</ns3:hr>
            <ns3:cad>87</ns3:cad>
          </ns3:TrackPointExtension>
        </extensions>
      </trkpt>
      <trkpt lat="30.90055047534406185150146484375" lon="121.7380181886255741119384765625">
        <ele>3.2000000476837158203125</ele>
        <time>2026-09-06T13:30:53.000Z</time>
        <extensions>
          <ns3:TrackPointExtension>
            <ns3:atemp>30.0</ns3:atemp>
            <ns3:hr>163</ns3:hr>
            <ns3:cad>89</ns3:cad>
          </ns3:TrackPointExtension>
        </extensions>
      </trkpt>
      <trkpt lat="30.9005577675998210906982421875" lon="121.7380389757454395294189453125">
        <ele>3.2000000476837158203125</ele>
        <time>2026-09-06T13:30:54.000Z</time>
        <extensions>
          <ns3:TrackPointExtension>
            <ns3:atemp>30.0</ns3:atemp>
            <ns3:hr>163</ns3:hr>
            <ns3:cad>89</ns3:cad>
          </ns3:TrackPointExtension>
        </extensions>
      </trkpt>
      <trkpt lat="30.90056053362786769866943359375" lon="121.73807024024426937103271484375">
        <ele>3.2000000476837158203125</ele>
        <time>2026-09-06T13:30:55.000Z</time>
        <extensions>
          <ns3:TrackPointExtension>
            <ns3:atemp>30.0</ns3:atemp>
            <ns3:hr>163</ns3:hr>
            <ns3:cad>88</ns3:cad>
          </ns3:TrackPointExtension>
        </extensions>
      </trkpt>
      <trkpt lat="30.90056824497878551483154296875" lon="121.7380936257541179656982421875">
        <ele>3.2000000476837158203125</ele>
        <time>2026-09-06T13:30:56.000Z</time>
        <extensions>
          <ns3:TrackPointExtension>
            <ns3:atemp>30.0</ns3:atemp>
            <ns3:hr>162</ns3:hr>
            <ns3:cad>88</ns3:cad>
          </ns3:TrackPointExtension>
        </extensions>
      </trkpt>
      <trkpt lat="30.90057210065424442291259765625" lon="121.73812187276780605316162109375">
        <ele>3.2000000476837158203125</ele>
        <time>2026-09-06T13:30:57.000Z</time>
        <extensions>
          <ns3:TrackPointExtension>
            <ns3:atemp>30.0</ns3:atemp>
            <ns3:hr>163</ns3:hr>
            <ns3:cad>88</ns3:cad>
          </ns3:TrackPointExtension>
        </extensions>
      </trkpt>
      <trkpt lat="30.90057495050132274627685546875" lon="121.7381452582776546478271484375">
        <ele>3.2000000476837158203125</ele>
        <time>2026-09-06T13:30:58.000Z</time>
        <extensions>
          <ns3:TrackPointExtension>
            <ns3:atemp>30.0</ns3:atemp>
            <ns3:hr>163</ns3:hr>
            <ns3:cad>88</ns3:cad>
          </ns3:TrackPointExtension>
        </extensions>
      </trkpt>
      <trkpt lat="30.90057604014873504638671875" lon="121.73817132599651813507080078125">
        <ele>3.2000000476837158203125</ele>
        <time>2026-09-06T13:30:59.000Z</time>
        <extensions>
          <ns3:TrackPointExtension>
            <ns3:atemp>30.0</ns3:atemp>
            <ns3:hr>163</ns3:hr>
            <ns3:cad>89</ns3:cad>
          </ns3:TrackPointExtension>
        </extensions>
      </trkpt>
      <trkpt lat="30.9005753695964813232421875" lon="121.7381948791444301605224609375">
        <ele>3.2000000476837158203125</ele>
        <time>2026-09-06T13:31:00.000Z</time>
        <extensions>
          <ns3:TrackPointExtension>
            <ns3:atemp>30.0</ns3:atemp>
            <ns3:hr>163</ns3:hr>
            <ns3:cad>89</ns3:cad>
          </ns3:TrackPointExtension>
        </extensions>
      </trkpt>
      <trkpt lat="30.90057377703487873077392578125" lon="121.738222874701023101806640625">
        <ele>3.2000000476837158203125</ele>
        <time>2026-09-06T13:31:01.000Z</time>
        <extensions>
          <ns3:TrackPointExtension>
            <ns3:atemp>30.0</ns3:atemp>
            <ns3:hr>163</ns3:hr>
            <ns3:cad>88</ns3:cad>
          </ns3:TrackPointExtension>
        </extensions>
      </trkpt>
      <trkpt lat="30.9005768783390522003173828125" lon="121.73824491910636425018310546875">
        <ele>3.2000000476837158203125</ele>
        <time>2026-09-06T13:31:02.000Z</time>
        <extensions>
          <ns3:TrackPointExtension>
            <ns3:atemp>30.0</ns3:atemp>
            <ns3:hr>163</ns3:hr>
            <ns3:cad>88</ns3:cad>
          </ns3:TrackPointExtension>
        </extensions>
      </trkpt>
      <trkpt lat="30.9005815722048282623291015625" lon="121.73827609978616237640380859375">
        <ele>3.2000000476837158203125</ele>
        <time>2026-09-06T13:31:03.000Z</time>
        <extensions>
          <ns3:TrackPointExtension>
            <ns3:atemp>30.0</ns3:atemp>
            <ns3:hr>163</ns3:hr>
            <ns3:cad>88</ns3:cad>
          </ns3:TrackPointExtension>
        </extensions>
      </trkpt>
      <trkpt lat="30.900583751499652862548828125" lon="121.73830023966729640960693359375">
        <ele>3.2000000476837158203125</ele>
        <time>2026-09-06T13:31:04.000Z</time>
        <extensions>
          <ns3:TrackPointExtension>
            <ns3:atemp>30.0</ns3:atemp>
            <ns3:hr>164</ns3:hr>
            <ns3:cad>89</ns3:cad>
          </ns3:TrackPointExtension>
        </extensions>
      </trkpt>
      <trkpt lat="30.9005862660706043243408203125" lon="121.738330833613872528076171875">
        <ele>3.2000000476837158203125</ele>
        <time>2026-09-06T13:31:05.000Z</time>
        <extensions>
          <ns3:TrackPointExtension>
            <ns3:atemp>30.0</ns3:atemp>
            <ns3:hr>164</ns3:hr>
            <ns3:cad>89</ns3:cad>
          </ns3:TrackPointExtension>
        </extensions>
      </trkpt>
      <trkpt lat="30.90058132074773311614990234375" lon="121.7383579909801483154296875">
        <ele>3.2000000476837158203125</ele>
        <time>2026-09-06T13:31:06.000Z</time>
        <extensions>
          <ns3:TrackPointExtension>
            <ns3:atemp>30.0</ns3:atemp>
            <ns3:hr>164</ns3:hr>
            <ns3:cad>89</ns3:cad>
          </ns3:TrackPointExtension>
        </extensions>
      </trkpt>
      <trkpt lat="30.9005869366228580474853515625" lon="121.738383807241916656494140625">
        <ele>3.2000000476837158203125</ele>
        <time>2026-09-06T13:31:07.000Z</time>
        <extensions>
          <ns3:TrackPointExtension>
            <ns3:atemp>30.0</ns3:atemp>
            <ns3:hr>164</ns3:hr>
            <ns3:cad>88</ns3:cad>
          </ns3:TrackPointExtension>
        </extensions>
      </trkpt>
      <trkpt lat="30.90058735571801662445068359375" lon="121.7384101264178752899169921875">
        <ele>3.2000000476837158203125</ele>
        <time>2026-09-06T13:31:08.000Z</time>
        <extensions>
          <ns3:TrackPointExtension>
            <ns3:atemp>30.0</ns3:atemp>
            <ns3:hr>165</ns3:hr>
            <ns3:cad>88</ns3:cad>
          </ns3:TrackPointExtension>
        </extensions>
      </trkpt>
      <trkpt lat="30.90059355832636356353759765625" lon="121.7384372837841510772705078125">
        <ele>3.400000095367431640625</ele>
        <time>2026-09-06T13:31:09.000Z</time>
        <extensions>
          <ns3:TrackPointExtension>
            <ns3:atemp>30.0</ns3:atemp>
            <ns3:hr>165</ns3:hr>
            <ns3:cad>88</ns3:cad>
          </ns3:TrackPointExtension>
        </extensions>
      </trkpt>
      <trkpt lat="30.9005923010408878326416015625" lon="121.73846821300685405731201171875">
        <ele>3.400000095367431640625</ele>
        <time>2026-09-06T13:31:10.000Z</time>
        <extensions>
          <ns3:TrackPointExtension>
            <ns3:atemp>30.0</ns3:atemp>
            <ns3:hr>165</ns3:hr>
            <ns3:cad>89</ns3:cad>
          </ns3:TrackPointExtension>
        </extensions>
      </trkpt>
      <trkpt lat="30.90059959329664707183837890625" lon="121.738495789468288421630859375">
        <ele>3.400000095367431640625</ele>
        <time>2026-09-06T13:31:11.000Z</time>
        <extensions>
          <ns3:TrackPointExtension>
            <ns3:atemp>30.0</ns3:atemp>
            <ns3:hr>165</ns3:hr>
            <ns3:cad>89</ns3:cad>
          </ns3:TrackPointExtension>
        </extensions>
      </trkpt>
      <trkpt lat="30.9005968272686004638671875" lon="121.73852495849132537841796875">
        <ele>3.400000095367431640625</ele>
        <time>2026-09-06T13:31:12.000Z</time>
        <extensions>
          <ns3:TrackPointExtension>
            <ns3:atemp>30.0</ns3:atemp>
            <ns3:hr>165</ns3:hr>
            <ns3:cad>88</ns3:cad>
          </ns3:TrackPointExtension>
        </extensions>
      </trkpt>
      <trkpt lat="30.900600850582122802734375" lon="121.738548763096332550048828125">
        <ele>3.400000095367431640625</ele>
        <time>2026-09-06T13:31:13.000Z</time>
        <extensions>
          <ns3:TrackPointExtension>
            <ns3:atemp>30.0</ns3:atemp>
            <ns3:hr>165</ns3:hr>
            <ns3:cad>87</ns3:cad>
          </ns3:TrackPointExtension>
        </extensions>
      </trkpt>
      <trkpt lat="30.90059808455407619476318359375" lon="121.73857994377613067626953125">
        <ele>3.2000000476837158203125</ele>
        <time>2026-09-06T13:31:14.000Z</time>
        <extensions>
          <ns3:TrackPointExtension>
            <ns3:atemp>30.0</ns3:atemp>
            <ns3:hr>165</ns3:hr>
            <ns3:cad>87</ns3:cad>
          </ns3:TrackPointExtension>
        </extensions>
      </trkpt>
      <trkpt lat="30.9006003476679325103759765625" lon="121.73860232345759868621826171875">
        <ele>3.2000000476837158203125</ele>
        <time>2026-09-06T13:31:15.000Z</time>
        <extensions>
          <ns3:TrackPointExtension>
            <ns3:atemp>30.0</ns3:atemp>
            <ns3:hr>165</ns3:hr>
            <ns3:cad>88</ns3:cad>
          </ns3:TrackPointExtension>
        </extensions>
      </trkpt>
      <trkpt lat="30.90060110203921794891357421875" lon="121.73863333649933338165283203125">
        <ele>3.400000095367431640625</ele>
        <time>2026-09-06T13:31:16.000Z</time>
        <extensions>
          <ns3:TrackPointExtension>
            <ns3:atemp>30.0</ns3:atemp>
            <ns3:hr>165</ns3:hr>
            <ns3:cad>88</ns3:cad>
          </ns3:TrackPointExtension>
        </extensions>
      </trkpt>
      <trkpt lat="30.90060009621083736419677734375" lon="121.738656722009181976318359375">
        <ele>3.400000095367431640625</ele>
        <time>2026-09-06T13:31:17.000Z</time>
        <extensions>
          <ns3:TrackPointExtension>
            <ns3:atemp>30.0</ns3:atemp>
            <ns3:hr>165</ns3:hr>
            <ns3:cad>88</ns3:cad>
          </ns3:TrackPointExtension>
        </extensions>
      </trkpt>
      <trkpt lat="30.90060093440115451812744140625" lon="121.73868882469832897186279296875">
        <ele>3.400000095367431640625</ele>
        <time>2026-09-06T13:31:18.000Z</time>
        <extensions>
          <ns3:TrackPointExtension>
            <ns3:atemp>30.0</ns3:atemp>
            <ns3:hr>165</ns3:hr>
            <ns3:cad>87</ns3:cad>
          </ns3:TrackPointExtension>
        </extensions>
      </trkpt>
      <trkpt lat="30.90059808455407619476318359375" lon="121.738712377846240997314453125">
        <ele>3.400000095367431640625</ele>
        <time>2026-09-06T13:31:19.000Z</time>
        <extensions>
          <ns3:TrackPointExtension>
            <ns3:atemp>30.0</ns3:atemp>
            <ns3:hr>165</ns3:hr>
            <ns3:cad>87</ns3:cad>
          </ns3:TrackPointExtension>
        </extensions>
      </trkpt>
      <trkpt lat="30.90060177259147167205810546875" lon="121.73874230124056339263916015625">
        <ele>3.400000095367431640625</ele>
        <time>2026-09-06T13:31:20.000Z</time>
        <extensions>
          <ns3:TrackPointExtension>
            <ns3:atemp>30.0</ns3:atemp>
            <ns3:hr>165</ns3:hr>
            <ns3:cad>87</ns3:cad>
          </ns3:TrackPointExtension>
        </extensions>
      </trkpt>
      <trkpt lat="30.90059976093471050262451171875" lon="121.7387671954929828643798828125">
        <ele>3.400000095367431640625</ele>
        <time>2026-09-06T13:31:21.000Z</time>
        <extensions>
          <ns3:TrackPointExtension>
            <ns3:atemp>30.0</ns3:atemp>
            <ns3:hr>165</ns3:hr>
            <ns3:cad>88</ns3:cad>
          </ns3:TrackPointExtension>
        </extensions>
      </trkpt>
      <trkpt lat="30.90060018002986907958984375" lon="121.738796196877956390380859375">
        <ele>3.400000095367431640625</ele>
        <time>2026-09-06T13:31:22.000Z</time>
        <extensions>
          <ns3:TrackPointExtension>
            <ns3:atemp>30.0</ns3:atemp>
            <ns3:hr>165</ns3:hr>
            <ns3:cad>88</ns3:cad>
          </ns3:TrackPointExtension>
        </extensions>
      </trkpt>
      <trkpt lat="30.90060152113437652587890625" lon="121.7388245277106761932373046875">
        <ele>3.400000095367431640625</ele>
        <time>2026-09-06T13:31:23.000Z</time>
        <extensions>
          <ns3:TrackPointExtension>
            <ns3:atemp>30.0</ns3:atemp>
            <ns3:hr>165</ns3:hr>
            <ns3:cad>87</ns3:cad>
          </ns3:TrackPointExtension>
        </extensions>
      </trkpt>
      <trkpt lat="30.900607891380786895751953125" lon="121.73885042779147624969482421875">
        <ele>3.400000095367431640625</ele>
        <time>2026-09-06T13:31:24.000Z</time>
        <extensions>
          <ns3:TrackPointExtension>
            <ns3:atemp>29.0</ns3:atemp>
            <ns3:hr>165</ns3:hr>
            <ns3:cad>87</ns3:cad>
          </ns3:TrackPointExtension>
        </extensions>
      </trkpt>
      <trkpt lat="30.90060663409531116485595703125" lon="121.73887976445257663726806640625">
        <ele>3.400000095367431640625</ele>
        <time>2026-09-06T13:31:25.000Z</time>
        <extensions>
          <ns3:TrackPointExtension>
            <ns3:atemp>30.0</ns3:atemp>
            <ns3:hr>165</ns3:hr>
            <ns3:cad>87</ns3:cad>
          </ns3:TrackPointExtension>
        </extensions>
      </trkpt>
      <trkpt lat="30.90060981921851634979248046875" lon="121.7389043234288692474365234375">
        <ele>3.400000095367431640625</ele>
        <time>2026-09-06T13:31:26.000Z</time>
        <extensions>
          <ns3:TrackPointExtension>
            <ns3:atemp>30.0</ns3:atemp>
            <ns3:hr>164</ns3:hr>
            <ns3:cad>89</ns3:cad>
          </ns3:TrackPointExtension>
        </extensions>
      </trkpt>
      <trkpt lat="30.90061065740883350372314453125" lon="121.73893592320382595062255859375">
        <ele>3.400000095367431640625</ele>
        <time>2026-09-06T13:31:27.000Z</time>
        <extensions>
          <ns3:TrackPointExtension>
            <ns3:atemp>30.0</ns3:atemp>
            <ns3:hr>165</ns3:hr>
            <ns3:cad>89</ns3:cad>
          </ns3:TrackPointExtension>
        </extensions>
      </trkpt>
      <trkpt lat="30.9006150998175144195556640625" lon="121.73895788379013538360595703125">
        <ele>3.400000095367431640625</ele>
        <time>2026-09-06T13:31:28.000Z</time>
        <extensions>
          <ns3:TrackPointExtension>
            <ns3:atemp>30.0</ns3:atemp>
            <ns3:hr>165</ns3:hr>
            <ns3:cad>88</ns3:cad>
          </ns3:TrackPointExtension>
        </extensions>
      </trkpt>
      <trkpt lat="30.90061065740883350372314453125" lon="121.7389883100986480712890625">
        <ele>3.400000095367431640625</ele>
        <time>2026-09-06T13:31:29.000Z</time>
        <extensions>
          <ns3:TrackPointExtension>
            <ns3:atemp>30.0</ns3:atemp>
            <ns3:hr>165</ns3:hr>
            <ns3:cad>87</ns3:cad>
          </ns3:TrackPointExtension>
        </extensions>
      </trkpt>
      <trkpt lat="30.9006174467504024505615234375" lon="121.73901236616075038909912109375">
        <ele>3.400000095367431640625</ele>
        <time>2026-09-06T13:31:30.000Z</time>
        <extensions>
          <ns3:TrackPointExtension>
            <ns3:atemp>29.0</ns3:atemp>
            <ns3:hr>165</ns3:hr>
            <ns3:cad>87</ns3:cad>
          </ns3:TrackPointExtension>
        </extensions>
      </trkpt>
      <trkpt lat="30.90061895549297332763671875" lon="121.73904723487794399261474609375">
        <ele>3.400000095367431640625</ele>
        <time>2026-09-06T13:31:31.000Z</time>
        <extensions>
          <ns3:TrackPointExtension>
            <ns3:atemp>30.0</ns3:atemp>
            <ns3:hr>165</ns3:hr>
            <ns3:cad>88</ns3:cad>
          </ns3:TrackPointExtension>
        </extensions>
      </trkpt>
      <trkpt lat="30.90062540955841541290283203125" lon="121.7390702851116657257080078125">
        <ele>3.400000095367431640625</ele>
        <time>2026-09-06T13:31:32.000Z</time>
        <extensions>
          <ns3:TrackPointExtension>
            <ns3:atemp>30.0</ns3:atemp>
            <ns3:hr>165</ns3:hr>
            <ns3:cad>88</ns3:cad>
          </ns3:TrackPointExtension>
        </extensions>
      </trkpt>
      <trkpt lat="30.900632701814174652099609375" lon="121.7391011305153369903564453125">
        <ele>3.400000095367431640625</ele>
        <time>2026-09-06T13:31:33.000Z</time>
        <extensions>
          <ns3:TrackPointExtension>
            <ns3:atemp>30.0</ns3:atemp>
            <ns3:hr>164</ns3:hr>
            <ns3:cad>88</ns3:cad>
          </ns3:TrackPointExtension>
        </extensions>
      </trkpt>
      <trkpt lat="30.9006315283477306365966796875" lon="121.73912753351032733917236328125">
        <ele>3.400000095367431640625</ele>
        <time>2026-09-06T13:31:34.000Z</time>
        <extensions>
          <ns3:TrackPointExtension>
            <ns3:atemp>30.0</ns3:atemp>
            <ns3:hr>164</ns3:hr>
            <ns3:cad>87</ns3:cad>
          </ns3:TrackPointExtension>
        </extensions>
      </trkpt>
      <trkpt lat="30.9006358869373798370361328125" lon="121.73915661871433258056640625">
        <ele>3.400000095367431640625</ele>
        <time>2026-09-06T13:31:35.000Z</time>
        <extensions>
          <ns3:TrackPointExtension>
            <ns3:atemp>30.0</ns3:atemp>
            <ns3:hr>164</ns3:hr>
            <ns3:cad>87</ns3:cad>
          </ns3:TrackPointExtension>
        </extensions>
      </trkpt>
      <trkpt lat="30.90063815005123615264892578125" lon="121.73918587155640125274658203125">
        <ele>3.400000095367431640625</ele>
        <time>2026-09-06T13:31:36.000Z</time>
        <extensions>
          <ns3:TrackPointExtension>
            <ns3:atemp>30.0</ns3:atemp>
            <ns3:hr>164</ns3:hr>
            <ns3:cad>87</ns3:cad>
          </ns3:TrackPointExtension>
        </extensions>
      </trkpt>
      <trkpt lat="30.90064368210732936859130859375" lon="121.739209927618503570556640625">
        <ele>3.400000095367431640625</ele>
        <time>2026-09-06T13:31:37.000Z</time>
        <extensions>
          <ns3:TrackPointExtension>
            <ns3:atemp>30.0</ns3:atemp>
            <ns3:hr>164</ns3:hr>
            <ns3:cad>88</ns3:cad>
          </ns3:TrackPointExtension>
        </extensions>
      </trkpt>
      <trkpt lat="30.90063982643187046051025390625" lon="121.7392416112124919891357421875">
        <ele>3.400000095367431640625</ele>
        <time>2026-09-06T13:31:38.000Z</time>
        <extensions>
          <ns3:TrackPointExtension>
            <ns3:atemp>30.0</ns3:atemp>
            <ns3:hr>164</ns3:hr>
            <ns3:cad>88</ns3:cad>
          </ns3:TrackPointExtension>
        </extensions>
      </trkpt>
      <trkpt lat="30.900642760097980499267578125" lon="121.73926885239779949188232421875">
        <ele>3.400000095367431640625</ele>
        <time>2026-09-06T13:31:39.000Z</time>
        <extensions>
          <ns3:TrackPointExtension>
            <ns3:atemp>30.0</ns3:atemp>
            <ns3:hr>164</ns3:hr>
            <ns3:cad>87</ns3:cad>
          </ns3:TrackPointExtension>
        </extensions>
      </trkpt>
      <trkpt lat="30.900640077888965606689453125" lon="121.7392996139824390411376953125">
        <ele>3.400000095367431640625</ele>
        <time>2026-09-06T13:31:40.000Z</time>
        <extensions>
          <ns3:TrackPointExtension>
            <ns3:atemp>30.0</ns3:atemp>
            <ns3:hr>164</ns3:hr>
            <ns3:cad>87</ns3:cad>
          </ns3:TrackPointExtension>
        </extensions>
      </trkpt>
      <trkpt lat="30.90064301155507564544677734375" lon="121.73932216130197048187255859375">
        <ele>3.400000095367431640625</ele>
        <time>2026-09-06T13:31:41.000Z</time>
        <extensions>
          <ns3:TrackPointExtension>
            <ns3:atemp>30.0</ns3:atemp>
            <ns3:hr>165</ns3:hr>
            <ns3:cad>87</ns3:cad>
          </ns3:TrackPointExtension>
        </extensions>
      </trkpt>
      <trkpt lat="30.90064309537410736083984375" lon="121.73935149796307086944580078125">
        <ele>3.400000095367431640625</ele>
        <time>2026-09-06T13:31:42.000Z</time>
        <extensions>
          <ns3:TrackPointExtension>
            <ns3:atemp>30.0</ns3:atemp>
            <ns3:hr>165</ns3:hr>
            <ns3:cad>88</ns3:cad>
          </ns3:TrackPointExtension>
        </extensions>
      </trkpt>
      <trkpt lat="30.9006446041166782379150390625" lon="121.7393716983497142791748046875">
        <ele>3.400000095367431640625</ele>
        <time>2026-09-06T13:31:43.000Z</time>
        <extensions>
          <ns3:TrackPointExtension>
            <ns3:atemp>30.0</ns3:atemp>
            <ns3:hr>165</ns3:hr>
            <ns3:cad>88</ns3:cad>
          </ns3:TrackPointExtension>
        </extensions>
      </trkpt>
      <trkpt lat="30.90064317919313907623291015625" lon="121.7394038848578929901123046875">
        <ele>3.400000095367431640625</ele>
        <time>2026-09-06T13:31:44.000Z</time>
        <extensions>
          <ns3:TrackPointExtension>
            <ns3:atemp>30.0</ns3:atemp>
            <ns3:hr>165</ns3:hr>
            <ns3:cad>88</ns3:cad>
          </ns3:TrackPointExtension>
        </extensions>
      </trkpt>
      <trkpt lat="30.9006452746689319610595703125" lon="121.73942944966256618499755859375">
        <ele>3.400000095367431640625</ele>
        <time>2026-09-06T13:31:45.000Z</time>
        <extensions>
          <ns3:TrackPointExtension>
            <ns3:atemp>30.0</ns3:atemp>
            <ns3:hr>165</ns3:hr>
            <ns3:cad>87</ns3:cad>
          </ns3:TrackPointExtension>
        </extensions>
      </trkpt>
      <trkpt lat="30.90064737014472484588623046875" lon="121.7394628934562206268310546875">
        <ele>3.400000095367431640625</ele>
        <time>2026-09-06T13:31:46.000Z</time>
        <extensions>
          <ns3:TrackPointExtension>
            <ns3:atemp>30.0</ns3:atemp>
            <ns3:hr>165</ns3:hr>
            <ns3:cad>87</ns3:cad>
          </ns3:TrackPointExtension>
        </extensions>
      </trkpt>
      <trkpt lat="30.90064820833504199981689453125" lon="121.73948812298476696014404296875">
        <ele>3.400000095367431640625</ele>
        <time>2026-09-06T13:31:47.000Z</time>
        <extensions>
          <ns3:TrackPointExtension>
            <ns3:atemp>30.0</ns3:atemp>
            <ns3:hr>165</ns3:hr>
            <ns3:cad>88</ns3:cad>
          </ns3:TrackPointExtension>
        </extensions>
      </trkpt>
      <trkpt lat="30.9006489627063274383544921875" lon="121.7395198903977870941162109375">
        <ele>3.400000095367431640625</ele>
        <time>2026-09-06T13:31:48.000Z</time>
        <extensions>
          <ns3:TrackPointExtension>
            <ns3:atemp>30.0</ns3:atemp>
            <ns3:hr>165</ns3:hr>
            <ns3:cad>88</ns3:cad>
          </ns3:TrackPointExtension>
        </extensions>
      </trkpt>
      <trkpt lat="30.90064804069697856903076171875" lon="121.739547550678253173828125">
        <ele>3.2000000476837158203125</ele>
        <time>2026-09-06T13:31:49.000Z</time>
        <extensions>
          <ns3:TrackPointExtension>
            <ns3:atemp>29.0</ns3:atemp>
            <ns3:hr>165</ns3:hr>
            <ns3:cad>88</ns3:cad>
          </ns3:TrackPointExtension>
        </extensions>
      </trkpt>
      <trkpt lat="30.90065273456275463104248046875" lon="121.7395783960819244384765625">
        <ele>3.2000000476837158203125</ele>
        <time>2026-09-06T13:31:50.000Z</time>
        <extensions>
          <ns3:TrackPointExtension>
            <ns3:atemp>30.0</ns3:atemp>
            <ns3:hr>166</ns3:hr>
            <ns3:cad>87</ns3:cad>
          </ns3:TrackPointExtension>
        </extensions>
      </trkpt>
      <trkpt lat="30.9006531536579132080078125" lon="121.7396077327430248260498046875">
        <ele>3.2000000476837158203125</ele>
        <time>2026-09-06T13:31:51.000Z</time>
        <extensions>
          <ns3:TrackPointExtension>
            <ns3:atemp>30.0</ns3:atemp>
            <ns3:hr>166</ns3:hr>
            <ns3:cad>87</ns3:cad>
          </ns3:TrackPointExtension>
        </extensions>
      </trkpt>
      <trkpt lat="30.90065843425691127777099609375" lon="121.73963480629026889801025390625">
        <ele>3.400000095367431640625</ele>
        <time>2026-09-06T13:31:52.000Z</time>
        <extensions>
          <ns3:TrackPointExtension>
            <ns3:atemp>30.0</ns3:atemp>
            <ns3:hr>166</ns3:hr>
            <ns3:cad>87</ns3:cad>
          </ns3:TrackPointExtension>
        </extensions>
      </trkpt>
      <trkpt lat="30.90065659023821353912353515625" lon="121.73966296948492527008056640625">
        <ele>3.400000095367431640625</ele>
        <time>2026-09-06T13:31:53.000Z</time>
        <extensions>
          <ns3:TrackPointExtension>
            <ns3:atemp>29.0</ns3:atemp>
            <ns3:hr>166</ns3:hr>
            <ns3:cad>88</ns3:cad>
          </ns3:TrackPointExtension>
        </extensions>
      </trkpt>
      <trkpt lat="30.9006583504378795623779296875" lon="121.73969171941280364990234375">
        <ele>3.400000095367431640625</ele>
        <time>2026-09-06T13:31:54.000Z</time>
        <extensions>
          <ns3:TrackPointExtension>
            <ns3:atemp>30.0</ns3:atemp>
            <ns3:hr>166</ns3:hr>
            <ns3:cad>88</ns3:cad>
          </ns3:TrackPointExtension>
        </extensions>
      </trkpt>
      <trkpt lat="30.90065793134272098541259765625" lon="121.7397183738648891448974609375">
        <ele>3.400000095367431640625</ele>
        <time>2026-09-06T13:31:55.000Z</time>
        <extensions>
          <ns3:TrackPointExtension>
            <ns3:atemp>29.0</ns3:atemp>
            <ns3:hr>166</ns3:hr>
            <ns3:cad>88</ns3:cad>
          </ns3:TrackPointExtension>
        </extensions>
      </trkpt>
      <trkpt lat="30.90066212229430675506591796875" lon="121.73974142409861087799072265625">
        <ele>3.400000095367431640625</ele>
        <time>2026-09-06T13:31:56.000Z</time>
        <extensions>
          <ns3:TrackPointExtension>
            <ns3:atemp>29.0</ns3:atemp>
            <ns3:hr>166</ns3:hr>
            <ns3:cad>88</ns3:cad>
          </ns3:TrackPointExtension>
        </extensions>
      </trkpt>
      <trkpt lat="30.90065809898078441619873046875" lon="121.739769838750362396240234375">
        <ele>3.400000095367431640625</ele>
        <time>2026-09-06T13:31:57.000Z</time>
        <extensions>
          <ns3:TrackPointExtension>
            <ns3:atemp>30.0</ns3:atemp>
            <ns3:hr>166</ns3:hr>
            <ns3:cad>88</ns3:cad>
          </ns3:TrackPointExtension>
        </extensions>
      </trkpt>
      <trkpt lat="30.9006617031991481781005859375" lon="121.73978785984218120574951171875">
        <ele>3.400000095367431640625</ele>
        <time>2026-09-06T13:31:58.000Z</time>
        <extensions>
          <ns3:TrackPointExtension>
            <ns3:atemp>30.0</ns3:atemp>
            <ns3:hr>167</ns3:hr>
            <ns3:cad>88</ns3:cad>
          </ns3:TrackPointExtension>
        </extensions>
      </trkpt>
      <trkpt lat="30.9006586857140064239501953125" lon="121.7398001812398433685302734375">
        <ele>3.2000000476837158203125</ele>
        <time>2026-09-06T13:31:59.000Z</time>
        <extensions>
          <ns3:TrackPointExtension>
            <ns3:atemp>29.0</ns3:atemp>
            <ns3:hr>167</ns3:hr>
            <ns3:cad>89</ns3:cad>
          </ns3:TrackPointExtension>
        </extensions>
      </trkpt>
      <trkpt lat="30.90065575204789638519287109375" lon="121.73981334082782268524169921875">
        <ele>3.2000000476837158203125</ele>
        <time>2026-09-06T13:32:00.000Z</time>
        <extensions>
          <ns3:TrackPointExtension>
            <ns3:atemp>30.0</ns3:atemp>
            <ns3:hr>167</ns3:hr>
            <ns3:cad>89</ns3:cad>
          </ns3:TrackPointExtension>
        </extensions>
      </trkpt>
      <trkpt lat="30.90064980089664459228515625" lon="121.73982742242515087127685546875">
        <ele>3.2000000476837158203125</ele>
        <time>2026-09-06T13:32:01.000Z</time>
        <extensions>
          <ns3:TrackPointExtension>
            <ns3:atemp>30.0</ns3:atemp>
            <ns3:hr>167</ns3:hr>
            <ns3:cad>89</ns3:cad>
          </ns3:TrackPointExtension>
        </extensions>
      </trkpt>
      <trkpt lat="30.90063177980482578277587890625" lon="121.73983429558575153350830078125">
        <ele>3.2000000476837158203125</ele>
        <time>2026-09-06T13:32:02.000Z</time>
        <extensions>
          <ns3:TrackPointExtension>
            <ns3:atemp>29.0</ns3:atemp>
            <ns3:hr>167</ns3:hr>
            <ns3:cad>89</ns3:cad>
          </ns3:TrackPointExtension>
        </extensions>
      </trkpt>
      <trkpt lat="30.90062239207327365875244140625" lon="121.73984058201313018798828125">
        <ele>3.2000000476837158203125</ele>
        <time>2026-09-06T13:32:03.000Z</time>
        <extensions>
          <ns3:TrackPointExtension>
            <ns3:atemp>30.0</ns3:atemp>
            <ns3:hr>167</ns3:hr>
            <ns3:cad>89</ns3:cad>
          </ns3:TrackPointExtension>
        </extensions>
      </trkpt>
      <trkpt lat="30.900614596903324127197265625" lon="121.73984502442181110382080078125">
        <ele>3.400000095367431640625</ele>
        <time>2026-09-06T13:32:04.000Z</time>
        <extensions>
          <ns3:TrackPointExtension>
            <ns3:atemp>29.0</ns3:atemp>
            <ns3:hr>167</ns3:hr>
            <ns3:cad>89</ns3:cad>
          </ns3:TrackPointExtension>
        </extensions>
      </trkpt>
      <trkpt lat="30.90060512535274028778076171875" lon="121.73985265195369720458984375">
        <ele>3.400000095367431640625</ele>
        <time>2026-09-06T13:32:05.000Z</time>
        <extensions>
          <ns3:TrackPointExtension>
            <ns3:atemp>30.0</ns3:atemp>
            <ns3:hr>168</ns3:hr>
            <ns3:cad>89</ns3:cad>
          </ns3:TrackPointExtension>
        </extensions>
      </trkpt>
      <trkpt lat="30.9005976654589176177978515625" lon="121.73986396752297878265380859375">
        <ele>3.599999904632568359375</ele>
        <time>2026-09-06T13:32:06.000Z</time>
        <extensions>
          <ns3:TrackPointExtension>
            <ns3:atemp>30.0</ns3:atemp>
            <ns3:hr>167</ns3:hr>
            <ns3:cad>57</ns3:cad>
          </ns3:TrackPointExtension>
        </extensions>
      </trkpt>
      <trkpt lat="30.90059892274439334869384765625" lon="121.73987586982548236846923828125">
        <ele>3.599999904632568359375</ele>
        <time>2026-09-06T13:32:07.000Z</time>
        <extensions>
          <ns3:TrackPointExtension>
            <ns3:atemp>29.0</ns3:atemp>
            <ns3:hr>167</ns3:hr>
            <ns3:cad>57</ns3:cad>
          </ns3:TrackPointExtension>
        </extensions>
      </trkpt>
      <trkpt lat="30.90059724636375904083251953125" lon="121.73988659866154193878173828125">
        <ele>3.400000095367431640625</ele>
        <time>2026-09-06T13:32:08.000Z</time>
        <extensions>
          <ns3:TrackPointExtension>
            <ns3:atemp>30.0</ns3:atemp>
            <ns3:hr>166</ns3:hr>
            <ns3:cad>57</ns3:cad>
          </ns3:TrackPointExtension>
        </extensions>
      </trkpt>
      <trkpt lat="30.9005963243544101715087890625" lon="121.7398930527269840240478515625">
        <ele>3.400000095367431640625</ele>
        <time>2026-09-06T13:32:09.000Z</time>
        <extensions>
          <ns3:TrackPointExtension>
            <ns3:atemp>29.0</ns3:atemp>
            <ns3:hr>165</ns3:hr>
            <ns3:cad>57</ns3:cad>
          </ns3:TrackPointExtension>
        </extensions>
      </trkpt>
      <trkpt lat="30.90059489943087100982666015625" lon="121.73990051262080669403076171875">
        <ele>3.400000095367431640625</ele>
        <time>2026-09-06T13:32:10.000Z</time>
        <extensions>
          <ns3:TrackPointExtension>
            <ns3:atemp>30.0</ns3:atemp>
            <ns3:hr>163</ns3:hr>
            <ns3:cad>57</ns3:cad>
          </ns3:TrackPointExtension>
        </extensions>
      </trkpt>
      <trkpt lat="30.90059272013604640960693359375" lon="121.7399071343243122100830078125">
        <ele>3.400000095367431640625</ele>
        <time>2026-09-06T13:32:11.000Z</time>
        <extensions>
          <ns3:TrackPointExtension>
            <ns3:atemp>29.0</ns3:atemp>
            <ns3:hr>162</ns3:hr>
            <ns3:cad>56</ns3:cad>
          </ns3:TrackPointExtension>
        </extensions>
      </trkpt>
      <trkpt lat="30.900590457022190093994140625" lon="121.73990705050528049468994140625">
        <ele>3.400000095367431640625</ele>
        <time>2026-09-06T13:32:12.000Z</time>
        <extensions>
          <ns3:TrackPointExtension>
            <ns3:atemp>30.0</ns3:atemp>
            <ns3:hr>161</ns3:hr>
            <ns3:cad>56</ns3:cad>
          </ns3:TrackPointExtension>
        </extensions>
      </trkpt>
      <trkpt lat="30.9005902893841266632080078125" lon="121.7399071343243122100830078125">
        <ele>3.2000000476837158203125</ele>
        <time>2026-09-06T13:32:13.000Z</time>
        <extensions>
          <ns3:TrackPointExtension>
            <ns3:atemp>30.0</ns3:atemp>
            <ns3:hr>161</ns3:hr>
            <ns3:cad>0</ns3:cad>
          </ns3:TrackPointExtension>
        </extensions>
      </trkpt>
      <trkpt lat="30.90058987028896808624267578125" lon="121.73990721814334392547607421875">
        <ele>3.2000000476837158203125</ele>
        <time>2026-09-06T13:32:14.000Z</time>
        <extensions>
          <ns3:TrackPointExtension>
            <ns3:atemp>30.0</ns3:atemp>
            <ns3:hr>160</ns3:hr>
            <ns3:cad>0</ns3:cad>
          </ns3:TrackPointExtension>
        </extensions>
      </trkpt>
      <trkpt lat="30.90058987028896808624267578125" lon="121.73990721814334392547607421875">
        <ele>3.2000000476837158203125</ele>
        <time>2026-09-06T13:32:15.000Z</time>
        <extensions>
          <ns3:TrackPointExtension>
            <ns3:atemp>30.0</ns3:atemp>
            <ns3:hr>160</ns3:hr>
            <ns3:cad>0</ns3:cad>
          </ns3:TrackPointExtension>
        </extensions>
      </trkpt>
      <trkpt lat="30.90058987028896808624267578125" lon="121.73990721814334392547607421875">
        <ele>3</ele>
        <time>2026-09-06T13:32:16.000Z</time>
        <extensions>
          <ns3:TrackPointExtension>
            <ns3:atemp>30.0</ns3:atemp>
            <ns3:hr>159</ns3:hr>
            <ns3:cad>0</ns3:cad>
          </ns3:TrackPointExtension>
        </extensions>
      </trkpt>
      <trkpt lat="30.90058987028896808624267578125" lon="121.73990721814334392547607421875">
        <ele>3.2000000476837158203125</ele>
        <time>2026-09-06T13:32:17.000Z</time>
        <extensions>
          <ns3:TrackPointExtension>
            <ns3:atemp>29.0</ns3:atemp>
            <ns3:hr>158</ns3:hr>
            <ns3:cad>0</ns3:cad>
          </ns3:TrackPointExtension>
        </extensions>
      </trkpt>
      <trkpt lat="30.90058987028896808624267578125" lon="121.73990721814334392547607421875">
        <ele>3.2000000476837158203125</ele>
        <time>2026-09-06T13:32:18.000Z</time>
        <extensions>
          <ns3:TrackPointExtension>
            <ns3:atemp>29.0</ns3:atemp>
            <ns3:hr>158</ns3:hr>
            <ns3:cad>0</ns3:cad>
          </ns3:TrackPointExtension>
        </extensions>
      </trkpt>
      <trkpt lat="30.90058987028896808624267578125" lon="121.73990721814334392547607421875">
        <ele>3.2000000476837158203125</ele>
        <time>2026-09-06T13:32:19.000Z</time>
        <extensions>
          <ns3:TrackPointExtension>
            <ns3:atemp>29.0</ns3:atemp>
            <ns3:hr>157</ns3:hr>
            <ns3:cad>0</ns3:cad>
          </ns3:TrackPointExtension>
        </extensions>
      </trkpt>
      <trkpt lat="30.90058987028896808624267578125" lon="121.73990721814334392547607421875">
        <ele>3.2000000476837158203125</ele>
        <time>2026-09-06T13:32:20.000Z</time>
        <extensions>
          <ns3:TrackPointExtension>
            <ns3:atemp>29.0</ns3:atemp>
            <ns3:hr>156</ns3:hr>
            <ns3:cad>0</ns3:cad>
          </ns3:TrackPointExtension>
        </extensions>
      </trkpt>
      <trkpt lat="30.90058987028896808624267578125" lon="121.73990721814334392547607421875">
        <ele>3</ele>
        <time>2026-09-06T13:32:21.000Z</time>
        <extensions>
          <ns3:TrackPointExtension>
            <ns3:atemp>30.0</ns3:atemp>
            <ns3:hr>155</ns3:hr>
            <ns3:cad>0</ns3:cad>
          </ns3:TrackPointExtension>
        </extensions>
      </trkpt>
      <trkpt lat="30.90058987028896808624267578125" lon="121.73990721814334392547607421875">
        <ele>3</ele>
        <time>2026-09-06T13:32:22.000Z</time>
        <extensions>
          <ns3:TrackPointExtension>
            <ns3:atemp>30.0</ns3:atemp>
            <ns3:hr>153</ns3:hr>
            <ns3:cad>0</ns3:cad>
          </ns3:TrackPointExtension>
        </extensions>
      </trkpt>
      <trkpt lat="30.90058987028896808624267578125" lon="121.73990721814334392547607421875">
        <ele>2.7999999523162841796875</ele>
        <time>2026-09-06T13:32:23.000Z</time>
        <extensions>
          <ns3:TrackPointExtension>
            <ns3:atemp>30.0</ns3:atemp>
            <ns3:hr>147</ns3:hr>
            <ns3:cad>0</ns3:cad>
          </ns3:TrackPointExtension>
        </extensions>
      </trkpt>
      <trkpt lat="30.90058987028896808624267578125" lon="121.73990721814334392547607421875">
        <ele>3</ele>
        <time>2026-09-06T13:32:24.000Z</time>
        <extensions>
          <ns3:TrackPointExtension>
            <ns3:atemp>30.0</ns3:atemp>
            <ns3:hr>146</ns3:hr>
            <ns3:cad>0</ns3:cad>
          </ns3:TrackPointExtension>
        </extensions>
      </trkpt>
      <trkpt lat="30.9005886130034923553466796875" lon="121.73990629613399505615234375">
        <ele>3</ele>
        <time>2026-09-06T13:32:25.000Z</time>
        <extensions>
          <ns3:TrackPointExtension>
            <ns3:atemp>30.0</ns3:atemp>
            <ns3:hr>147</ns3:hr>
            <ns3:cad>0</ns3:cad>
          </ns3:TrackPointExtension>
        </extensions>
      </trkpt>
      <trkpt lat="30.9005876071751117706298828125" lon="121.73992012627422809600830078125">
        <ele>3</ele>
        <time>2026-09-06T13:32:26.000Z</time>
        <extensions>
          <ns3:TrackPointExtension>
            <ns3:atemp>29.0</ns3:atemp>
            <ns3:hr>147</ns3:hr>
            <ns3:cad>0</ns3:cad>
          </ns3:TrackPointExtension>
        </extensions>
      </trkpt>
      <trkpt lat="30.90058467350900173187255859375" lon="121.73995197750627994537353515625">
        <ele>3.2000000476837158203125</ele>
        <time>2026-09-06T13:32:27.000Z</time>
        <extensions>
          <ns3:TrackPointExtension>
            <ns3:atemp>29.0</ns3:atemp>
            <ns3:hr>147</ns3:hr>
            <ns3:cad>0</ns3:cad>
          </ns3:TrackPointExtension>
        </extensions>
      </trkpt>
      <trkpt lat="30.90058702044188976287841796875" lon="121.7399792186915874481201171875">
        <ele>3.2000000476837158203125</ele>
        <time>2026-09-06T13:32:28.000Z</time>
        <extensions>
          <ns3:TrackPointExtension>
            <ns3:atemp>30.0</ns3:atemp>
            <ns3:hr>147</ns3:hr>
            <ns3:cad>0</ns3:cad>
          </ns3:TrackPointExtension>
        </extensions>
      </trkpt>
      <trkpt lat="30.900589786469936370849609375" lon="121.740015260875225067138671875">
        <ele>3.2000000476837158203125</ele>
        <time>2026-09-06T13:32:29.000Z</time>
        <extensions>
          <ns3:TrackPointExtension>
            <ns3:atemp>30.0</ns3:atemp>
            <ns3:hr>147</ns3:hr>
            <ns3:cad>0</ns3:cad>
          </ns3:TrackPointExtension>
        </extensions>
      </trkpt>
      <trkpt lat="30.900600850582122802734375" lon="121.74003663472831249237060546875">
        <ele>3.2000000476837158203125</ele>
        <time>2026-09-06T13:32:30.000Z</time>
        <extensions>
          <ns3:TrackPointExtension>
            <ns3:atemp>29.0</ns3:atemp>
            <ns3:hr>147</ns3:hr>
            <ns3:cad>0</ns3:cad>
          </ns3:TrackPointExtension>
        </extensions>
      </trkpt>
      <trkpt lat="30.90061652474105358123779296875" lon="121.74006312154233455657958984375">
        <ele>3.2000000476837158203125</ele>
        <time>2026-09-06T13:32:31.000Z</time>
        <extensions>
          <ns3:TrackPointExtension>
            <ns3:atemp>29.0</ns3:atemp>
            <ns3:hr>147</ns3:hr>
            <ns3:cad>88</ns3:cad>
          </ns3:TrackPointExtension>
        </extensions>
      </trkpt>
      <trkpt lat="30.90062993578612804412841796875" lon="121.74008592031896114349365234375">
        <ele>3.2000000476837158203125</ele>
        <time>2026-09-06T13:32:32.000Z</time>
        <extensions>
          <ns3:TrackPointExtension>
            <ns3:atemp>29.0</ns3:atemp>
            <ns3:hr>147</ns3:hr>
            <ns3:cad>89</ns3:cad>
          </ns3:TrackPointExtension>
        </extensions>
      </trkpt>
      <trkpt lat="30.90064737014472484588623046875" lon="121.74011156894266605377197265625">
        <ele>3.2000000476837158203125</ele>
        <time>2026-09-06T13:32:33.000Z</time>
        <extensions>
          <ns3:TrackPointExtension>
            <ns3:atemp>30.0</ns3:atemp>
            <ns3:hr>148</ns3:hr>
            <ns3:cad>89</ns3:cad>
          </ns3:TrackPointExtension>
        </extensions>
      </trkpt>
      <trkpt lat="30.90066379867494106292724609375" lon="121.7401304282248020172119140625">
        <ele>3</ele>
        <time>2026-09-06T13:32:34.000Z</time>
        <extensions>
          <ns3:TrackPointExtension>
            <ns3:atemp>30.0</ns3:atemp>
            <ns3:hr>148</ns3:hr>
            <ns3:cad>89</ns3:cad>
          </ns3:TrackPointExtension>
        </extensions>
      </trkpt>
      <trkpt lat="30.9006757847964763641357421875" lon="121.74015984870493412017822265625">
        <ele>3</ele>
        <time>2026-09-06T13:32:35.000Z</time>
        <extensions>
          <ns3:TrackPointExtension>
            <ns3:atemp>30.0</ns3:atemp>
            <ns3:hr>148</ns3:hr>
            <ns3:cad>88</ns3:cad>
          </ns3:TrackPointExtension>
        </extensions>
      </trkpt>
      <trkpt lat="30.900685675442218780517578125" lon="121.74018415622413158416748046875">
        <ele>3</ele>
        <time>2026-09-06T13:32:36.000Z</time>
        <extensions>
          <ns3:TrackPointExtension>
            <ns3:atemp>30.0</ns3:atemp>
            <ns3:hr>148</ns3:hr>
            <ns3:cad>88</ns3:cad>
          </ns3:TrackPointExtension>
        </extensions>
      </trkpt>
      <trkpt lat="30.90068508870899677276611328125" lon="121.74022036604583263397216796875">
        <ele>3.2000000476837158203125</ele>
        <time>2026-09-06T13:32:37.000Z</time>
        <extensions>
          <ns3:TrackPointExtension>
            <ns3:atemp>29.0</ns3:atemp>
            <ns3:hr>148</ns3:hr>
            <ns3:cad>90</ns3:cad>
          </ns3:TrackPointExtension>
        </extensions>
      </trkpt>
      <trkpt lat="30.90068844147026538848876953125" lon="121.74025003798305988311767578125">
        <ele>3.2000000476837158203125</ele>
        <time>2026-09-06T13:32:38.000Z</time>
        <extensions>
          <ns3:TrackPointExtension>
            <ns3:atemp>30.0</ns3:atemp>
            <ns3:hr>148</ns3:hr>
            <ns3:cad>90</ns3:cad>
          </ns3:TrackPointExtension>
        </extensions>
      </trkpt>
      <trkpt lat="30.90069011785089969635009765625" lon="121.7402876727283000946044921875">
        <ele>3</ele>
        <time>2026-09-06T13:32:39.000Z</time>
        <extensions>
          <ns3:TrackPointExtension>
            <ns3:atemp>30.0</ns3:atemp>
            <ns3:hr>148</ns3:hr>
            <ns3:cad>89</ns3:cad>
          </ns3:TrackPointExtension>
        </extensions>
      </trkpt>
      <trkpt lat="30.90069472789764404296875" lon="121.74031374044716358184814453125">
        <ele>3</ele>
        <time>2026-09-06T13:32:40.000Z</time>
        <extensions>
          <ns3:TrackPointExtension>
            <ns3:atemp>29.0</ns3:atemp>
            <ns3:hr>148</ns3:hr>
            <ns3:cad>89</ns3:cad>
          </ns3:TrackPointExtension>
        </extensions>
      </trkpt>
      <trkpt lat="30.90069296769797801971435546875" lon="121.740346513688564300537109375">
        <ele>3</ele>
        <time>2026-09-06T13:32:41.000Z</time>
        <extensions>
          <ns3:TrackPointExtension>
            <ns3:atemp>30.0</ns3:atemp>
            <ns3:hr>148</ns3:hr>
            <ns3:cad>89</ns3:cad>
          </ns3:TrackPointExtension>
        </extensions>
      </trkpt>
      <trkpt lat="30.90069648809731006622314453125" lon="121.7403721623122692108154296875">
        <ele>3</ele>
        <time>2026-09-06T13:32:42.000Z</time>
        <extensions>
          <ns3:TrackPointExtension>
            <ns3:atemp>29.0</ns3:atemp>
            <ns3:hr>148</ns3:hr>
            <ns3:cad>90</ns3:cad>
          </ns3:TrackPointExtension>
        </extensions>
      </trkpt>
      <trkpt lat="30.9006959013640880584716796875" lon="121.740403510630130767822265625">
        <ele>3</ele>
        <time>2026-09-06T13:32:43.000Z</time>
        <extensions>
          <ns3:TrackPointExtension>
            <ns3:atemp>30.0</ns3:atemp>
            <ns3:hr>147</ns3:hr>
            <ns3:cad>90</ns3:cad>
          </ns3:TrackPointExtension>
        </extensions>
      </trkpt>
      <trkpt lat="30.90070034377276897430419921875" lon="121.7404259741306304931640625">
        <ele>3</ele>
        <time>2026-09-06T13:32:44.000Z</time>
        <extensions>
          <ns3:TrackPointExtension>
            <ns3:atemp>30.0</ns3:atemp>
            <ns3:hr>147</ns3:hr>
            <ns3:cad>90</ns3:cad>
          </ns3:TrackPointExtension>
        </extensions>
      </trkpt>
      <trkpt lat="30.9007012657821178436279296875" lon="121.7404559813439846038818359375">
        <ele>3.2000000476837158203125</ele>
        <time>2026-09-06T13:32:45.000Z</time>
        <extensions>
          <ns3:TrackPointExtension>
            <ns3:atemp>29.0</ns3:atemp>
            <ns3:hr>147</ns3:hr>
            <ns3:cad>90</ns3:cad>
          </ns3:TrackPointExtension>
        </extensions>
      </trkpt>
      <trkpt lat="30.90070134960114955902099609375" lon="121.740479953587055206298828125">
        <ele>3.2000000476837158203125</ele>
        <time>2026-09-06T13:32:46.000Z</time>
        <extensions>
          <ns3:TrackPointExtension>
            <ns3:atemp>29.0</ns3:atemp>
            <ns3:hr>147</ns3:hr>
            <ns3:cad>90</ns3:cad>
          </ns3:TrackPointExtension>
        </extensions>
      </trkpt>
      <trkpt lat="30.90070319361984729766845703125" lon="121.7405126430094242095947265625">
        <ele>3.2000000476837158203125</ele>
        <time>2026-09-06T13:32:47.000Z</time>
        <extensions>
          <ns3:TrackPointExtension>
            <ns3:atemp>29.0</ns3:atemp>
            <ns3:hr>148</ns3:hr>
            <ns3:cad>90</ns3:cad>
          </ns3:TrackPointExtension>
        </extensions>
      </trkpt>
      <trkpt lat="30.90070738457143306732177734375" lon="121.74054197967052459716796875">
        <ele>3.2000000476837158203125</ele>
        <time>2026-09-06T13:32:48.000Z</time>
        <extensions>
          <ns3:TrackPointExtension>
            <ns3:atemp>29.0</ns3:atemp>
            <ns3:hr>147</ns3:hr>
            <ns3:cad>90</ns3:cad>
          </ns3:TrackPointExtension>
        </extensions>
      </trkpt>
      <trkpt lat="30.90071015059947967529296875" lon="121.7405753396451473236083984375">
        <ele>3.2000000476837158203125</ele>
        <time>2026-09-06T13:32:49.000Z</time>
        <extensions>
          <ns3:TrackPointExtension>
            <ns3:atemp>30.0</ns3:atemp>
            <ns3:hr>148</ns3:hr>
            <ns3:cad>90</ns3:cad>
          </ns3:TrackPointExtension>
        </extensions>
      </trkpt>
      <trkpt lat="30.9007116593420505523681640625" lon="121.74059838987886905670166015625">
        <ele>3.2000000476837158203125</ele>
        <time>2026-09-06T13:32:50.000Z</time>
        <extensions>
          <ns3:TrackPointExtension>
            <ns3:atemp>30.0</ns3:atemp>
            <ns3:hr>147</ns3:hr>
            <ns3:cad>90</ns3:cad>
          </ns3:TrackPointExtension>
        </extensions>
      </trkpt>
      <trkpt lat="30.900715179741382598876953125" lon="121.74062638543546199798583984375">
        <ele>3.2000000476837158203125</ele>
        <time>2026-09-06T13:32:51.000Z</time>
        <extensions>
          <ns3:TrackPointExtension>
            <ns3:atemp>30.0</ns3:atemp>
            <ns3:hr>148</ns3:hr>
            <ns3:cad>89</ns3:cad>
          </ns3:TrackPointExtension>
        </extensions>
      </trkpt>
      <trkpt lat="30.9007187001407146453857421875" lon="121.74065195024013519287109375">
        <ele>3.2000000476837158203125</ele>
        <time>2026-09-06T13:32:52.000Z</time>
        <extensions>
          <ns3:TrackPointExtension>
            <ns3:atemp>30.0</ns3:atemp>
            <ns3:hr>148</ns3:hr>
            <ns3:cad>90</ns3:cad>
          </ns3:TrackPointExtension>
        </extensions>
      </trkpt>
      <trkpt lat="30.9007170237600803375244140625" lon="121.74068816006183624267578125">
        <ele>3.2000000476837158203125</ele>
        <time>2026-09-06T13:32:53.000Z</time>
        <extensions>
          <ns3:TrackPointExtension>
            <ns3:atemp>29.0</ns3:atemp>
            <ns3:hr>149</ns3:hr>
            <ns3:cad>89</ns3:cad>
          </ns3:TrackPointExtension>
        </extensions>
      </trkpt>
      <trkpt lat="30.9007200412452220916748046875" lon="121.74071188084781169891357421875">
        <ele>3.2000000476837158203125</ele>
        <time>2026-09-06T13:32:54.000Z</time>
        <extensions>
          <ns3:TrackPointExtension>
            <ns3:atemp>30.0</ns3:atemp>
            <ns3:hr>149</ns3:hr>
            <ns3:cad>89</ns3:cad>
          </ns3:TrackPointExtension>
        </extensions>
      </trkpt>
      <trkpt lat="30.9007230587303638458251953125" lon="121.74074540846049785614013671875">
        <ele>3.2000000476837158203125</ele>
        <time>2026-09-06T13:32:55.000Z</time>
        <extensions>
          <ns3:TrackPointExtension>
            <ns3:atemp>30.0</ns3:atemp>
            <ns3:hr>150</ns3:hr>
            <ns3:cad>88</ns3:cad>
          </ns3:TrackPointExtension>
        </extensions>
      </trkpt>
      <trkpt lat="30.9007254056632518768310546875" lon="121.740770637989044189453125">
        <ele>3.2000000476837158203125</ele>
        <time>2026-09-06T13:32:56.000Z</time>
        <extensions>
          <ns3:TrackPointExtension>
            <ns3:atemp>29.0</ns3:atemp>
            <ns3:hr>150</ns3:hr>
            <ns3:cad>88</ns3:cad>
          </ns3:TrackPointExtension>
        </extensions>
      </trkpt>
      <trkpt lat="30.90072733350098133087158203125" lon="121.7408066801726818084716796875">
        <ele>3.2000000476837158203125</ele>
        <time>2026-09-06T13:32:57.000Z</time>
        <extensions>
          <ns3:TrackPointExtension>
            <ns3:atemp>30.0</ns3:atemp>
            <ns3:hr>151</ns3:hr>
            <ns3:cad>88</ns3:cad>
          </ns3:TrackPointExtension>
        </extensions>
      </trkpt>
      <trkpt lat="30.90073169209063053131103515625" lon="121.7408308200538158416748046875">
        <ele>3.2000000476837158203125</ele>
        <time>2026-09-06T13:32:58.000Z</time>
        <extensions>
          <ns3:TrackPointExtension>
            <ns3:atemp>30.0</ns3:atemp>
            <ns3:hr>151</ns3:hr>
            <ns3:cad>88</ns3:cad>
          </ns3:TrackPointExtension>
        </extensions>
      </trkpt>
      <trkpt lat="30.90073269791901111602783203125" lon="121.74086560495197772979736328125">
        <ele>3.2000000476837158203125</ele>
        <time>2026-09-06T13:32:59.000Z</time>
        <extensions>
          <ns3:TrackPointExtension>
            <ns3:atemp>29.0</ns3:atemp>
            <ns3:hr>151</ns3:hr>
            <ns3:cad>90</ns3:cad>
          </ns3:TrackPointExtension>
        </extensions>
      </trkpt>
      <trkpt lat="30.9007347933948040008544921875" lon="121.74089242704212665557861328125">
        <ele>3.400000095367431640625</ele>
        <time>2026-09-06T13:33:00.000Z</time>
        <extensions>
          <ns3:TrackPointExtension>
            <ns3:atemp>30.0</ns3:atemp>
            <ns3:hr>152</ns3:hr>
            <ns3:cad>90</ns3:cad>
          </ns3:TrackPointExtension>
        </extensions>
      </trkpt>
      <trkpt lat="30.90073370374739170074462890625" lon="121.74092696048319339752197265625">
        <ele>3.2000000476837158203125</ele>
        <time>2026-09-06T13:33:01.000Z</time>
        <extensions>
          <ns3:TrackPointExtension>
            <ns3:atemp>30.0</ns3:atemp>
            <ns3:hr>152</ns3:hr>
            <ns3:cad>90</ns3:cad>
          </ns3:TrackPointExtension>
        </extensions>
      </trkpt>
      <trkpt lat="30.90073336847126483917236328125" lon="121.7409525252878665924072265625">
        <ele>3.2000000476837158203125</ele>
        <time>2026-09-06T13:33:02.000Z</time>
        <extensions>
          <ns3:TrackPointExtension>
            <ns3:atemp>29.0</ns3:atemp>
            <ns3:hr>153</ns3:hr>
            <ns3:cad>90</ns3:cad>
          </ns3:TrackPointExtension>
        </extensions>
      </trkpt>
      <trkpt lat="30.900731943547725677490234375" lon="121.740990243852138519287109375">
        <ele>3.2000000476837158203125</ele>
        <time>2026-09-06T13:33:03.000Z</time>
        <extensions>
          <ns3:TrackPointExtension>
            <ns3:atemp>29.0</ns3:atemp>
            <ns3:hr>153</ns3:hr>
            <ns3:cad>90</ns3:cad>
          </ns3:TrackPointExtension>
        </extensions>
      </trkpt>
      <trkpt lat="30.90073387138545513153076171875" lon="121.74101580865681171417236328125">
        <ele>3.2000000476837158203125</ele>
        <time>2026-09-06T13:33:04.000Z</time>
        <extensions>
          <ns3:TrackPointExtension>
            <ns3:atemp>30.0</ns3:atemp>
            <ns3:hr>154</ns3:hr>
            <ns3:cad>89</ns3:cad>
          </ns3:TrackPointExtension>
        </extensions>
      </trkpt>
      <trkpt lat="30.90073294937610626220703125" lon="121.74105369485914707183837890625">
        <ele>3.2000000476837158203125</ele>
        <time>2026-09-06T13:33:05.000Z</time>
        <extensions>
          <ns3:TrackPointExtension>
            <ns3:atemp>30.0</ns3:atemp>
            <ns3:hr>154</ns3:hr>
            <ns3:cad>89</ns3:cad>
          </ns3:TrackPointExtension>
        </extensions>
      </trkpt>
      <trkpt lat="30.900734625756740570068359375" lon="121.74107900820672512054443359375">
        <ele>3.2000000476837158203125</ele>
        <time>2026-09-06T13:33:06.000Z</time>
        <extensions>
          <ns3:TrackPointExtension>
            <ns3:atemp>29.0</ns3:atemp>
            <ns3:hr>154</ns3:hr>
            <ns3:cad>89</ns3:cad>
          </ns3:TrackPointExtension>
        </extensions>
      </trkpt>
      <trkpt lat="30.90073353610932826995849609375" lon="121.74111354164779186248779296875">
        <ele>3.2000000476837158203125</ele>
        <time>2026-09-06T13:33:07.000Z</time>
        <extensions>
          <ns3:TrackPointExtension>
            <ns3:atemp>30.0</ns3:atemp>
            <ns3:hr>155</ns3:hr>
            <ns3:cad>89</ns3:cad>
          </ns3:TrackPointExtension>
        </extensions>
      </trkpt>
      <trkpt lat="30.90073806233704090118408203125" lon="121.74114170484244823455810546875">
        <ele>3.2000000476837158203125</ele>
        <time>2026-09-06T13:33:08.000Z</time>
        <extensions>
          <ns3:TrackPointExtension>
            <ns3:atemp>30.0</ns3:atemp>
            <ns3:hr>156</ns3:hr>
            <ns3:cad>89</ns3:cad>
          </ns3:TrackPointExtension>
        </extensions>
      </trkpt>
      <trkpt lat="30.900739990174770355224609375" lon="121.74117724411189556121826171875">
        <ele>3.2000000476837158203125</ele>
        <time>2026-09-06T13:33:09.000Z</time>
        <extensions>
          <ns3:TrackPointExtension>
            <ns3:atemp>30.0</ns3:atemp>
            <ns3:hr>157</ns3:hr>
            <ns3:cad>89</ns3:cad>
          </ns3:TrackPointExtension>
        </extensions>
      </trkpt>
      <trkpt lat="30.90074342675507068634033203125" lon="121.7412038147449493408203125">
        <ele>3.2000000476837158203125</ele>
        <time>2026-09-06T13:33:10.000Z</time>
        <extensions>
          <ns3:TrackPointExtension>
            <ns3:atemp>30.0</ns3:atemp>
            <ns3:hr>158</ns3:hr>
            <ns3:cad>90</ns3:cad>
          </ns3:TrackPointExtension>
        </extensions>
      </trkpt>
      <trkpt lat="30.900744013488292694091796875" lon="121.741238348186016082763671875">
        <ele>3.2000000476837158203125</ele>
        <time>2026-09-06T13:33:11.000Z</time>
        <extensions>
          <ns3:TrackPointExtension>
            <ns3:atemp>30.0</ns3:atemp>
            <ns3:hr>158</ns3:hr>
            <ns3:cad>89</ns3:cad>
          </ns3:TrackPointExtension>
        </extensions>
      </trkpt>
      <trkpt lat="30.900747366249561309814453125" lon="121.74126575700938701629638671875">
        <ele>3.2000000476837158203125</ele>
        <time>2026-09-06T13:33:12.000Z</time>
        <extensions>
          <ns3:TrackPointExtension>
            <ns3:atemp>30.0</ns3:atemp>
            <ns3:hr>158</ns3:hr>
            <ns3:cad>90</ns3:cad>
          </ns3:TrackPointExtension>
        </extensions>
      </trkpt>
      <trkpt lat="30.9007458575069904327392578125" lon="121.74129995517432689666748046875">
        <ele>3.2000000476837158203125</ele>
        <time>2026-09-06T13:33:13.000Z</time>
        <extensions>
          <ns3:TrackPointExtension>
            <ns3:atemp>30.0</ns3:atemp>
            <ns3:hr>159</ns3:hr>
            <ns3:cad>90</ns3:cad>
          </ns3:TrackPointExtension>
        </extensions>
      </trkpt>
      <trkpt lat="30.90074795298278331756591796875" lon="121.741327531635761260986328125">
        <ele>3.400000095367431640625</ele>
        <time>2026-09-06T13:33:14.000Z</time>
        <extensions>
          <ns3:TrackPointExtension>
            <ns3:atemp>29.0</ns3:atemp>
            <ns3:hr>158</ns3:hr>
            <ns3:cad>91</ns3:cad>
          </ns3:TrackPointExtension>
        </extensions>
      </trkpt>
      <trkpt lat="30.9007495455443859100341796875" lon="121.74136097542941570281982421875">
        <ele>3.400000095367431640625</ele>
        <time>2026-09-06T13:33:15.000Z</time>
        <extensions>
          <ns3:TrackPointExtension>
            <ns3:atemp>30.0</ns3:atemp>
            <ns3:hr>158</ns3:hr>
            <ns3:cad>91</ns3:cad>
          </ns3:TrackPointExtension>
        </extensions>
      </trkpt>
      <trkpt lat="30.9007522277534008026123046875" lon="121.7413887195289134979248046875">
        <ele>3.400000095367431640625</ele>
        <time>2026-09-06T13:33:16.000Z</time>
        <extensions>
          <ns3:TrackPointExtension>
            <ns3:atemp>29.0</ns3:atemp>
            <ns3:hr>158</ns3:hr>
            <ns3:cad>92</ns3:cad>
          </ns3:TrackPointExtension>
        </extensions>
      </trkpt>
      <trkpt lat="30.90075331740081310272216796875" lon="121.7414229176938533782958984375">
        <ele>3.400000095367431640625</ele>
        <time>2026-09-06T13:33:17.000Z</time>
        <extensions>
          <ns3:TrackPointExtension>
            <ns3:atemp>29.0</ns3:atemp>
            <ns3:hr>159</ns3:hr>
            <ns3:cad>92</ns3:cad>
          </ns3:TrackPointExtension>
        </extensions>
      </trkpt>
      <trkpt lat="30.9007559157907962799072265625" lon="121.74145351164042949676513671875">
        <ele>3.400000095367431640625</ele>
        <time>2026-09-06T13:33:18.000Z</time>
        <extensions>
          <ns3:TrackPointExtension>
            <ns3:atemp>29.0</ns3:atemp>
            <ns3:hr>159</ns3:hr>
            <ns3:cad>92</ns3:cad>
          </ns3:TrackPointExtension>
        </extensions>
      </trkpt>
      <trkpt lat="30.90075516141951084136962890625" lon="121.7414866201579570770263671875">
        <ele>3.400000095367431640625</ele>
        <time>2026-09-06T13:33:19.000Z</time>
        <extensions>
          <ns3:TrackPointExtension>
            <ns3:atemp>30.0</ns3:atemp>
            <ns3:hr>159</ns3:hr>
            <ns3:cad>91</ns3:cad>
          </ns3:TrackPointExtension>
        </extensions>
      </trkpt>
      <trkpt lat="30.90075717307627201080322265625" lon="121.74151604063808917999267578125">
        <ele>3.2000000476837158203125</ele>
        <time>2026-09-06T13:33:20.000Z</time>
        <extensions>
          <ns3:TrackPointExtension>
            <ns3:atemp>30.0</ns3:atemp>
            <ns3:hr>160</ns3:hr>
            <ns3:cad>91</ns3:cad>
          </ns3:TrackPointExtension>
        </extensions>
      </trkpt>
      <trkpt lat="30.90075717307627201080322265625" lon="121.7415523342788219451904296875">
        <ele>3.2000000476837158203125</ele>
        <time>2026-09-06T13:33:21.000Z</time>
        <extensions>
          <ns3:TrackPointExtension>
            <ns3:atemp>30.0</ns3:atemp>
            <ns3:hr>160</ns3:hr>
            <ns3:cad>91</ns3:cad>
          </ns3:TrackPointExtension>
        </extensions>
      </trkpt>
      <trkpt lat="30.90076220221817493438720703125" lon="121.74157890491187572479248046875">
        <ele>3.2000000476837158203125</ele>
        <time>2026-09-06T13:33:22.000Z</time>
        <extensions>
          <ns3:TrackPointExtension>
            <ns3:atemp>29.0</ns3:atemp>
            <ns3:hr>161</ns3:hr>
            <ns3:cad>91</ns3:cad>
          </ns3:TrackPointExtension>
        </extensions>
      </trkpt>
      <trkpt lat="30.9007619507610797882080078125" lon="121.74161218106746673583984375">
        <ele>3.2000000476837158203125</ele>
        <time>2026-09-06T13:33:23.000Z</time>
        <extensions>
          <ns3:TrackPointExtension>
            <ns3:atemp>29.0</ns3:atemp>
            <ns3:hr>161</ns3:hr>
            <ns3:cad>91</ns3:cad>
          </ns3:TrackPointExtension>
        </extensions>
      </trkpt>
      <trkpt lat="30.90076253749430179595947265625" lon="121.74164235591888427734375">
        <ele>3.2000000476837158203125</ele>
        <time>2026-09-06T13:33:24.000Z</time>
        <extensions>
          <ns3:TrackPointExtension>
            <ns3:atemp>30.0</ns3:atemp>
            <ns3:hr>161</ns3:hr>
            <ns3:cad>90</ns3:cad>
          </ns3:TrackPointExtension>
        </extensions>
      </trkpt>
      <trkpt lat="30.90076354332268238067626953125" lon="121.7416696809232234954833984375">
        <ele>3.2000000476837158203125</ele>
        <time>2026-09-06T13:33:25.000Z</time>
        <extensions>
          <ns3:TrackPointExtension>
            <ns3:atemp>29.0</ns3:atemp>
            <ns3:hr>162</ns3:hr>
            <ns3:cad>90</ns3:cad>
          </ns3:TrackPointExtension>
        </extensions>
      </trkpt>
      <trkpt lat="30.9007679857313632965087890625" lon="121.74169574864208698272705078125">
        <ele>3.2000000476837158203125</ele>
        <time>2026-09-06T13:33:26.000Z</time>
        <extensions>
          <ns3:TrackPointExtension>
            <ns3:atemp>29.0</ns3:atemp>
            <ns3:hr>162</ns3:hr>
            <ns3:cad>90</ns3:cad>
          </ns3:TrackPointExtension>
        </extensions>
      </trkpt>
      <trkpt lat="30.9007693268358707427978515625" lon="121.74172676168382167816162109375">
        <ele>3.2000000476837158203125</ele>
        <time>2026-09-06T13:33:27.000Z</time>
        <extensions>
          <ns3:TrackPointExtension>
            <ns3:atemp>30.0</ns3:atemp>
            <ns3:hr>163</ns3:hr>
            <ns3:cad>90</ns3:cad>
          </ns3:TrackPointExtension>
        </extensions>
      </trkpt>
      <trkpt lat="30.9007738530635833740234375" lon="121.74175241030752658843994140625">
        <ele>3.2000000476837158203125</ele>
        <time>2026-09-06T13:33:28.000Z</time>
        <extensions>
          <ns3:TrackPointExtension>
            <ns3:atemp>29.0</ns3:atemp>
            <ns3:hr>163</ns3:hr>
            <ns3:cad>89</ns3:cad>
          </ns3:TrackPointExtension>
        </extensions>
      </trkpt>
      <trkpt lat="30.9007751941680908203125" lon="121.74178929068148136138916015625">
        <ele>3.2000000476837158203125</ele>
        <time>2026-09-06T13:33:29.000Z</time>
        <extensions>
          <ns3:TrackPointExtension>
            <ns3:atemp>29.0</ns3:atemp>
            <ns3:hr>163</ns3:hr>
            <ns3:cad>89</ns3:cad>
          </ns3:TrackPointExtension>
        </extensions>
      </trkpt>
      <trkpt lat="30.9007763676345348358154296875" lon="121.7418193817138671875">
        <ele>3.2000000476837158203125</ele>
        <time>2026-09-06T13:33:30.000Z</time>
        <extensions>
          <ns3:TrackPointExtension>
            <ns3:atemp>30.0</ns3:atemp>
            <ns3:hr>163</ns3:hr>
            <ns3:cad>89</ns3:cad>
          </ns3:TrackPointExtension>
        </extensions>
      </trkpt>
      <trkpt lat="30.90077854692935943603515625" lon="121.7418547533452510833740234375">
        <ele>3.2000000476837158203125</ele>
        <time>2026-09-06T13:33:31.000Z</time>
        <extensions>
          <ns3:TrackPointExtension>
            <ns3:atemp>29.0</ns3:atemp>
            <ns3:hr>163</ns3:hr>
            <ns3:cad>89</ns3:cad>
          </ns3:TrackPointExtension>
        </extensions>
      </trkpt>
      <trkpt lat="30.90077796019613742828369140625" lon="121.74188031814992427825927734375">
        <ele>3.2000000476837158203125</ele>
        <time>2026-09-06T13:33:32.000Z</time>
        <extensions>
          <ns3:TrackPointExtension>
            <ns3:atemp>30.0</ns3:atemp>
            <ns3:hr>163</ns3:hr>
            <ns3:cad>89</ns3:cad>
          </ns3:TrackPointExtension>
        </extensions>
      </trkpt>
      <trkpt lat="30.900779552757740020751953125" lon="121.74191552214324474334716796875">
        <ele>3.2000000476837158203125</ele>
        <time>2026-09-06T13:33:33.000Z</time>
        <extensions>
          <ns3:TrackPointExtension>
            <ns3:atemp>29.0</ns3:atemp>
            <ns3:hr>163</ns3:hr>
            <ns3:cad>89</ns3:cad>
          </ns3:TrackPointExtension>
        </extensions>
      </trkpt>
      <trkpt lat="30.9007793851196765899658203125" lon="121.74194075167179107666015625">
        <ele>3.2000000476837158203125</ele>
        <time>2026-09-06T13:33:34.000Z</time>
        <extensions>
          <ns3:TrackPointExtension>
            <ns3:atemp>29.0</ns3:atemp>
            <ns3:hr>164</ns3:hr>
            <ns3:cad>89</ns3:cad>
          </ns3:TrackPointExtension>
        </extensions>
      </trkpt>
      <trkpt lat="30.900779552757740020751953125" lon="121.7419761233031749725341796875">
        <ele>3.2000000476837158203125</ele>
        <time>2026-09-06T13:33:35.000Z</time>
        <extensions>
          <ns3:TrackPointExtension>
            <ns3:atemp>30.0</ns3:atemp>
            <ns3:hr>164</ns3:hr>
            <ns3:cad>89</ns3:cad>
          </ns3:TrackPointExtension>
        </extensions>
      </trkpt>
      <trkpt lat="30.9007854200899600982666015625" lon="121.74200034700334072113037109375">
        <ele>3.2000000476837158203125</ele>
        <time>2026-09-06T13:33:36.000Z</time>
        <extensions>
          <ns3:TrackPointExtension>
            <ns3:atemp>30.0</ns3:atemp>
            <ns3:hr>164</ns3:hr>
            <ns3:cad>89</ns3:cad>
          </ns3:TrackPointExtension>
        </extensions>
      </trkpt>
      <trkpt lat="30.900787599384784698486328125" lon="121.74203052185475826263427734375">
        <ele>3.2000000476837158203125</ele>
        <time>2026-09-06T13:33:37.000Z</time>
        <extensions>
          <ns3:TrackPointExtension>
            <ns3:atemp>29.0</ns3:atemp>
            <ns3:hr>164</ns3:hr>
            <ns3:cad>89</ns3:cad>
          </ns3:TrackPointExtension>
        </extensions>
      </trkpt>
      <trkpt lat="30.9007887728512287139892578125" lon="121.74205667339265346527099609375">
        <ele>3.2000000476837158203125</ele>
        <time>2026-09-06T13:33:38.000Z</time>
        <extensions>
          <ns3:TrackPointExtension>
            <ns3:atemp>30.0</ns3:atemp>
            <ns3:hr>163</ns3:hr>
            <ns3:cad>90</ns3:cad>
          </ns3:TrackPointExtension>
        </extensions>
      </trkpt>
      <trkpt lat="30.9007877670228481292724609375" lon="121.74208919517695903778076171875">
        <ele>3.2000000476837158203125</ele>
        <time>2026-09-06T13:33:39.000Z</time>
        <extensions>
          <ns3:TrackPointExtension>
            <ns3:atemp>29.0</ns3:atemp>
            <ns3:hr>164</ns3:hr>
            <ns3:cad>90</ns3:cad>
          </ns3:TrackPointExtension>
        </extensions>
      </trkpt>
      <trkpt lat="30.9007874317467212677001953125" lon="121.742117106914520263671875">
        <ele>3.2000000476837158203125</ele>
        <time>2026-09-06T13:33:40.000Z</time>
        <extensions>
          <ns3:TrackPointExtension>
            <ns3:atemp>30.0</ns3:atemp>
            <ns3:hr>164</ns3:hr>
            <ns3:cad>90</ns3:cad>
          </ns3:TrackPointExtension>
        </extensions>
      </trkpt>
      <trkpt lat="30.90078650973737239837646484375" lon="121.7421491257846355438232421875">
        <ele>3.2000000476837158203125</ele>
        <time>2026-09-06T13:33:41.000Z</time>
        <extensions>
          <ns3:TrackPointExtension>
            <ns3:atemp>29.0</ns3:atemp>
            <ns3:hr>165</ns3:hr>
            <ns3:cad>91</ns3:cad>
          </ns3:TrackPointExtension>
        </extensions>
      </trkpt>
      <trkpt lat="30.90079053305089473724365234375" lon="121.74217686988413333892822265625">
        <ele>3.2000000476837158203125</ele>
        <time>2026-09-06T13:33:42.000Z</time>
        <extensions>
          <ns3:TrackPointExtension>
            <ns3:atemp>30.0</ns3:atemp>
            <ns3:hr>165</ns3:hr>
            <ns3:cad>91</ns3:cad>
          </ns3:TrackPointExtension>
        </extensions>
      </trkpt>
      <trkpt lat="30.90079237706959247589111328125" lon="121.74220872111618518829345703125">
        <ele>3.400000095367431640625</ele>
        <time>2026-09-06T13:33:43.000Z</time>
        <extensions>
          <ns3:TrackPointExtension>
            <ns3:atemp>30.0</ns3:atemp>
            <ns3:hr>165</ns3:hr>
            <ns3:cad>90</ns3:cad>
          </ns3:TrackPointExtension>
        </extensions>
      </trkpt>
      <trkpt lat="30.90079464018344879150390625" lon="121.7422409914433956146240234375">
        <ele>3.2000000476837158203125</ele>
        <time>2026-09-06T13:33:44.000Z</time>
        <extensions>
          <ns3:TrackPointExtension>
            <ns3:atemp>30.0</ns3:atemp>
            <ns3:hr>165</ns3:hr>
            <ns3:cad>90</ns3:cad>
          </ns3:TrackPointExtension>
        </extensions>
      </trkpt>
      <trkpt lat="30.90079153887927532196044921875" lon="121.7422748543322086334228515625">
        <ele>3.2000000476837158203125</ele>
        <time>2026-09-06T13:33:45.000Z</time>
        <extensions>
          <ns3:TrackPointExtension>
            <ns3:atemp>29.0</ns3:atemp>
            <ns3:hr>166</ns3:hr>
            <ns3:cad>90</ns3:cad>
          </ns3:TrackPointExtension>
        </extensions>
      </trkpt>
      <trkpt lat="30.90079271234571933746337890625" lon="121.7423083819448947906494140625">
        <ele>3.2000000476837158203125</ele>
        <time>2026-09-06T13:33:46.000Z</time>
        <extensions>
          <ns3:TrackPointExtension>
            <ns3:atemp>29.0</ns3:atemp>
            <ns3:hr>166</ns3:hr>
            <ns3:cad>90</ns3:cad>
          </ns3:TrackPointExtension>
        </extensions>
      </trkpt>
      <trkpt lat="30.90079338289797306060791015625" lon="121.74233964644372463226318359375">
        <ele>3.2000000476837158203125</ele>
        <time>2026-09-06T13:33:47.000Z</time>
        <extensions>
          <ns3:TrackPointExtension>
            <ns3:atemp>29.0</ns3:atemp>
            <ns3:hr>166</ns3:hr>
            <ns3:cad>91</ns3:cad>
          </ns3:TrackPointExtension>
        </extensions>
      </trkpt>
      <trkpt lat="30.9007988311350345611572265625" lon="121.74237133003771305084228515625">
        <ele>3.2000000476837158203125</ele>
        <time>2026-09-06T13:33:48.000Z</time>
        <extensions>
          <ns3:TrackPointExtension>
            <ns3:atemp>29.0</ns3:atemp>
            <ns3:hr>167</ns3:hr>
            <ns3:cad>91</ns3:cad>
          </ns3:TrackPointExtension>
        </extensions>
      </trkpt>
      <trkpt lat="30.9007988311350345611572265625" lon="121.74240033142268657684326171875">
        <ele>3.2000000476837158203125</ele>
        <time>2026-09-06T13:33:49.000Z</time>
        <extensions>
          <ns3:TrackPointExtension>
            <ns3:atemp>29.0</ns3:atemp>
            <ns3:hr>167</ns3:hr>
            <ns3:cad>90</ns3:cad>
          </ns3:TrackPointExtension>
        </extensions>
      </trkpt>
      <trkpt lat="30.90080008842051029205322265625" lon="121.74243318848311901092529296875">
        <ele>3.2000000476837158203125</ele>
        <time>2026-09-06T13:33:50.000Z</time>
        <extensions>
          <ns3:TrackPointExtension>
            <ns3:atemp>30.0</ns3:atemp>
            <ns3:hr>167</ns3:hr>
            <ns3:cad>90</ns3:cad>
          </ns3:TrackPointExtension>
        </extensions>
      </trkpt>
      <trkpt lat="30.9007988311350345611572265625" lon="121.74246235750615596771240234375">
        <ele>3.2000000476837158203125</ele>
        <time>2026-09-06T13:33:51.000Z</time>
        <extensions>
          <ns3:TrackPointExtension>
            <ns3:atemp>29.0</ns3:atemp>
            <ns3:hr>167</ns3:hr>
            <ns3:cad>90</ns3:cad>
          </ns3:TrackPointExtension>
        </extensions>
      </trkpt>
      <trkpt lat="30.90080159716308116912841796875" lon="121.7424968071281909942626953125">
        <ele>3.2000000476837158203125</ele>
        <time>2026-09-06T13:33:52.000Z</time>
        <extensions>
          <ns3:TrackPointExtension>
            <ns3:atemp>29.0</ns3:atemp>
            <ns3:hr>168</ns3:hr>
            <ns3:cad>92</ns3:cad>
          </ns3:TrackPointExtension>
        </extensions>
      </trkpt>
      <trkpt lat="30.90080528520047664642333984375" lon="121.74252689816057682037353515625">
        <ele>3.2000000476837158203125</ele>
        <time>2026-09-06T13:33:53.000Z</time>
        <extensions>
          <ns3:TrackPointExtension>
            <ns3:atemp>29.0</ns3:atemp>
            <ns3:hr>168</ns3:hr>
            <ns3:cad>92</ns3:cad>
          </ns3:TrackPointExtension>
        </extensions>
      </trkpt>
      <trkpt lat="30.9008112363517284393310546875" lon="121.74255992285907268524169921875">
        <ele>3.2000000476837158203125</ele>
        <time>2026-09-06T13:33:54.000Z</time>
        <extensions>
          <ns3:TrackPointExtension>
            <ns3:atemp>30.0</ns3:atemp>
            <ns3:hr>168</ns3:hr>
            <ns3:cad>92</ns3:cad>
          </ns3:TrackPointExtension>
        </extensions>
      </trkpt>
      <trkpt lat="30.90081098489463329315185546875" lon="121.7425878345966339111328125">
        <ele>3.2000000476837158203125</ele>
        <time>2026-09-06T13:33:55.000Z</time>
        <extensions>
          <ns3:TrackPointExtension>
            <ns3:atemp>29.0</ns3:atemp>
            <ns3:hr>168</ns3:hr>
            <ns3:cad>92</ns3:cad>
          </ns3:TrackPointExtension>
        </extensions>
      </trkpt>
      <trkpt lat="30.90081450529396533966064453125" lon="121.74261809326708316802978515625">
        <ele>3.2000000476837158203125</ele>
        <time>2026-09-06T13:33:56.000Z</time>
        <extensions>
          <ns3:TrackPointExtension>
            <ns3:atemp>29.0</ns3:atemp>
            <ns3:hr>168</ns3:hr>
            <ns3:cad>92</ns3:cad>
          </ns3:TrackPointExtension>
        </extensions>
      </trkpt>
      <trkpt lat="30.90081484057009220123291015625" lon="121.7426468431949615478515625">
        <ele>3.2000000476837158203125</ele>
        <time>2026-09-06T13:33:57.000Z</time>
        <extensions>
          <ns3:TrackPointExtension>
            <ns3:atemp>29.0</ns3:atemp>
            <ns3:hr>168</ns3:hr>
            <ns3:cad>91</ns3:cad>
          </ns3:TrackPointExtension>
        </extensions>
      </trkpt>
      <trkpt lat="30.90081668458878993988037109375" lon="121.74267894588410854339599609375">
        <ele>3.2000000476837158203125</ele>
        <time>2026-09-06T13:33:58.000Z</time>
        <extensions>
          <ns3:TrackPointExtension>
            <ns3:atemp>30.0</ns3:atemp>
            <ns3:hr>167</ns3:hr>
            <ns3:cad>90</ns3:cad>
          </ns3:TrackPointExtension>
        </extensions>
      </trkpt>
      <trkpt lat="30.900815092027187347412109375" lon="121.74270761199295520782470703125">
        <ele>3.2000000476837158203125</ele>
        <time>2026-09-06T13:33:59.000Z</time>
        <extensions>
          <ns3:TrackPointExtension>
            <ns3:atemp>30.0</ns3:atemp>
            <ns3:hr>168</ns3:hr>
            <ns3:cad>90</ns3:cad>
          </ns3:TrackPointExtension>
        </extensions>
      </trkpt>
      <trkpt lat="30.90081886388361454010009765625" lon="121.74274231307208538055419921875">
        <ele>3.2000000476837158203125</ele>
        <time>2026-09-06T13:34:00.000Z</time>
        <extensions>
          <ns3:TrackPointExtension>
            <ns3:atemp>29.0</ns3:atemp>
            <ns3:hr>168</ns3:hr>
            <ns3:cad>90</ns3:cad>
          </ns3:TrackPointExtension>
        </extensions>
      </trkpt>
      <trkpt lat="30.90082121081650257110595703125" lon="121.7427690513432025909423828125">
        <ele>3.2000000476837158203125</ele>
        <time>2026-09-06T13:34:01.000Z</time>
        <extensions>
          <ns3:TrackPointExtension>
            <ns3:atemp>29.0</ns3:atemp>
            <ns3:hr>168</ns3:hr>
            <ns3:cad>90</ns3:cad>
          </ns3:TrackPointExtension>
        </extensions>
      </trkpt>
      <trkpt lat="30.9008306823670864105224609375" lon="121.74280467443168163299560546875">
        <ele>3.2000000476837158203125</ele>
        <time>2026-09-06T13:34:02.000Z</time>
        <extensions>
          <ns3:TrackPointExtension>
            <ns3:atemp>30.0</ns3:atemp>
            <ns3:hr>168</ns3:hr>
            <ns3:cad>90</ns3:cad>
          </ns3:TrackPointExtension>
        </extensions>
      </trkpt>
      <trkpt lat="30.90083747170865535736083984375" lon="121.742830574512481689453125">
        <ele>3.2000000476837158203125</ele>
        <time>2026-09-06T13:34:03.000Z</time>
        <extensions>
          <ns3:TrackPointExtension>
            <ns3:atemp>29.0</ns3:atemp>
            <ns3:hr>168</ns3:hr>
            <ns3:cad>92</ns3:cad>
          </ns3:TrackPointExtension>
        </extensions>
      </trkpt>
      <trkpt lat="30.9008404053747653961181640625" lon="121.74286636523902416229248046875">
        <ele>3.2000000476837158203125</ele>
        <time>2026-09-06T13:34:04.000Z</time>
        <extensions>
          <ns3:TrackPointExtension>
            <ns3:atemp>29.0</ns3:atemp>
            <ns3:hr>169</ns3:hr>
            <ns3:cad>92</ns3:cad>
          </ns3:TrackPointExtension>
        </extensions>
      </trkpt>
      <trkpt lat="30.900841243565082550048828125" lon="121.74289251677691936492919921875">
        <ele>3.400000095367431640625</ele>
        <time>2026-09-06T13:34:05.000Z</time>
        <extensions>
          <ns3:TrackPointExtension>
            <ns3:atemp>29.0</ns3:atemp>
            <ns3:hr>169</ns3:hr>
            <ns3:cad>92</ns3:cad>
          </ns3:TrackPointExtension>
        </extensions>
      </trkpt>
      <trkpt lat="30.90084266848862171173095703125" lon="121.74292336218059062957763671875">
        <ele>3.400000095367431640625</ele>
        <time>2026-09-06T13:34:06.000Z</time>
        <extensions>
          <ns3:TrackPointExtension>
            <ns3:atemp>29.0</ns3:atemp>
            <ns3:hr>168</ns3:hr>
            <ns3:cad>91</ns3:cad>
          </ns3:TrackPointExtension>
        </extensions>
      </trkpt>
      <trkpt lat="30.9008437581360340118408203125" lon="121.742948591709136962890625">
        <ele>3.400000095367431640625</ele>
        <time>2026-09-06T13:34:07.000Z</time>
        <extensions>
          <ns3:TrackPointExtension>
            <ns3:atemp>29.0</ns3:atemp>
            <ns3:hr>168</ns3:hr>
            <ns3:cad>91</ns3:cad>
          </ns3:TrackPointExtension>
        </extensions>
      </trkpt>
      <trkpt lat="30.9008447639644145965576171875" lon="121.74298010766506195068359375">
        <ele>3.400000095367431640625</ele>
        <time>2026-09-06T13:34:08.000Z</time>
        <extensions>
          <ns3:TrackPointExtension>
            <ns3:atemp>29.0</ns3:atemp>
            <ns3:hr>168</ns3:hr>
            <ns3:cad>90</ns3:cad>
          </ns3:TrackPointExtension>
        </extensions>
      </trkpt>
      <trkpt lat="30.900845266878604888916015625" lon="121.7430057562887668609619140625">
        <ele>3.400000095367431640625</ele>
        <time>2026-09-06T13:34:09.000Z</time>
        <extensions>
          <ns3:TrackPointExtension>
            <ns3:atemp>29.0</ns3:atemp>
            <ns3:hr>169</ns3:hr>
            <ns3:cad>90</ns3:cad>
          </ns3:TrackPointExtension>
        </extensions>
      </trkpt>
      <trkpt lat="30.900847949087619781494140625" lon="121.74303953535854816436767578125">
        <ele>3.400000095367431640625</ele>
        <time>2026-09-06T13:34:10.000Z</time>
        <extensions>
          <ns3:TrackPointExtension>
            <ns3:atemp>29.0</ns3:atemp>
            <ns3:hr>168</ns3:hr>
            <ns3:cad>89</ns3:cad>
          </ns3:TrackPointExtension>
        </extensions>
      </trkpt>
      <trkpt lat="30.90084836818277835845947265625" lon="121.74306568689644336700439453125">
        <ele>3.400000095367431640625</ele>
        <time>2026-09-06T13:34:11.000Z</time>
        <extensions>
          <ns3:TrackPointExtension>
            <ns3:atemp>29.0</ns3:atemp>
            <ns3:hr>169</ns3:hr>
            <ns3:cad>88</ns3:cad>
          </ns3:TrackPointExtension>
        </extensions>
      </trkpt>
      <trkpt lat="30.900851301848888397216796875" lon="121.74309921450912952423095703125">
        <ele>3.400000095367431640625</ele>
        <time>2026-09-06T13:34:12.000Z</time>
        <extensions>
          <ns3:TrackPointExtension>
            <ns3:atemp>29.0</ns3:atemp>
            <ns3:hr>169</ns3:hr>
            <ns3:cad>88</ns3:cad>
          </ns3:TrackPointExtension>
        </extensions>
      </trkpt>
      <trkpt lat="30.90084954164922237396240234375" lon="121.74313039518892765045166015625">
        <ele>3.400000095367431640625</ele>
        <time>2026-09-06T13:34:13.000Z</time>
        <extensions>
          <ns3:TrackPointExtension>
            <ns3:atemp>29.0</ns3:atemp>
            <ns3:hr>169</ns3:hr>
            <ns3:cad>88</ns3:cad>
          </ns3:TrackPointExtension>
        </extensions>
      </trkpt>
      <trkpt lat="30.9008534811437129974365234375" lon="121.7431623302400112152099609375">
        <ele>3.400000095367431640625</ele>
        <time>2026-09-06T13:34:14.000Z</time>
        <extensions>
          <ns3:TrackPointExtension>
            <ns3:atemp>29.0</ns3:atemp>
            <ns3:hr>169</ns3:hr>
            <ns3:cad>90</ns3:cad>
          </ns3:TrackPointExtension>
        </extensions>
      </trkpt>
      <trkpt lat="30.900853984057903289794921875" lon="121.74318823032081127166748046875">
        <ele>3.400000095367431640625</ele>
        <time>2026-09-06T13:34:15.000Z</time>
        <extensions>
          <ns3:TrackPointExtension>
            <ns3:atemp>29.0</ns3:atemp>
            <ns3:hr>169</ns3:hr>
            <ns3:cad>90</ns3:cad>
          </ns3:TrackPointExtension>
        </extensions>
      </trkpt>
      <trkpt lat="30.90085222385823726654052734375" lon="121.7432208359241485595703125">
        <ele>3.400000095367431640625</ele>
        <time>2026-09-06T13:34:16.000Z</time>
        <extensions>
          <ns3:TrackPointExtension>
            <ns3:atemp>29.0</ns3:atemp>
            <ns3:hr>169</ns3:hr>
            <ns3:cad>90</ns3:cad>
          </ns3:TrackPointExtension>
        </extensions>
      </trkpt>
      <trkpt lat="30.9008514694869518280029296875" lon="121.74324958585202693939208984375">
        <ele>3.400000095367431640625</ele>
        <time>2026-09-06T13:34:17.000Z</time>
        <extensions>
          <ns3:TrackPointExtension>
            <ns3:atemp>29.0</ns3:atemp>
            <ns3:hr>169</ns3:hr>
            <ns3:cad>90</ns3:cad>
          </ns3:TrackPointExtension>
        </extensions>
      </trkpt>
      <trkpt lat="30.90085054747760295867919921875" lon="121.74327808432281017303466796875">
        <ele>3.400000095367431640625</ele>
        <time>2026-09-06T13:34:18.000Z</time>
        <extensions>
          <ns3:TrackPointExtension>
            <ns3:atemp>29.0</ns3:atemp>
            <ns3:hr>169</ns3:hr>
            <ns3:cad>90</ns3:cad>
          </ns3:TrackPointExtension>
        </extensions>
      </trkpt>
      <trkpt lat="30.90084752999246120452880859375" lon="121.7433021403849124908447265625">
        <ele>3.400000095367431640625</ele>
        <time>2026-09-06T13:34:19.000Z</time>
        <extensions>
          <ns3:TrackPointExtension>
            <ns3:atemp>29.0</ns3:atemp>
            <ns3:hr>168</ns3:hr>
            <ns3:cad>90</ns3:cad>
          </ns3:TrackPointExtension>
        </extensions>
      </trkpt>
      <trkpt lat="30.90084836818277835845947265625" lon="121.743329800665378570556640625">
        <ele>3.400000095367431640625</ele>
        <time>2026-09-06T13:34:20.000Z</time>
        <extensions>
          <ns3:TrackPointExtension>
            <ns3:atemp>29.0</ns3:atemp>
            <ns3:hr>168</ns3:hr>
            <ns3:cad>90</ns3:cad>
          </ns3:TrackPointExtension>
        </extensions>
      </trkpt>
      <trkpt lat="30.90084602124989032745361328125" lon="121.74335503019392490386962890625">
        <ele>3.400000095367431640625</ele>
        <time>2026-09-06T13:34:21.000Z</time>
        <extensions>
          <ns3:TrackPointExtension>
            <ns3:atemp>29.0</ns3:atemp>
            <ns3:hr>168</ns3:hr>
            <ns3:cad>90</ns3:cad>
          </ns3:TrackPointExtension>
        </extensions>
      </trkpt>
      <trkpt lat="30.90084560215473175048828125" lon="121.7433893121778964996337890625">
        <ele>3.599999904632568359375</ele>
        <time>2026-09-06T13:34:22.000Z</time>
        <extensions>
          <ns3:TrackPointExtension>
            <ns3:atemp>29.0</ns3:atemp>
            <ns3:hr>168</ns3:hr>
            <ns3:cad>90</ns3:cad>
          </ns3:TrackPointExtension>
        </extensions>
      </trkpt>
      <trkpt lat="30.9008462727069854736328125" lon="121.743415296077728271484375">
        <ele>3.599999904632568359375</ele>
        <time>2026-09-06T13:34:23.000Z</time>
        <extensions>
          <ns3:TrackPointExtension>
            <ns3:atemp>29.0</ns3:atemp>
            <ns3:hr>168</ns3:hr>
            <ns3:cad>90</ns3:cad>
          </ns3:TrackPointExtension>
        </extensions>
      </trkpt>
      <trkpt lat="30.90084585361182689666748046875" lon="121.7434473149478435516357421875">
        <ele>3.599999904632568359375</ele>
        <time>2026-09-06T13:34:24.000Z</time>
        <extensions>
          <ns3:TrackPointExtension>
            <ns3:atemp>29.0</ns3:atemp>
            <ns3:hr>168</ns3:hr>
            <ns3:cad>90</ns3:cad>
          </ns3:TrackPointExtension>
        </extensions>
      </trkpt>
      <trkpt lat="30.90084367431700229644775390625" lon="121.74347086809575557708740234375">
        <ele>3.599999904632568359375</ele>
        <time>2026-09-06T13:34:25.000Z</time>
        <extensions>
          <ns3:TrackPointExtension>
            <ns3:atemp>29.0</ns3:atemp>
            <ns3:hr>168</ns3:hr>
            <ns3:cad>91</ns3:cad>
          </ns3:TrackPointExtension>
        </extensions>
      </trkpt>
      <trkpt lat="30.90084484778344631195068359375" lon="121.7435009591281414031982421875">
        <ele>3.599999904632568359375</ele>
        <time>2026-09-06T13:34:26.000Z</time>
        <extensions>
          <ns3:TrackPointExtension>
            <ns3:atemp>29.0</ns3:atemp>
            <ns3:hr>169</ns3:hr>
            <ns3:cad>90</ns3:cad>
          </ns3:TrackPointExtension>
        </extensions>
      </trkpt>
      <trkpt lat="30.90084736235439777374267578125" lon="121.7435287870466709136962890625">
        <ele>3.599999904632568359375</ele>
        <time>2026-09-06T13:34:27.000Z</time>
        <extensions>
          <ns3:TrackPointExtension>
            <ns3:atemp>29.0</ns3:atemp>
            <ns3:hr>168</ns3:hr>
            <ns3:cad>90</ns3:cad>
          </ns3:TrackPointExtension>
        </extensions>
      </trkpt>
      <trkpt lat="30.9008497931063175201416015625" lon="121.743560470640659332275390625">
        <ele>3.599999904632568359375</ele>
        <time>2026-09-06T13:34:28.000Z</time>
        <extensions>
          <ns3:TrackPointExtension>
            <ns3:atemp>29.0</ns3:atemp>
            <ns3:hr>169</ns3:hr>
            <ns3:cad>89</ns3:cad>
          </ns3:TrackPointExtension>
        </extensions>
      </trkpt>
      <trkpt lat="30.9008497931063175201416015625" lon="121.74358871765434741973876953125">
        <ele>3.599999904632568359375</ele>
        <time>2026-09-06T13:34:29.000Z</time>
        <extensions>
          <ns3:TrackPointExtension>
            <ns3:atemp>29.0</ns3:atemp>
            <ns3:hr>169</ns3:hr>
            <ns3:cad>89</ns3:cad>
          </ns3:TrackPointExtension>
        </extensions>
      </trkpt>
      <trkpt lat="30.900854654610157012939453125" lon="121.743618808686733245849609375">
        <ele>3.599999904632568359375</ele>
        <time>2026-09-06T13:34:30.000Z</time>
        <extensions>
          <ns3:TrackPointExtension>
            <ns3:atemp>29.0</ns3:atemp>
            <ns3:hr>169</ns3:hr>
            <ns3:cad>89</ns3:cad>
          </ns3:TrackPointExtension>
        </extensions>
      </trkpt>
      <trkpt lat="30.90085390023887157440185546875" lon="121.74364672042429447174072265625">
        <ele>3.599999904632568359375</ele>
        <time>2026-09-06T13:34:31.000Z</time>
        <extensions>
          <ns3:TrackPointExtension>
            <ns3:atemp>29.0</ns3:atemp>
            <ns3:hr>170</ns3:hr>
            <ns3:cad>89</ns3:cad>
          </ns3:TrackPointExtension>
        </extensions>
      </trkpt>
      <trkpt lat="30.90085809119045734405517578125" lon="121.7436786554753780364990234375">
        <ele>3.400000095367431640625</ele>
        <time>2026-09-06T13:34:32.000Z</time>
        <extensions>
          <ns3:TrackPointExtension>
            <ns3:atemp>29.0</ns3:atemp>
            <ns3:hr>170</ns3:hr>
            <ns3:cad>89</ns3:cad>
          </ns3:TrackPointExtension>
        </extensions>
      </trkpt>
      <trkpt lat="30.90086169540882110595703125" lon="121.74370824359357357025146484375">
        <ele>3.400000095367431640625</ele>
        <time>2026-09-06T13:34:33.000Z</time>
        <extensions>
          <ns3:TrackPointExtension>
            <ns3:atemp>29.0</ns3:atemp>
            <ns3:hr>170</ns3:hr>
            <ns3:cad>88</ns3:cad>
          </ns3:TrackPointExtension>
        </extensions>
      </trkpt>
      <trkpt lat="30.9008655510842800140380859375" lon="121.743741519749164581298828125">
        <ele>3.400000095367431640625</ele>
        <time>2026-09-06T13:34:34.000Z</time>
        <extensions>
          <ns3:TrackPointExtension>
            <ns3:atemp>29.0</ns3:atemp>
            <ns3:hr>170</ns3:hr>
            <ns3:cad>88</ns3:cad>
          </ns3:TrackPointExtension>
        </extensions>
      </trkpt>
      <trkpt lat="30.90086303651332855224609375" lon="121.7437742091715335845947265625">
        <ele>3.400000095367431640625</ele>
        <time>2026-09-06T13:34:35.000Z</time>
        <extensions>
          <ns3:TrackPointExtension>
            <ns3:atemp>29.0</ns3:atemp>
            <ns3:hr>169</ns3:hr>
            <ns3:cad>88</ns3:cad>
          </ns3:TrackPointExtension>
        </extensions>
      </trkpt>
      <trkpt lat="30.9008672274649143218994140625" lon="121.74380765296518802642822265625">
        <ele>3.400000095367431640625</ele>
        <time>2026-09-06T13:34:36.000Z</time>
        <extensions>
          <ns3:TrackPointExtension>
            <ns3:atemp>29.0</ns3:atemp>
            <ns3:hr>168</ns3:hr>
            <ns3:cad>89</ns3:cad>
          </ns3:TrackPointExtension>
        </extensions>
      </trkpt>
      <trkpt lat="30.90086312033236026763916015625" lon="121.74383707344532012939453125">
        <ele>3.400000095367431640625</ele>
        <time>2026-09-06T13:34:37.000Z</time>
        <extensions>
          <ns3:TrackPointExtension>
            <ns3:atemp>29.0</ns3:atemp>
            <ns3:hr>168</ns3:hr>
            <ns3:cad>89</ns3:cad>
          </ns3:TrackPointExtension>
        </extensions>
      </trkpt>
      <trkpt lat="30.90086462907493114471435546875" lon="121.74386699683964252471923828125">
        <ele>3.599999904632568359375</ele>
        <time>2026-09-06T13:34:38.000Z</time>
        <extensions>
          <ns3:TrackPointExtension>
            <ns3:atemp>29.0</ns3:atemp>
            <ns3:hr>168</ns3:hr>
            <ns3:cad>89</ns3:cad>
          </ns3:TrackPointExtension>
        </extensions>
      </trkpt>
      <trkpt lat="30.9008689038455486297607421875" lon="121.74389750696718692779541015625">
        <ele>3.599999904632568359375</ele>
        <time>2026-09-06T13:34:39.000Z</time>
        <extensions>
          <ns3:TrackPointExtension>
            <ns3:atemp>29.0</ns3:atemp>
            <ns3:hr>168</ns3:hr>
            <ns3:cad>89</ns3:cad>
          </ns3:TrackPointExtension>
        </extensions>
      </trkpt>
      <trkpt lat="30.90087368153035640716552734375" lon="121.74392499960958957672119140625">
        <ele>3.599999904632568359375</ele>
        <time>2026-09-06T13:34:40.000Z</time>
        <extensions>
          <ns3:TrackPointExtension>
            <ns3:atemp>29.0</ns3:atemp>
            <ns3:hr>168</ns3:hr>
            <ns3:cad>89</ns3:cad>
          </ns3:TrackPointExtension>
        </extensions>
      </trkpt>
      <trkpt lat="30.900875441730022430419921875" lon="121.7439579404890537261962890625">
        <ele>3.599999904632568359375</ele>
        <time>2026-09-06T13:34:41.000Z</time>
        <extensions>
          <ns3:TrackPointExtension>
            <ns3:atemp>29.0</ns3:atemp>
            <ns3:hr>168</ns3:hr>
            <ns3:cad>90</ns3:cad>
          </ns3:TrackPointExtension>
        </extensions>
      </trkpt>
      <trkpt lat="30.9008816443383693695068359375" lon="121.743988953530788421630859375">
        <ele>3.599999904632568359375</ele>
        <time>2026-09-06T13:34:42.000Z</time>
        <extensions>
          <ns3:TrackPointExtension>
            <ns3:atemp>29.0</ns3:atemp>
            <ns3:hr>168</ns3:hr>
            <ns3:cad>90</ns3:cad>
          </ns3:TrackPointExtension>
        </extensions>
      </trkpt>
      <trkpt lat="30.900888182222843170166015625" lon="121.7440199665725231170654296875">
        <ele>3.599999904632568359375</ele>
        <time>2026-09-06T13:34:43.000Z</time>
        <extensions>
          <ns3:TrackPointExtension>
            <ns3:atemp>29.0</ns3:atemp>
            <ns3:hr>168</ns3:hr>
            <ns3:cad>90</ns3:cad>
          </ns3:TrackPointExtension>
        </extensions>
      </trkpt>
      <trkpt lat="30.9008937142789363861083984375" lon="121.74405391328036785125732421875">
        <ele>3.599999904632568359375</ele>
        <time>2026-09-06T13:34:44.000Z</time>
        <extensions>
          <ns3:TrackPointExtension>
            <ns3:atemp>29.0</ns3:atemp>
            <ns3:hr>169</ns3:hr>
            <ns3:cad>89</ns3:cad>
          </ns3:TrackPointExtension>
        </extensions>
      </trkpt>
      <trkpt lat="30.90089849196374416351318359375" lon="121.74407755024731159210205078125">
        <ele>3.400000095367431640625</ele>
        <time>2026-09-06T13:34:45.000Z</time>
        <extensions>
          <ns3:TrackPointExtension>
            <ns3:atemp>29.0</ns3:atemp>
            <ns3:hr>168</ns3:hr>
            <ns3:cad>89</ns3:cad>
          </ns3:TrackPointExtension>
        </extensions>
      </trkpt>
      <trkpt lat="30.90090234763920307159423828125" lon="121.74411359243094921112060546875">
        <ele>3.400000095367431640625</ele>
        <time>2026-09-06T13:34:46.000Z</time>
        <extensions>
          <ns3:TrackPointExtension>
            <ns3:atemp>29.0</ns3:atemp>
            <ns3:hr>168</ns3:hr>
            <ns3:cad>91</ns3:cad>
          </ns3:TrackPointExtension>
        </extensions>
      </trkpt>
      <trkpt lat="30.90090285055339336395263671875" lon="121.74414326436817646026611328125">
        <ele>3.400000095367431640625</ele>
        <time>2026-09-06T13:34:47.000Z</time>
        <extensions>
          <ns3:TrackPointExtension>
            <ns3:atemp>29.0</ns3:atemp>
            <ns3:hr>169</ns3:hr>
            <ns3:cad>92</ns3:cad>
          </ns3:TrackPointExtension>
        </extensions>
      </trkpt>
      <trkpt lat="30.90090402401983737945556640625" lon="121.744177043437957763671875">
        <ele>3.400000095367431640625</ele>
        <time>2026-09-06T13:34:48.000Z</time>
        <extensions>
          <ns3:TrackPointExtension>
            <ns3:atemp>29.0</ns3:atemp>
            <ns3:hr>169</ns3:hr>
            <ns3:cad>92</ns3:cad>
          </ns3:TrackPointExtension>
        </extensions>
      </trkpt>
      <trkpt lat="30.90090326964855194091796875" lon="121.7442036978900432586669921875">
        <ele>3.400000095367431640625</ele>
        <time>2026-09-06T13:34:49.000Z</time>
        <extensions>
          <ns3:TrackPointExtension>
            <ns3:atemp>29.0</ns3:atemp>
            <ns3:hr>169</ns3:hr>
            <ns3:cad>92</ns3:cad>
          </ns3:TrackPointExtension>
        </extensions>
      </trkpt>
      <trkpt lat="30.9009024314582347869873046875" lon="121.74423647113144397735595703125">
        <ele>3.400000095367431640625</ele>
        <time>2026-09-06T13:34:50.000Z</time>
        <extensions>
          <ns3:TrackPointExtension>
            <ns3:atemp>29.0</ns3:atemp>
            <ns3:hr>169</ns3:hr>
            <ns3:cad>91</ns3:cad>
          </ns3:TrackPointExtension>
        </extensions>
      </trkpt>
      <trkpt lat="30.9008974023163318634033203125" lon="121.74426077865064144134521484375">
        <ele>3.400000095367431640625</ele>
        <time>2026-09-06T13:34:51.000Z</time>
        <extensions>
          <ns3:TrackPointExtension>
            <ns3:atemp>29.0</ns3:atemp>
            <ns3:hr>169</ns3:hr>
            <ns3:cad>91</ns3:cad>
          </ns3:TrackPointExtension>
        </extensions>
      </trkpt>
      <trkpt lat="30.90090167708694934844970703125" lon="121.7442942224442958831787109375">
        <ele>3.400000095367431640625</ele>
        <time>2026-09-06T13:34:52.000Z</time>
        <extensions>
          <ns3:TrackPointExtension>
            <ns3:atemp>29.0</ns3:atemp>
            <ns3:hr>169</ns3:hr>
            <ns3:cad>91</ns3:cad>
          </ns3:TrackPointExtension>
        </extensions>
      </trkpt>
      <trkpt lat="30.9009014256298542022705078125" lon="121.744324900209903717041015625">
        <ele>3.400000095367431640625</ele>
        <time>2026-09-06T13:34:53.000Z</time>
        <extensions>
          <ns3:TrackPointExtension>
            <ns3:atemp>29.0</ns3:atemp>
            <ns3:hr>169</ns3:hr>
            <ns3:cad>91</ns3:cad>
          </ns3:TrackPointExtension>
        </extensions>
      </trkpt>
      <trkpt lat="30.90090536512434482574462890625" lon="121.7443545721471309661865234375">
        <ele>3.400000095367431640625</ele>
        <time>2026-09-06T13:34:54.000Z</time>
        <extensions>
          <ns3:TrackPointExtension>
            <ns3:atemp>29.0</ns3:atemp>
            <ns3:hr>169</ns3:hr>
            <ns3:cad>89</ns3:cad>
          </ns3:TrackPointExtension>
        </extensions>
      </trkpt>
      <trkpt lat="30.9009094722568988800048828125" lon="121.74438432790338993072509765625">
        <ele>3.400000095367431640625</ele>
        <time>2026-09-06T13:34:55.000Z</time>
        <extensions>
          <ns3:TrackPointExtension>
            <ns3:atemp>29.0</ns3:atemp>
            <ns3:hr>170</ns3:hr>
            <ns3:cad>89</ns3:cad>
          </ns3:TrackPointExtension>
        </extensions>
      </trkpt>
      <trkpt lat="30.90091559104621410369873046875" lon="121.74441106617450714111328125">
        <ele>3.400000095367431640625</ele>
        <time>2026-09-06T13:34:56.000Z</time>
        <extensions>
          <ns3:TrackPointExtension>
            <ns3:atemp>29.0</ns3:atemp>
            <ns3:hr>170</ns3:hr>
            <ns3:cad>89</ns3:cad>
          </ns3:TrackPointExtension>
        </extensions>
      </trkpt>
      <trkpt lat="30.90091592632234096527099609375" lon="121.744446940720081329345703125">
        <ele>3.400000095367431640625</ele>
        <time>2026-09-06T13:34:57.000Z</time>
        <extensions>
          <ns3:TrackPointExtension>
            <ns3:atemp>29.0</ns3:atemp>
            <ns3:hr>169</ns3:hr>
            <ns3:cad>89</ns3:cad>
          </ns3:TrackPointExtension>
        </extensions>
      </trkpt>
      <trkpt lat="30.90092045255005359649658203125" lon="121.74447116442024707794189453125">
        <ele>3.400000095367431640625</ele>
        <time>2026-09-06T13:34:58.000Z</time>
        <extensions>
          <ns3:TrackPointExtension>
            <ns3:atemp>29.0</ns3:atemp>
            <ns3:hr>169</ns3:hr>
            <ns3:cad>89</ns3:cad>
          </ns3:TrackPointExtension>
        </extensions>
      </trkpt>
      <trkpt lat="30.9009245596826076507568359375" lon="121.7445061169564723968505859375">
        <ele>3.400000095367431640625</ele>
        <time>2026-09-06T13:34:59.000Z</time>
        <extensions>
          <ns3:TrackPointExtension>
            <ns3:atemp>29.0</ns3:atemp>
            <ns3:hr>169</ns3:hr>
            <ns3:cad>88</ns3:cad>
          </ns3:TrackPointExtension>
        </extensions>
      </trkpt>
      <trkpt lat="30.90093034319579601287841796875" lon="121.74452967010438442230224609375">
        <ele>3.400000095367431640625</ele>
        <time>2026-09-06T13:35:00.000Z</time>
        <extensions>
          <ns3:TrackPointExtension>
            <ns3:atemp>29.0</ns3:atemp>
            <ns3:hr>170</ns3:hr>
            <ns3:cad>87</ns3:cad>
          </ns3:TrackPointExtension>
        </extensions>
      </trkpt>
      <trkpt lat="30.9009279124438762664794921875" lon="121.7445614375174045562744140625">
        <ele>3.400000095367431640625</ele>
        <time>2026-09-06T13:35:01.000Z</time>
        <extensions>
          <ns3:TrackPointExtension>
            <ns3:atemp>29.0</ns3:atemp>
            <ns3:hr>169</ns3:hr>
            <ns3:cad>86</ns3:cad>
          </ns3:TrackPointExtension>
        </extensions>
      </trkpt>
      <trkpt lat="30.9009309299290180206298828125" lon="121.74458281137049198150634765625">
        <ele>3.400000095367431640625</ele>
        <time>2026-09-06T13:35:02.000Z</time>
        <extensions>
          <ns3:TrackPointExtension>
            <ns3:atemp>29.0</ns3:atemp>
            <ns3:hr>169</ns3:hr>
            <ns3:cad>86</ns3:cad>
          </ns3:TrackPointExtension>
        </extensions>
      </trkpt>
      <trkpt lat="30.90093067847192287445068359375" lon="121.7446129024028778076171875">
        <ele>3.400000095367431640625</ele>
        <time>2026-09-06T13:35:03.000Z</time>
        <extensions>
          <ns3:TrackPointExtension>
            <ns3:atemp>29.0</ns3:atemp>
            <ns3:hr>170</ns3:hr>
            <ns3:cad>86</ns3:cad>
          </ns3:TrackPointExtension>
        </extensions>
      </trkpt>
      <trkpt lat="30.90093051083385944366455078125" lon="121.7446397244930267333984375">
        <ele>3.400000095367431640625</ele>
        <time>2026-09-06T13:35:04.000Z</time>
        <extensions>
          <ns3:TrackPointExtension>
            <ns3:atemp>29.0</ns3:atemp>
            <ns3:hr>169</ns3:hr>
            <ns3:cad>87</ns3:cad>
          </ns3:TrackPointExtension>
        </extensions>
      </trkpt>
      <trkpt lat="30.90093076229095458984375" lon="121.7446670494973659515380859375">
        <ele>3.400000095367431640625</ele>
        <time>2026-09-06T13:35:05.000Z</time>
        <extensions>
          <ns3:TrackPointExtension>
            <ns3:atemp>29.0</ns3:atemp>
            <ns3:hr>169</ns3:hr>
            <ns3:cad>87</ns3:cad>
          </ns3:TrackPointExtension>
        </extensions>
      </trkpt>
      <trkpt lat="30.90092665515840053558349609375" lon="121.7446965537965297698974609375">
        <ele>3.599999904632568359375</ele>
        <time>2026-09-06T13:35:06.000Z</time>
        <extensions>
          <ns3:TrackPointExtension>
            <ns3:atemp>29.0</ns3:atemp>
            <ns3:hr>170</ns3:hr>
            <ns3:cad>87</ns3:cad>
          </ns3:TrackPointExtension>
        </extensions>
      </trkpt>
      <trkpt lat="30.90092548169195652008056640625" lon="121.7447163350880146026611328125">
        <ele>3.599999904632568359375</ele>
        <time>2026-09-06T13:35:07.000Z</time>
        <extensions>
          <ns3:TrackPointExtension>
            <ns3:atemp>29.0</ns3:atemp>
            <ns3:hr>169</ns3:hr>
            <ns3:cad>87</ns3:cad>
          </ns3:TrackPointExtension>
        </extensions>
      </trkpt>
      <trkpt lat="30.9009255655109882354736328125" lon="121.7447324283421039581298828125">
        <ele>3.599999904632568359375</ele>
        <time>2026-09-06T13:35:08.000Z</time>
        <extensions>
          <ns3:TrackPointExtension>
            <ns3:atemp>30.0</ns3:atemp>
            <ns3:hr>169</ns3:hr>
            <ns3:cad>87</ns3:cad>
          </ns3:TrackPointExtension>
        </extensions>
      </trkpt>
      <trkpt lat="30.90092782862484455108642578125" lon="121.7447347752749919891357421875">
        <ele>3.599999904632568359375</ele>
        <time>2026-09-06T13:35:09.000Z</time>
        <extensions>
          <ns3:TrackPointExtension>
            <ns3:atemp>29.0</ns3:atemp>
            <ns3:hr>169</ns3:hr>
            <ns3:cad>87</ns3:cad>
          </ns3:TrackPointExtension>
        </extensions>
      </trkpt>
      <trkpt lat="30.900931768119335174560546875" lon="121.74473670311272144317626953125">
        <ele>3.400000095367431640625</ele>
        <time>2026-09-06T13:35:10.000Z</time>
        <extensions>
          <ns3:TrackPointExtension>
            <ns3:atemp>29.0</ns3:atemp>
            <ns3:hr>169</ns3:hr>
            <ns3:cad>87</ns3:cad>
          </ns3:TrackPointExtension>
        </extensions>
      </trkpt>
      <trkpt lat="30.90092799626290798187255859375" lon="121.74474726431071758270263671875">
        <ele>3.400000095367431640625</ele>
        <time>2026-09-06T13:35:11.000Z</time>
        <extensions>
          <ns3:TrackPointExtension>
            <ns3:atemp>29.0</ns3:atemp>
            <ns3:hr>169</ns3:hr>
            <ns3:cad>87</ns3:cad>
          </ns3:TrackPointExtension>
        </extensions>
      </trkpt>
      <trkpt lat="30.90092598460614681243896484375" lon="121.74475732259452342987060546875">
        <ele>3.400000095367431640625</ele>
        <time>2026-09-06T13:35:12.000Z</time>
        <extensions>
          <ns3:TrackPointExtension>
            <ns3:atemp>29.0</ns3:atemp>
            <ns3:hr>169</ns3:hr>
            <ns3:cad>83</ns3:cad>
          </ns3:TrackPointExtension>
        </extensions>
      </trkpt>
      <trkpt lat="30.9009248949587345123291015625" lon="121.74476905725896358489990234375">
        <ele>3.400000095367431640625</ele>
        <time>2026-09-06T13:35:13.000Z</time>
        <extensions>
          <ns3:TrackPointExtension>
            <ns3:atemp>29.0</ns3:atemp>
            <ns3:hr>169</ns3:hr>
            <ns3:cad>0</ns3:cad>
          </ns3:TrackPointExtension>
        </extensions>
      </trkpt>
      <trkpt lat="30.9009259007871150970458984375" lon="121.744780205190181732177734375">
        <ele>3.400000095367431640625</ele>
        <time>2026-09-06T13:35:14.000Z</time>
        <extensions>
          <ns3:TrackPointExtension>
            <ns3:atemp>29.0</ns3:atemp>
            <ns3:hr>168</ns3:hr>
            <ns3:cad>0</ns3:cad>
          </ns3:TrackPointExtension>
        </extensions>
      </trkpt>
      <trkpt lat="30.900926403701305389404296875" lon="121.7447927780449390411376953125">
        <ele>3.400000095367431640625</ele>
        <time>2026-09-06T13:35:15.000Z</time>
        <extensions>
          <ns3:TrackPointExtension>
            <ns3:atemp>29.0</ns3:atemp>
            <ns3:hr>168</ns3:hr>
            <ns3:cad>0</ns3:cad>
          </ns3:TrackPointExtension>
        </extensions>
      </trkpt>
      <trkpt lat="30.90092414058744907379150390625" lon="121.7448061890900135040283203125">
        <ele>3.599999904632568359375</ele>
        <time>2026-09-06T13:35:16.000Z</time>
        <extensions>
          <ns3:TrackPointExtension>
            <ns3:atemp>29.0</ns3:atemp>
            <ns3:hr>167</ns3:hr>
            <ns3:cad>0</ns3:cad>
          </ns3:TrackPointExtension>
        </extensions>
      </trkpt>
      <trkpt lat="30.90091793797910213470458984375" lon="121.744818426668643951416015625">
        <ele>3.400000095367431640625</ele>
        <time>2026-09-06T13:35:17.000Z</time>
        <extensions>
          <ns3:TrackPointExtension>
            <ns3:atemp>29.0</ns3:atemp>
            <ns3:hr>167</ns3:hr>
            <ns3:cad>57</ns3:cad>
          </ns3:TrackPointExtension>
        </extensions>
      </trkpt>
      <trkpt lat="30.90090938843786716461181640625" lon="121.74482957459986209869384765625">
        <ele>3.400000095367431640625</ele>
        <time>2026-09-06T13:35:18.000Z</time>
        <extensions>
          <ns3:TrackPointExtension>
            <ns3:atemp>29.0</ns3:atemp>
            <ns3:hr>167</ns3:hr>
            <ns3:cad>57</ns3:cad>
          </ns3:TrackPointExtension>
        </extensions>
      </trkpt>
      <trkpt lat="30.90089966543018817901611328125" lon="121.74483661539852619171142578125">
        <ele>3.400000095367431640625</ele>
        <time>2026-09-06T13:35:19.000Z</time>
        <extensions>
          <ns3:TrackPointExtension>
            <ns3:atemp>29.0</ns3:atemp>
            <ns3:hr>166</ns3:hr>
            <ns3:cad>57</ns3:cad>
          </ns3:TrackPointExtension>
        </extensions>
      </trkpt>
      <trkpt lat="30.90088876895606517791748046875" lon="121.7448447458446025848388671875">
        <ele>3.599999904632568359375</ele>
        <time>2026-09-06T13:35:20.000Z</time>
        <extensions>
          <ns3:TrackPointExtension>
            <ns3:atemp>29.0</ns3:atemp>
            <ns3:hr>165</ns3:hr>
            <ns3:cad>57</ns3:cad>
          </ns3:TrackPointExtension>
        </extensions>
      </trkpt>
      <trkpt lat="30.90087820775806903839111328125" lon="121.7448541335761547088623046875">
        <ele>3.599999904632568359375</ele>
        <time>2026-09-06T13:35:21.000Z</time>
        <extensions>
          <ns3:TrackPointExtension>
            <ns3:atemp>29.0</ns3:atemp>
            <ns3:hr>165</ns3:hr>
            <ns3:cad>57</ns3:cad>
          </ns3:TrackPointExtension>
        </extensions>
      </trkpt>
      <trkpt lat="30.90086932294070720672607421875" lon="121.74486075527966022491455078125">
        <ele>3.7999999523162841796875</ele>
        <time>2026-09-06T13:35:22.000Z</time>
        <extensions>
          <ns3:TrackPointExtension>
            <ns3:atemp>29.0</ns3:atemp>
            <ns3:hr>164</ns3:hr>
            <ns3:cad>56</ns3:cad>
          </ns3:TrackPointExtension>
        </extensions>
      </trkpt>
      <trkpt lat="30.9008571691811084747314453125" lon="121.74486637115478515625">
        <ele>3.7999999523162841796875</ele>
        <time>2026-09-06T13:35:23.000Z</time>
        <extensions>
          <ns3:TrackPointExtension>
            <ns3:atemp>29.0</ns3:atemp>
            <ns3:hr>164</ns3:hr>
            <ns3:cad>56</ns3:cad>
          </ns3:TrackPointExtension>
        </extensions>
      </trkpt>
      <trkpt lat="30.90084836818277835845947265625" lon="121.74486980773508548736572265625">
        <ele>4</ele>
        <time>2026-09-06T13:35:24.000Z</time>
        <extensions>
          <ns3:TrackPointExtension>
            <ns3:atemp>29.0</ns3:atemp>
            <ns3:hr>163</ns3:hr>
            <ns3:cad>56</ns3:cad>
          </ns3:TrackPointExtension>
        </extensions>
      </trkpt>
      <trkpt lat="30.90084132738411426544189453125" lon="121.74487450160086154937744140625">
        <ele>4</ele>
        <time>2026-09-06T13:35:25.000Z</time>
        <extensions>
          <ns3:TrackPointExtension>
            <ns3:atemp>29.0</ns3:atemp>
            <ns3:hr>163</ns3:hr>
            <ns3:cad>56</ns3:cad>
          </ns3:TrackPointExtension>
        </extensions>
      </trkpt>
      <trkpt lat="30.9008350409567356109619140625" lon="121.744881458580493927001953125">
        <ele>3.7999999523162841796875</ele>
        <time>2026-09-06T13:35:26.000Z</time>
        <extensions>
          <ns3:TrackPointExtension>
            <ns3:atemp>29.0</ns3:atemp>
            <ns3:hr>162</ns3:hr>
            <ns3:cad>52</ns3:cad>
          </ns3:TrackPointExtension>
        </extensions>
      </trkpt>
      <trkpt lat="30.9008301794528961181640625" lon="121.74489780329167842864990234375">
        <ele>3.7999999523162841796875</ele>
        <time>2026-09-06T13:35:27.000Z</time>
        <extensions>
          <ns3:TrackPointExtension>
            <ns3:atemp>29.0</ns3:atemp>
            <ns3:hr>161</ns3:hr>
            <ns3:cad>52</ns3:cad>
          </ns3:TrackPointExtension>
        </extensions>
      </trkpt>
      <trkpt lat="30.90082791633903980255126953125" lon="121.7449248768389225006103515625">
        <ele>3.599999904632568359375</ele>
        <time>2026-09-06T13:35:28.000Z</time>
        <extensions>
          <ns3:TrackPointExtension>
            <ns3:atemp>29.0</ns3:atemp>
            <ns3:hr>161</ns3:hr>
            <ns3:cad>0</ns3:cad>
          </ns3:TrackPointExtension>
        </extensions>
      </trkpt>
      <trkpt lat="30.90082875452935695648193359375" lon="121.74495295621454715728759765625">
        <ele>3.400000095367431640625</ele>
        <time>2026-09-06T13:35:29.000Z</time>
        <extensions>
          <ns3:TrackPointExtension>
            <ns3:atemp>29.0</ns3:atemp>
            <ns3:hr>160</ns3:hr>
            <ns3:cad>0</ns3:cad>
          </ns3:TrackPointExtension>
        </extensions>
      </trkpt>
      <trkpt lat="30.90083244256675243377685546875" lon="121.74498665146529674530029296875">
        <ele>3.400000095367431640625</ele>
        <time>2026-09-06T13:35:30.000Z</time>
        <extensions>
          <ns3:TrackPointExtension>
            <ns3:atemp>29.0</ns3:atemp>
            <ns3:hr>160</ns3:hr>
            <ns3:cad>0</ns3:cad>
          </ns3:TrackPointExtension>
        </extensions>
      </trkpt>
      <trkpt lat="30.90084132738411426544189453125" lon="121.74501481465995311737060546875">
        <ele>3.400000095367431640625</ele>
        <time>2026-09-06T13:35:31.000Z</time>
        <extensions>
          <ns3:TrackPointExtension>
            <ns3:atemp>30.0</ns3:atemp>
            <ns3:hr>159</ns3:hr>
            <ns3:cad>0</ns3:cad>
          </ns3:TrackPointExtension>
        </extensions>
      </trkpt>
      <trkpt lat="30.9008531458675861358642578125" lon="121.7450447380542755126953125">
        <ele>3.599999904632568359375</ele>
        <time>2026-09-06T13:35:32.000Z</time>
        <extensions>
          <ns3:TrackPointExtension>
            <ns3:atemp>29.0</ns3:atemp>
            <ns3:hr>159</ns3:hr>
            <ns3:cad>88</ns3:cad>
          </ns3:TrackPointExtension>
        </extensions>
      </trkpt>
      <trkpt lat="30.900865383446216583251953125" lon="121.74506862647831439971923828125">
        <ele>3.599999904632568359375</ele>
        <time>2026-09-06T13:35:33.000Z</time>
        <extensions>
          <ns3:TrackPointExtension>
            <ns3:atemp>29.0</ns3:atemp>
            <ns3:hr>159</ns3:hr>
            <ns3:cad>88</ns3:cad>
          </ns3:TrackPointExtension>
        </extensions>
      </trkpt>
      <trkpt lat="30.90088943950831890106201171875" lon="121.74509100615978240966796875">
        <ele>3.400000095367431640625</ele>
        <time>2026-09-06T13:35:34.000Z</time>
        <extensions>
          <ns3:TrackPointExtension>
            <ns3:atemp>29.0</ns3:atemp>
            <ns3:hr>158</ns3:hr>
            <ns3:cad>89</ns3:cad>
          </ns3:TrackPointExtension>
        </extensions>
      </trkpt>
      <trkpt lat="30.90091173537075519561767578125" lon="121.74510718323290348052978515625">
        <ele>3.400000095367431640625</ele>
        <time>2026-09-06T13:35:35.000Z</time>
        <extensions>
          <ns3:TrackPointExtension>
            <ns3:atemp>29.0</ns3:atemp>
            <ns3:hr>159</ns3:hr>
            <ns3:cad>89</ns3:cad>
          </ns3:TrackPointExtension>
        </extensions>
      </trkpt>
      <trkpt lat="30.90093537233769893646240234375" lon="121.7451330833137035369873046875">
        <ele>3.2000000476837158203125</ele>
        <time>2026-09-06T13:35:36.000Z</time>
        <extensions>
          <ns3:TrackPointExtension>
            <ns3:atemp>30.0</ns3:atemp>
            <ns3:hr>158</ns3:hr>
            <ns3:cad>89</ns3:cad>
          </ns3:TrackPointExtension>
        </extensions>
      </trkpt>
      <trkpt lat="30.900950543582439422607421875" lon="121.7451552115380764007568359375">
        <ele>3.2000000476837158203125</ele>
        <time>2026-09-06T13:35:37.000Z</time>
        <extensions>
          <ns3:TrackPointExtension>
            <ns3:atemp>29.0</ns3:atemp>
            <ns3:hr>157</ns3:hr>
            <ns3:cad>89</ns3:cad>
          </ns3:TrackPointExtension>
        </extensions>
      </trkpt>
      <trkpt lat="30.90095498599112033843994140625" lon="121.74519167281687259674072265625">
        <ele>3.2000000476837158203125</ele>
        <time>2026-09-06T13:35:38.000Z</time>
        <extensions>
          <ns3:TrackPointExtension>
            <ns3:atemp>29.0</ns3:atemp>
            <ns3:hr>156</ns3:hr>
            <ns3:cad>88</ns3:cad>
          </ns3:TrackPointExtension>
        </extensions>
      </trkpt>
      <trkpt lat="30.9009607695043087005615234375" lon="121.7452148906886577606201171875">
        <ele>3.400000095367431640625</ele>
        <time>2026-09-06T13:35:39.000Z</time>
        <extensions>
          <ns3:TrackPointExtension>
            <ns3:atemp>29.0</ns3:atemp>
            <ns3:hr>155</ns3:hr>
            <ns3:cad>88</ns3:cad>
          </ns3:TrackPointExtension>
        </extensions>
      </trkpt>
      <trkpt lat="30.9009577520191669464111328125" lon="121.74524749629199504852294921875">
        <ele>3.400000095367431640625</ele>
        <time>2026-09-06T13:35:40.000Z</time>
        <extensions>
          <ns3:TrackPointExtension>
            <ns3:atemp>29.0</ns3:atemp>
            <ns3:hr>155</ns3:hr>
            <ns3:cad>89</ns3:cad>
          </ns3:TrackPointExtension>
        </extensions>
      </trkpt>
      <trkpt lat="30.9009533934295177459716796875" lon="121.74527079798281192779541015625">
        <ele>3.400000095367431640625</ele>
        <time>2026-09-06T13:35:41.000Z</time>
        <extensions>
          <ns3:TrackPointExtension>
            <ns3:atemp>30.0</ns3:atemp>
            <ns3:hr>155</ns3:hr>
            <ns3:cad>89</ns3:cad>
          </ns3:TrackPointExtension>
        </extensions>
      </trkpt>
      <trkpt lat="30.9009493701159954071044921875" lon="121.745306588709354400634765625">
        <ele>3.400000095367431640625</ele>
        <time>2026-09-06T13:35:42.000Z</time>
        <extensions>
          <ns3:TrackPointExtension>
            <ns3:atemp>29.0</ns3:atemp>
            <ns3:hr>155</ns3:hr>
            <ns3:cad>88</ns3:cad>
          </ns3:TrackPointExtension>
        </extensions>
      </trkpt>
      <trkpt lat="30.90094492770731449127197265625" lon="121.74533014185726642608642578125">
        <ele>3.400000095367431640625</ele>
        <time>2026-09-06T13:35:43.000Z</time>
        <extensions>
          <ns3:TrackPointExtension>
            <ns3:atemp>30.0</ns3:atemp>
            <ns3:hr>154</ns3:hr>
            <ns3:cad>88</ns3:cad>
          </ns3:TrackPointExtension>
        </extensions>
      </trkpt>
      <trkpt lat="30.900941155850887298583984375" lon="121.7453612387180328369140625">
        <ele>3.400000095367431640625</ele>
        <time>2026-09-06T13:35:44.000Z</time>
        <extensions>
          <ns3:TrackPointExtension>
            <ns3:atemp>29.0</ns3:atemp>
            <ns3:hr>154</ns3:hr>
            <ns3:cad>88</ns3:cad>
          </ns3:TrackPointExtension>
        </extensions>
      </trkpt>
      <trkpt lat="30.90094090439379215240478515625" lon="121.74538697116076946258544921875">
        <ele>3.400000095367431640625</ele>
        <time>2026-09-06T13:35:45.000Z</time>
        <extensions>
          <ns3:TrackPointExtension>
            <ns3:atemp>30.0</ns3:atemp>
            <ns3:hr>155</ns3:hr>
            <ns3:cad>88</ns3:cad>
          </ns3:TrackPointExtension>
        </extensions>
      </trkpt>
      <trkpt lat="30.900944173336029052734375" lon="121.7454137094318866729736328125">
        <ele>3.2000000476837158203125</ele>
        <time>2026-09-06T13:35:46.000Z</time>
        <extensions>
          <ns3:TrackPointExtension>
            <ns3:atemp>29.0</ns3:atemp>
            <ns3:hr>155</ns3:hr>
            <ns3:cad>88</ns3:cad>
          </ns3:TrackPointExtension>
        </extensions>
      </trkpt>
      <trkpt lat="30.90094258077442646026611328125" lon="121.7454472370445728302001953125">
        <ele>3.2000000476837158203125</ele>
        <time>2026-09-06T13:35:47.000Z</time>
        <extensions>
          <ns3:TrackPointExtension>
            <ns3:atemp>30.0</ns3:atemp>
            <ns3:hr>155</ns3:hr>
            <ns3:cad>88</ns3:cad>
          </ns3:TrackPointExtension>
        </extensions>
      </trkpt>
      <trkpt lat="30.9009440056979656219482421875" lon="121.74547263421118259429931640625">
        <ele>3.2000000476837158203125</ele>
        <time>2026-09-06T13:35:48.000Z</time>
        <extensions>
          <ns3:TrackPointExtension>
            <ns3:atemp>30.0</ns3:atemp>
            <ns3:hr>155</ns3:hr>
            <ns3:cad>87</ns3:cad>
          </ns3:TrackPointExtension>
        </extensions>
      </trkpt>
      <trkpt lat="30.9009446762502193450927734375" lon="121.745499037206172943115234375">
        <ele>3.2000000476837158203125</ele>
        <time>2026-09-06T13:35:49.000Z</time>
        <extensions>
          <ns3:TrackPointExtension>
            <ns3:atemp>29.0</ns3:atemp>
            <ns3:hr>156</ns3:hr>
            <ns3:cad>87</ns3:cad>
          </ns3:TrackPointExtension>
        </extensions>
      </trkpt>
      <trkpt lat="30.90095666237175464630126953125" lon="121.7455330677330493927001953125">
        <ele>3.2000000476837158203125</ele>
        <time>2026-09-06T13:35:50.000Z</time>
        <extensions>
          <ns3:TrackPointExtension>
            <ns3:atemp>30.0</ns3:atemp>
            <ns3:hr>156</ns3:hr>
            <ns3:cad>87</ns3:cad>
          </ns3:TrackPointExtension>
        </extensions>
      </trkpt>
      <trkpt lat="30.90096118859946727752685546875" lon="121.7455619014799594879150390625">
        <ele>3.400000095367431640625</ele>
        <time>2026-09-06T13:35:51.000Z</time>
        <extensions>
          <ns3:TrackPointExtension>
            <ns3:atemp>30.0</ns3:atemp>
            <ns3:hr>157</ns3:hr>
            <ns3:cad>87</ns3:cad>
          </ns3:TrackPointExtension>
        </extensions>
      </trkpt>
      <trkpt lat="30.9009671397507190704345703125" lon="121.74559182487428188323974609375">
        <ele>3.400000095367431640625</ele>
        <time>2026-09-06T13:35:52.000Z</time>
        <extensions>
          <ns3:TrackPointExtension>
            <ns3:atemp>30.0</ns3:atemp>
            <ns3:hr>157</ns3:hr>
            <ns3:cad>88</ns3:cad>
          </ns3:TrackPointExtension>
        </extensions>
      </trkpt>
      <trkpt lat="30.9009654633700847625732421875" lon="121.74562049098312854766845703125">
        <ele>3.400000095367431640625</ele>
        <time>2026-09-06T13:35:53.000Z</time>
        <extensions>
          <ns3:TrackPointExtension>
            <ns3:atemp>30.0</ns3:atemp>
            <ns3:hr>156</ns3:hr>
            <ns3:cad>88</ns3:cad>
          </ns3:TrackPointExtension>
        </extensions>
      </trkpt>
      <trkpt lat="30.90097091160714626312255859375" lon="121.74564748071134090423583984375">
        <ele>3.400000095367431640625</ele>
        <time>2026-09-06T13:35:54.000Z</time>
        <extensions>
          <ns3:TrackPointExtension>
            <ns3:atemp>29.0</ns3:atemp>
            <ns3:hr>157</ns3:hr>
            <ns3:cad>87</ns3:cad>
          </ns3:TrackPointExtension>
        </extensions>
      </trkpt>
      <trkpt lat="30.90097543783485889434814453125" lon="121.7456842772662639617919921875">
        <ele>3.400000095367431640625</ele>
        <time>2026-09-06T13:35:55.000Z</time>
        <extensions>
          <ns3:TrackPointExtension>
            <ns3:atemp>30.0</ns3:atemp>
            <ns3:hr>156</ns3:hr>
            <ns3:cad>87</ns3:cad>
          </ns3:TrackPointExtension>
        </extensions>
      </trkpt>
      <trkpt lat="30.9009778685867786407470703125" lon="121.74570866860449314117431640625">
        <ele>3.400000095367431640625</ele>
        <time>2026-09-06T13:35:56.000Z</time>
        <extensions>
          <ns3:TrackPointExtension>
            <ns3:atemp>30.0</ns3:atemp>
            <ns3:hr>156</ns3:hr>
            <ns3:cad>87</ns3:cad>
          </ns3:TrackPointExtension>
        </extensions>
      </trkpt>
      <trkpt lat="30.900977365672588348388671875" lon="121.7457447946071624755859375">
        <ele>3.400000095367431640625</ele>
        <time>2026-09-06T13:35:57.000Z</time>
        <extensions>
          <ns3:TrackPointExtension>
            <ns3:atemp>29.0</ns3:atemp>
            <ns3:hr>157</ns3:hr>
            <ns3:cad>87</ns3:cad>
          </ns3:TrackPointExtension>
        </extensions>
      </trkpt>
      <trkpt lat="30.900978036224842071533203125" lon="121.74576482735574245452880859375">
        <ele>3.400000095367431640625</ele>
        <time>2026-09-06T13:35:58.000Z</time>
        <extensions>
          <ns3:TrackPointExtension>
            <ns3:atemp>30.0</ns3:atemp>
            <ns3:hr>157</ns3:hr>
            <ns3:cad>87</ns3:cad>
          </ns3:TrackPointExtension>
        </extensions>
      </trkpt>
      <trkpt lat="30.90098063461482524871826171875" lon="121.745798103511333465576171875">
        <ele>3.400000095367431640625</ele>
        <time>2026-09-06T13:35:59.000Z</time>
        <extensions>
          <ns3:TrackPointExtension>
            <ns3:atemp>30.0</ns3:atemp>
            <ns3:hr>157</ns3:hr>
            <ns3:cad>88</ns3:cad>
          </ns3:TrackPointExtension>
        </extensions>
      </trkpt>
      <trkpt lat="30.90098314918577671051025390625" lon="121.74582283012568950653076171875">
        <ele>3.400000095367431640625</ele>
        <time>2026-09-06T13:36:00.000Z</time>
        <extensions>
          <ns3:TrackPointExtension>
            <ns3:atemp>29.0</ns3:atemp>
            <ns3:hr>157</ns3:hr>
            <ns3:cad>90</ns3:cad>
          </ns3:TrackPointExtension>
        </extensions>
      </trkpt>
      <trkpt lat="30.90098683722317218780517578125" lon="121.74585945904254913330078125">
        <ele>3.400000095367431640625</ele>
        <time>2026-09-06T13:36:01.000Z</time>
        <extensions>
          <ns3:TrackPointExtension>
            <ns3:atemp>30.0</ns3:atemp>
            <ns3:hr>157</ns3:hr>
            <ns3:cad>90</ns3:cad>
          </ns3:TrackPointExtension>
        </extensions>
      </trkpt>
      <trkpt lat="30.9009892679750919342041015625" lon="121.74589139409363269805908203125">
        <ele>3.400000095367431640625</ele>
        <time>2026-09-06T13:36:02.000Z</time>
        <extensions>
          <ns3:TrackPointExtension>
            <ns3:atemp>30.0</ns3:atemp>
            <ns3:hr>158</ns3:hr>
            <ns3:cad>89</ns3:cad>
          </ns3:TrackPointExtension>
        </extensions>
      </trkpt>
      <trkpt lat="30.90099102817475795745849609375" lon="121.74592517316341400146484375">
        <ele>3.2000000476837158203125</ele>
        <time>2026-09-06T13:36:03.000Z</time>
        <extensions>
          <ns3:TrackPointExtension>
            <ns3:atemp>29.0</ns3:atemp>
            <ns3:hr>158</ns3:hr>
            <ns3:cad>88</ns3:cad>
          </ns3:TrackPointExtension>
        </extensions>
      </trkpt>
      <trkpt lat="30.900992788374423980712890625" lon="121.74595534801483154296875">
        <ele>3.2000000476837158203125</ele>
        <time>2026-09-06T13:36:04.000Z</time>
        <extensions>
          <ns3:TrackPointExtension>
            <ns3:atemp>29.0</ns3:atemp>
            <ns3:hr>159</ns3:hr>
            <ns3:cad>88</ns3:cad>
          </ns3:TrackPointExtension>
        </extensions>
      </trkpt>
      <trkpt lat="30.90099580585956573486328125" lon="121.74599030055105686187744140625">
        <ele>3.400000095367431640625</ele>
        <time>2026-09-06T13:36:05.000Z</time>
        <extensions>
          <ns3:TrackPointExtension>
            <ns3:atemp>30.0</ns3:atemp>
            <ns3:hr>159</ns3:hr>
            <ns3:cad>88</ns3:cad>
          </ns3:TrackPointExtension>
        </extensions>
      </trkpt>
      <trkpt lat="30.90099320746958255767822265625" lon="121.7460185475647449493408203125">
        <ele>3.400000095367431640625</ele>
        <time>2026-09-06T13:36:06.000Z</time>
        <extensions>
          <ns3:TrackPointExtension>
            <ns3:atemp>30.0</ns3:atemp>
            <ns3:hr>159</ns3:hr>
            <ns3:cad>88</ns3:cad>
          </ns3:TrackPointExtension>
        </extensions>
      </trkpt>
      <trkpt lat="30.9009979851543903350830078125" lon="121.7460478842258453369140625">
        <ele>3.400000095367431640625</ele>
        <time>2026-09-06T13:36:07.000Z</time>
        <extensions>
          <ns3:TrackPointExtension>
            <ns3:atemp>30.0</ns3:atemp>
            <ns3:hr>160</ns3:hr>
            <ns3:cad>89</ns3:cad>
          </ns3:TrackPointExtension>
        </extensions>
      </trkpt>
      <trkpt lat="30.90099840424954891204833984375" lon="121.74607940018177032470703125">
        <ele>3.400000095367431640625</ele>
        <time>2026-09-06T13:36:08.000Z</time>
        <extensions>
          <ns3:TrackPointExtension>
            <ns3:atemp>29.0</ns3:atemp>
            <ns3:hr>160</ns3:hr>
            <ns3:cad>89</ns3:cad>
          </ns3:TrackPointExtension>
        </extensions>
      </trkpt>
      <trkpt lat="30.901001505553722381591796875" lon="121.74610555171966552734375">
        <ele>3.400000095367431640625</ele>
        <time>2026-09-06T13:36:09.000Z</time>
        <extensions>
          <ns3:TrackPointExtension>
            <ns3:atemp>30.0</ns3:atemp>
            <ns3:hr>161</ns3:hr>
            <ns3:cad>89</ns3:cad>
          </ns3:TrackPointExtension>
        </extensions>
      </trkpt>
      <trkpt lat="30.9010020084679126739501953125" lon="121.74613748677074909210205078125">
        <ele>3.400000095367431640625</ele>
        <time>2026-09-06T13:36:10.000Z</time>
        <extensions>
          <ns3:TrackPointExtension>
            <ns3:atemp>30.0</ns3:atemp>
            <ns3:hr>162</ns3:hr>
            <ns3:cad>88</ns3:cad>
          </ns3:TrackPointExtension>
        </extensions>
      </trkpt>
      <trkpt lat="30.90100360102951526641845703125" lon="121.7461620457470417022705078125">
        <ele>3.400000095367431640625</ele>
        <time>2026-09-06T13:36:11.000Z</time>
        <extensions>
          <ns3:TrackPointExtension>
            <ns3:atemp>30.0</ns3:atemp>
            <ns3:hr>163</ns3:hr>
            <ns3:cad>87</ns3:cad>
          </ns3:TrackPointExtension>
        </extensions>
      </trkpt>
      <trkpt lat="30.90100058354437351226806640625" lon="121.7461965791881084442138671875">
        <ele>3.400000095367431640625</ele>
        <time>2026-09-06T13:36:12.000Z</time>
        <extensions>
          <ns3:TrackPointExtension>
            <ns3:atemp>30.0</ns3:atemp>
            <ns3:hr>163</ns3:hr>
            <ns3:cad>87</ns3:cad>
          </ns3:TrackPointExtension>
        </extensions>
      </trkpt>
      <trkpt lat="30.901000164449214935302734375" lon="121.746225915849208831787109375">
        <ele>3.400000095367431640625</ele>
        <time>2026-09-06T13:36:13.000Z</time>
        <extensions>
          <ns3:TrackPointExtension>
            <ns3:atemp>30.0</ns3:atemp>
            <ns3:hr>164</ns3:hr>
            <ns3:cad>87</ns3:cad>
          </ns3:TrackPointExtension>
        </extensions>
      </trkpt>
      <trkpt lat="30.9010006673634052276611328125" lon="121.746262796223163604736328125">
        <ele>3.400000095367431640625</ele>
        <time>2026-09-06T13:36:14.000Z</time>
        <extensions>
          <ns3:TrackPointExtension>
            <ns3:atemp>29.0</ns3:atemp>
            <ns3:hr>164</ns3:hr>
            <ns3:cad>87</ns3:cad>
          </ns3:TrackPointExtension>
        </extensions>
      </trkpt>
      <trkpt lat="30.9010077081620693206787109375" lon="121.7462839186191558837890625">
        <ele>3.400000095367431640625</ele>
        <time>2026-09-06T13:36:15.000Z</time>
        <extensions>
          <ns3:TrackPointExtension>
            <ns3:atemp>30.0</ns3:atemp>
            <ns3:hr>164</ns3:hr>
            <ns3:cad>88</ns3:cad>
          </ns3:TrackPointExtension>
        </extensions>
      </trkpt>
      <trkpt lat="30.90101189911365509033203125" lon="121.74631820060312747955322265625">
        <ele>3.400000095367431640625</ele>
        <time>2026-09-06T13:36:16.000Z</time>
        <extensions>
          <ns3:TrackPointExtension>
            <ns3:atemp>30.0</ns3:atemp>
            <ns3:hr>164</ns3:hr>
            <ns3:cad>88</ns3:cad>
          </ns3:TrackPointExtension>
        </extensions>
      </trkpt>
      <trkpt lat="30.9010137431323528289794921875" lon="121.746344603598117828369140625">
        <ele>3.400000095367431640625</ele>
        <time>2026-09-06T13:36:17.000Z</time>
        <extensions>
          <ns3:TrackPointExtension>
            <ns3:atemp>30.0</ns3:atemp>
            <ns3:hr>164</ns3:hr>
            <ns3:cad>89</ns3:cad>
          </ns3:TrackPointExtension>
        </extensions>
      </trkpt>
      <trkpt lat="30.90101248584687709808349609375" lon="121.746378131210803985595703125">
        <ele>3.400000095367431640625</ele>
        <time>2026-09-06T13:36:18.000Z</time>
        <extensions>
          <ns3:TrackPointExtension>
            <ns3:atemp>29.0</ns3:atemp>
            <ns3:hr>164</ns3:hr>
            <ns3:cad>89</ns3:cad>
          </ns3:TrackPointExtension>
        </extensions>
      </trkpt>
      <trkpt lat="30.901016928255558013916015625" lon="121.74640067853033542633056640625">
        <ele>3.400000095367431640625</ele>
        <time>2026-09-06T13:36:19.000Z</time>
        <extensions>
          <ns3:TrackPointExtension>
            <ns3:atemp>30.0</ns3:atemp>
            <ns3:hr>165</ns3:hr>
            <ns3:cad>89</ns3:cad>
          </ns3:TrackPointExtension>
        </extensions>
      </trkpt>
      <trkpt lat="30.90101835317909717559814453125" lon="121.7464332841336727142333984375">
        <ele>3.400000095367431640625</ele>
        <time>2026-09-06T13:36:20.000Z</time>
        <extensions>
          <ns3:TrackPointExtension>
            <ns3:atemp>30.0</ns3:atemp>
            <ns3:hr>165</ns3:hr>
            <ns3:cad>88</ns3:cad>
          </ns3:TrackPointExtension>
        </extensions>
      </trkpt>
      <trkpt lat="30.901018939912319183349609375" lon="121.74645968712866306304931640625">
        <ele>3.400000095367431640625</ele>
        <time>2026-09-06T13:36:21.000Z</time>
        <extensions>
          <ns3:TrackPointExtension>
            <ns3:atemp>30.0</ns3:atemp>
            <ns3:hr>165</ns3:hr>
            <ns3:cad>88</ns3:cad>
          </ns3:TrackPointExtension>
        </extensions>
      </trkpt>
      <trkpt lat="30.9010191075503826141357421875" lon="121.7464909516274929046630859375">
        <ele>3.400000095367431640625</ele>
        <time>2026-09-06T13:36:22.000Z</time>
        <extensions>
          <ns3:TrackPointExtension>
            <ns3:atemp>30.0</ns3:atemp>
            <ns3:hr>165</ns3:hr>
            <ns3:cad>88</ns3:cad>
          </ns3:TrackPointExtension>
        </extensions>
      </trkpt>
      <trkpt lat="30.90101751498878002166748046875" lon="121.74651517532765865325927734375">
        <ele>3.400000095367431640625</ele>
        <time>2026-09-06T13:36:23.000Z</time>
        <extensions>
          <ns3:TrackPointExtension>
            <ns3:atemp>29.0</ns3:atemp>
            <ns3:hr>165</ns3:hr>
            <ns3:cad>90</ns3:cad>
          </ns3:TrackPointExtension>
        </extensions>
      </trkpt>
      <trkpt lat="30.90102019719779491424560546875" lon="121.74654618836939334869384765625">
        <ele>3.400000095367431640625</ele>
        <time>2026-09-06T13:36:24.000Z</time>
        <extensions>
          <ns3:TrackPointExtension>
            <ns3:atemp>29.0</ns3:atemp>
            <ns3:hr>165</ns3:hr>
            <ns3:cad>90</ns3:cad>
          </ns3:TrackPointExtension>
        </extensions>
      </trkpt>
      <trkpt lat="30.9010179340839385986328125" lon="121.74657334573566913604736328125">
        <ele>3.400000095367431640625</ele>
        <time>2026-09-06T13:36:25.000Z</time>
        <extensions>
          <ns3:TrackPointExtension>
            <ns3:atemp>30.0</ns3:atemp>
            <ns3:hr>164</ns3:hr>
            <ns3:cad>88</ns3:cad>
          </ns3:TrackPointExtension>
        </extensions>
      </trkpt>
      <trkpt lat="30.90102338232100009918212890625" lon="121.7465992458164691925048828125">
        <ele>3.599999904632568359375</ele>
        <time>2026-09-06T13:36:26.000Z</time>
        <extensions>
          <ns3:TrackPointExtension>
            <ns3:atemp>30.0</ns3:atemp>
            <ns3:hr>165</ns3:hr>
            <ns3:cad>88</ns3:cad>
          </ns3:TrackPointExtension>
        </extensions>
      </trkpt>
      <trkpt lat="30.90102799236774444580078125" lon="121.74663034267723560333251953125">
        <ele>3.599999904632568359375</ele>
        <time>2026-09-06T13:36:27.000Z</time>
        <extensions>
          <ns3:TrackPointExtension>
            <ns3:atemp>30.0</ns3:atemp>
            <ns3:hr>165</ns3:hr>
            <ns3:cad>88</ns3:cad>
          </ns3:TrackPointExtension>
        </extensions>
      </trkpt>
      <trkpt lat="30.90103067457675933837890625" lon="121.74665582366287708282470703125">
        <ele>3.599999904632568359375</ele>
        <time>2026-09-06T13:36:28.000Z</time>
        <extensions>
          <ns3:TrackPointExtension>
            <ns3:atemp>30.0</ns3:atemp>
            <ns3:hr>165</ns3:hr>
            <ns3:cad>89</ns3:cad>
          </ns3:TrackPointExtension>
        </extensions>
      </trkpt>
      <trkpt lat="30.90102975256741046905517578125" lon="121.74668423831462860107421875">
        <ele>3.599999904632568359375</ele>
        <time>2026-09-06T13:36:29.000Z</time>
        <extensions>
          <ns3:TrackPointExtension>
            <ns3:atemp>30.0</ns3:atemp>
            <ns3:hr>165</ns3:hr>
            <ns3:cad>89</ns3:cad>
          </ns3:TrackPointExtension>
        </extensions>
      </trkpt>
      <trkpt lat="30.9010338596999645233154296875" lon="121.74671013839542865753173828125">
        <ele>3.599999904632568359375</ele>
        <time>2026-09-06T13:36:30.000Z</time>
        <extensions>
          <ns3:TrackPointExtension>
            <ns3:atemp>30.0</ns3:atemp>
            <ns3:hr>165</ns3:hr>
            <ns3:cad>89</ns3:cad>
          </ns3:TrackPointExtension>
        </extensions>
      </trkpt>
      <trkpt lat="30.901030004024505615234375" lon="121.74674333073198795318603515625">
        <ele>3.400000095367431640625</ele>
        <time>2026-09-06T13:36:31.000Z</time>
        <extensions>
          <ns3:TrackPointExtension>
            <ns3:atemp>30.0</ns3:atemp>
            <ns3:hr>165</ns3:hr>
            <ns3:cad>88</ns3:cad>
          </ns3:TrackPointExtension>
        </extensions>
      </trkpt>
      <trkpt lat="30.90103478170931339263916015625" lon="121.74676696769893169403076171875">
        <ele>3.400000095367431640625</ele>
        <time>2026-09-06T13:36:32.000Z</time>
        <extensions>
          <ns3:TrackPointExtension>
            <ns3:atemp>30.0</ns3:atemp>
            <ns3:hr>165</ns3:hr>
            <ns3:cad>88</ns3:cad>
          </ns3:TrackPointExtension>
        </extensions>
      </trkpt>
      <trkpt lat="30.90103561989963054656982421875" lon="121.74679814837872982025146484375">
        <ele>3.400000095367431640625</ele>
        <time>2026-09-06T13:36:33.000Z</time>
        <extensions>
          <ns3:TrackPointExtension>
            <ns3:atemp>30.0</ns3:atemp>
            <ns3:hr>165</ns3:hr>
            <ns3:cad>88</ns3:cad>
          </ns3:TrackPointExtension>
        </extensions>
      </trkpt>
      <trkpt lat="30.9010402299463748931884765625" lon="121.74681700766086578369140625">
        <ele>3.400000095367431640625</ele>
        <time>2026-09-06T13:36:34.000Z</time>
        <extensions>
          <ns3:TrackPointExtension>
            <ns3:atemp>30.0</ns3:atemp>
            <ns3:hr>165</ns3:hr>
            <ns3:cad>88</ns3:cad>
          </ns3:TrackPointExtension>
        </extensions>
      </trkpt>
      <trkpt lat="30.90104282833635807037353515625" lon="121.7468520440161228179931640625">
        <ele>3.400000095367431640625</ele>
        <time>2026-09-06T13:36:35.000Z</time>
        <extensions>
          <ns3:TrackPointExtension>
            <ns3:atemp>30.0</ns3:atemp>
            <ns3:hr>165</ns3:hr>
            <ns3:cad>88</ns3:cad>
          </ns3:TrackPointExtension>
        </extensions>
      </trkpt>
      <trkpt lat="30.9010422416031360626220703125" lon="121.746877022087574005126953125">
        <ele>3.400000095367431640625</ele>
        <time>2026-09-06T13:36:36.000Z</time>
        <extensions>
          <ns3:TrackPointExtension>
            <ns3:atemp>30.0</ns3:atemp>
            <ns3:hr>165</ns3:hr>
            <ns3:cad>88</ns3:cad>
          </ns3:TrackPointExtension>
        </extensions>
      </trkpt>
      <trkpt lat="30.9010415710508823394775390625" lon="121.7469083704054355621337890625">
        <ele>3.400000095367431640625</ele>
        <time>2026-09-06T13:36:37.000Z</time>
        <extensions>
          <ns3:TrackPointExtension>
            <ns3:atemp>30.0</ns3:atemp>
            <ns3:hr>165</ns3:hr>
            <ns3:cad>87</ns3:cad>
          </ns3:TrackPointExtension>
        </extensions>
      </trkpt>
      <trkpt lat="30.90103863738477230072021484375" lon="121.74693460576236248016357421875">
        <ele>3.400000095367431640625</ele>
        <time>2026-09-06T13:36:38.000Z</time>
        <extensions>
          <ns3:TrackPointExtension>
            <ns3:atemp>30.0</ns3:atemp>
            <ns3:hr>165</ns3:hr>
            <ns3:cad>87</ns3:cad>
          </ns3:TrackPointExtension>
        </extensions>
      </trkpt>
      <trkpt lat="30.90103897266089916229248046875" lon="121.74696343950927257537841796875">
        <ele>3.400000095367431640625</ele>
        <time>2026-09-06T13:36:39.000Z</time>
        <extensions>
          <ns3:TrackPointExtension>
            <ns3:atemp>30.0</ns3:atemp>
            <ns3:hr>165</ns3:hr>
            <ns3:cad>88</ns3:cad>
          </ns3:TrackPointExtension>
        </extensions>
      </trkpt>
      <trkpt lat="30.90103729628026485443115234375" lon="121.746993027627468109130859375">
        <ele>3.400000095367431640625</ele>
        <time>2026-09-06T13:36:40.000Z</time>
        <extensions>
          <ns3:TrackPointExtension>
            <ns3:atemp>30.0</ns3:atemp>
            <ns3:hr>165</ns3:hr>
            <ns3:cad>88</ns3:cad>
          </ns3:TrackPointExtension>
        </extensions>
      </trkpt>
      <trkpt lat="30.90104131959378719329833984375" lon="121.74702244810760021209716796875">
        <ele>3.400000095367431640625</ele>
        <time>2026-09-06T13:36:41.000Z</time>
        <extensions>
          <ns3:TrackPointExtension>
            <ns3:atemp>30.0</ns3:atemp>
            <ns3:hr>165</ns3:hr>
            <ns3:cad>88</ns3:cad>
          </ns3:TrackPointExtension>
        </extensions>
      </trkpt>
      <trkpt lat="30.90104232542216777801513671875" lon="121.74705178476870059967041015625">
        <ele>3.400000095367431640625</ele>
        <time>2026-09-06T13:36:42.000Z</time>
        <extensions>
          <ns3:TrackPointExtension>
            <ns3:atemp>29.0</ns3:atemp>
            <ns3:hr>165</ns3:hr>
            <ns3:cad>87</ns3:cad>
          </ns3:TrackPointExtension>
        </extensions>
      </trkpt>
      <trkpt lat="30.90104500763118267059326171875" lon="121.74708195962011814117431640625">
        <ele>3.400000095367431640625</ele>
        <time>2026-09-06T13:36:43.000Z</time>
        <extensions>
          <ns3:TrackPointExtension>
            <ns3:atemp>30.0</ns3:atemp>
            <ns3:hr>166</ns3:hr>
            <ns3:cad>87</ns3:cad>
          </ns3:TrackPointExtension>
        </extensions>
      </trkpt>
      <trkpt lat="30.9010445885360240936279296875" lon="121.7471105419099330902099609375">
        <ele>3.400000095367431640625</ele>
        <time>2026-09-06T13:36:44.000Z</time>
        <extensions>
          <ns3:TrackPointExtension>
            <ns3:atemp>30.0</ns3:atemp>
            <ns3:hr>166</ns3:hr>
            <ns3:cad>88</ns3:cad>
          </ns3:TrackPointExtension>
        </extensions>
      </trkpt>
      <trkpt lat="30.90105171315371990203857421875" lon="121.74714021384716033935546875">
        <ele>3.400000095367431640625</ele>
        <time>2026-09-06T13:36:45.000Z</time>
        <extensions>
          <ns3:TrackPointExtension>
            <ns3:atemp>30.0</ns3:atemp>
            <ns3:hr>166</ns3:hr>
            <ns3:cad>89</ns3:cad>
          </ns3:TrackPointExtension>
        </extensions>
      </trkpt>
      <trkpt lat="30.9010528028011322021484375" lon="121.747172735631465911865234375">
        <ele>3.400000095367431640625</ele>
        <time>2026-09-06T13:36:46.000Z</time>
        <extensions>
          <ns3:TrackPointExtension>
            <ns3:atemp>30.0</ns3:atemp>
            <ns3:hr>166</ns3:hr>
            <ns3:cad>89</ns3:cad>
          </ns3:TrackPointExtension>
        </extensions>
      </trkpt>
      <trkpt lat="30.90105422772467136383056640625" lon="121.7472010664641857147216796875">
        <ele>3.400000095367431640625</ele>
        <time>2026-09-06T13:36:47.000Z</time>
        <extensions>
          <ns3:TrackPointExtension>
            <ns3:atemp>30.0</ns3:atemp>
            <ns3:hr>166</ns3:hr>
            <ns3:cad>88</ns3:cad>
          </ns3:TrackPointExtension>
        </extensions>
      </trkpt>
      <trkpt lat="30.90105020441114902496337890625" lon="121.74723098985850811004638671875">
        <ele>3.400000095367431640625</ele>
        <time>2026-09-06T13:36:48.000Z</time>
        <extensions>
          <ns3:TrackPointExtension>
            <ns3:atemp>30.0</ns3:atemp>
            <ns3:hr>167</ns3:hr>
            <ns3:cad>88</ns3:cad>
          </ns3:TrackPointExtension>
        </extensions>
      </trkpt>
      <trkpt lat="30.90105288662016391754150390625" lon="121.7472597397863864898681640625">
        <ele>3.400000095367431640625</ele>
        <time>2026-09-06T13:36:49.000Z</time>
        <extensions>
          <ns3:TrackPointExtension>
            <ns3:atemp>30.0</ns3:atemp>
            <ns3:hr>167</ns3:hr>
            <ns3:cad>89</ns3:cad>
          </ns3:TrackPointExtension>
        </extensions>
      </trkpt>
      <trkpt lat="30.90105271898210048675537109375" lon="121.747291088104248046875">
        <ele>3.400000095367431640625</ele>
        <time>2026-09-06T13:36:50.000Z</time>
        <extensions>
          <ns3:TrackPointExtension>
            <ns3:atemp>30.0</ns3:atemp>
            <ns3:hr>167</ns3:hr>
            <ns3:cad>90</ns3:cad>
          </ns3:TrackPointExtension>
        </extensions>
      </trkpt>
      <trkpt lat="30.901055820286273956298828125" lon="121.7473192512989044189453125">
        <ele>3.400000095367431640625</ele>
        <time>2026-09-06T13:36:51.000Z</time>
        <extensions>
          <ns3:TrackPointExtension>
            <ns3:atemp>30.0</ns3:atemp>
            <ns3:hr>167</ns3:hr>
            <ns3:cad>90</ns3:cad>
          </ns3:TrackPointExtension>
        </extensions>
      </trkpt>
      <trkpt lat="30.90105858631432056427001953125" lon="121.747350431978702545166015625">
        <ele>3.400000095367431640625</ele>
        <time>2026-09-06T13:36:52.000Z</time>
        <extensions>
          <ns3:TrackPointExtension>
            <ns3:atemp>29.0</ns3:atemp>
            <ns3:hr>168</ns3:hr>
            <ns3:cad>89</ns3:cad>
          </ns3:TrackPointExtension>
        </extensions>
      </trkpt>
      <trkpt lat="30.901061855256557464599609375" lon="121.74737918190658092498779296875">
        <ele>3.400000095367431640625</ele>
        <time>2026-09-06T13:36:53.000Z</time>
        <extensions>
          <ns3:TrackPointExtension>
            <ns3:atemp>30.0</ns3:atemp>
            <ns3:hr>168</ns3:hr>
            <ns3:cad>89</ns3:cad>
          </ns3:TrackPointExtension>
        </extensions>
      </trkpt>
      <trkpt lat="30.90106395073235034942626953125" lon="121.74740717746317386627197265625">
        <ele>3.400000095367431640625</ele>
        <time>2026-09-06T13:36:54.000Z</time>
        <extensions>
          <ns3:TrackPointExtension>
            <ns3:atemp>30.0</ns3:atemp>
            <ns3:hr>168</ns3:hr>
            <ns3:cad>89</ns3:cad>
          </ns3:TrackPointExtension>
        </extensions>
      </trkpt>
      <trkpt lat="30.90106830932199954986572265625" lon="121.74743584357202053070068359375">
        <ele>3.400000095367431640625</ele>
        <time>2026-09-06T13:36:55.000Z</time>
        <extensions>
          <ns3:TrackPointExtension>
            <ns3:atemp>30.0</ns3:atemp>
            <ns3:hr>168</ns3:hr>
            <ns3:cad>90</ns3:cad>
          </ns3:TrackPointExtension>
        </extensions>
      </trkpt>
      <trkpt lat="30.9010710753500461578369140625" lon="121.74746635369956493377685546875">
        <ele>3.400000095367431640625</ele>
        <time>2026-09-06T13:36:56.000Z</time>
        <extensions>
          <ns3:TrackPointExtension>
            <ns3:atemp>30.0</ns3:atemp>
            <ns3:hr>168</ns3:hr>
            <ns3:cad>90</ns3:cad>
          </ns3:TrackPointExtension>
        </extensions>
      </trkpt>
      <trkpt lat="30.9010740928351879119873046875" lon="121.747497953474521636962890625">
        <ele>3.400000095367431640625</ele>
        <time>2026-09-06T13:36:57.000Z</time>
        <extensions>
          <ns3:TrackPointExtension>
            <ns3:atemp>30.0</ns3:atemp>
            <ns3:hr>168</ns3:hr>
            <ns3:cad>90</ns3:cad>
          </ns3:TrackPointExtension>
        </extensions>
      </trkpt>
      <trkpt lat="30.90107434429228305816650390625" lon="121.74752821214497089385986328125">
        <ele>3.400000095367431640625</ele>
        <time>2026-09-06T13:36:58.000Z</time>
        <extensions>
          <ns3:TrackPointExtension>
            <ns3:atemp>30.0</ns3:atemp>
            <ns3:hr>168</ns3:hr>
            <ns3:cad>90</ns3:cad>
          </ns3:TrackPointExtension>
        </extensions>
      </trkpt>
      <trkpt lat="30.901077277958393096923828125" lon="121.7475578002631664276123046875">
        <ele>3.599999904632568359375</ele>
        <time>2026-09-06T13:36:59.000Z</time>
        <extensions>
          <ns3:TrackPointExtension>
            <ns3:atemp>30.0</ns3:atemp>
            <ns3:hr>168</ns3:hr>
            <ns3:cad>90</ns3:cad>
          </ns3:TrackPointExtension>
        </extensions>
      </trkpt>
      <trkpt lat="30.90107635594904422760009765625" lon="121.74758839420974254608154296875">
        <ele>3.599999904632568359375</ele>
        <time>2026-09-06T13:37:00.000Z</time>
        <extensions>
          <ns3:TrackPointExtension>
            <ns3:atemp>30.0</ns3:atemp>
            <ns3:hr>169</ns3:hr>
            <ns3:cad>90</ns3:cad>
          </ns3:TrackPointExtension>
        </extensions>
      </trkpt>
      <trkpt lat="30.9010794572532176971435546875" lon="121.7476169764995574951171875">
        <ele>3.599999904632568359375</ele>
        <time>2026-09-06T13:37:01.000Z</time>
        <extensions>
          <ns3:TrackPointExtension>
            <ns3:atemp>30.0</ns3:atemp>
            <ns3:hr>169</ns3:hr>
            <ns3:cad>90</ns3:cad>
          </ns3:TrackPointExtension>
        </extensions>
      </trkpt>
      <trkpt lat="30.9010784514248371124267578125" lon="121.74764522351324558258056640625">
        <ele>3.599999904632568359375</ele>
        <time>2026-09-06T13:37:02.000Z</time>
        <extensions>
          <ns3:TrackPointExtension>
            <ns3:atemp>29.0</ns3:atemp>
            <ns3:hr>169</ns3:hr>
            <ns3:cad>90</ns3:cad>
          </ns3:TrackPointExtension>
        </extensions>
      </trkpt>
      <trkpt lat="30.901083983480930328369140625" lon="121.7476741410791873931884765625">
        <ele>3.599999904632568359375</ele>
        <time>2026-09-06T13:37:03.000Z</time>
        <extensions>
          <ns3:TrackPointExtension>
            <ns3:atemp>29.0</ns3:atemp>
            <ns3:hr>169</ns3:hr>
            <ns3:cad>89</ns3:cad>
          </ns3:TrackPointExtension>
        </extensions>
      </trkpt>
      <trkpt lat="30.90108406729996204376220703125" lon="121.74770372919738292694091796875">
        <ele>3.400000095367431640625</ele>
        <time>2026-09-06T13:37:04.000Z</time>
        <extensions>
          <ns3:TrackPointExtension>
            <ns3:atemp>29.0</ns3:atemp>
            <ns3:hr>169</ns3:hr>
            <ns3:cad>89</ns3:cad>
          </ns3:TrackPointExtension>
        </extensions>
      </trkpt>
      <trkpt lat="30.9010868333280086517333984375" lon="121.7477309703826904296875">
        <ele>3.400000095367431640625</ele>
        <time>2026-09-06T13:37:05.000Z</time>
        <extensions>
          <ns3:TrackPointExtension>
            <ns3:atemp>29.0</ns3:atemp>
            <ns3:hr>169</ns3:hr>
            <ns3:cad>89</ns3:cad>
          </ns3:TrackPointExtension>
        </extensions>
      </trkpt>
      <trkpt lat="30.90108431875705718994140625" lon="121.74776139669120311737060546875">
        <ele>3.400000095367431640625</ele>
        <time>2026-09-06T13:37:06.000Z</time>
        <extensions>
          <ns3:TrackPointExtension>
            <ns3:atemp>30.0</ns3:atemp>
            <ns3:hr>170</ns3:hr>
            <ns3:cad>90</ns3:cad>
          </ns3:TrackPointExtension>
        </extensions>
      </trkpt>
      <trkpt lat="30.90108624659478664398193359375" lon="121.747791655361652374267578125">
        <ele>3.400000095367431640625</ele>
        <time>2026-09-06T13:37:07.000Z</time>
        <extensions>
          <ns3:TrackPointExtension>
            <ns3:atemp>30.0</ns3:atemp>
            <ns3:hr>170</ns3:hr>
            <ns3:cad>90</ns3:cad>
          </ns3:TrackPointExtension>
        </extensions>
      </trkpt>
      <trkpt lat="30.90108440257608890533447265625" lon="121.74782015383243560791015625">
        <ele>3.400000095367431640625</ele>
        <time>2026-09-06T13:37:08.000Z</time>
        <extensions>
          <ns3:TrackPointExtension>
            <ns3:atemp>30.0</ns3:atemp>
            <ns3:hr>170</ns3:hr>
            <ns3:cad>89</ns3:cad>
          </ns3:TrackPointExtension>
        </extensions>
      </trkpt>
      <trkpt lat="30.901086665689945220947265625" lon="121.747852675616741180419921875">
        <ele>3.400000095367431640625</ele>
        <time>2026-09-06T13:37:09.000Z</time>
        <extensions>
          <ns3:TrackPointExtension>
            <ns3:atemp>30.0</ns3:atemp>
            <ns3:hr>170</ns3:hr>
            <ns3:cad>89</ns3:cad>
          </ns3:TrackPointExtension>
        </extensions>
      </trkpt>
      <trkpt lat="30.90108591131865978240966796875" lon="121.74788293428719043731689453125">
        <ele>3.400000095367431640625</ele>
        <time>2026-09-06T13:37:10.000Z</time>
        <extensions>
          <ns3:TrackPointExtension>
            <ns3:atemp>30.0</ns3:atemp>
            <ns3:hr>169</ns3:hr>
            <ns3:cad>89</ns3:cad>
          </ns3:TrackPointExtension>
        </extensions>
      </trkpt>
      <trkpt lat="30.90109010227024555206298828125" lon="121.74791059456765651702880859375">
        <ele>3.400000095367431640625</ele>
        <time>2026-09-06T13:37:11.000Z</time>
        <extensions>
          <ns3:TrackPointExtension>
            <ns3:atemp>30.0</ns3:atemp>
            <ns3:hr>170</ns3:hr>
            <ns3:cad>89</ns3:cad>
          </ns3:TrackPointExtension>
        </extensions>
      </trkpt>
      <trkpt lat="30.901092700660228729248046875" lon="121.74794219434261322021484375">
        <ele>3.400000095367431640625</ele>
        <time>2026-09-06T13:37:12.000Z</time>
        <extensions>
          <ns3:TrackPointExtension>
            <ns3:atemp>30.0</ns3:atemp>
            <ns3:hr>170</ns3:hr>
            <ns3:cad>90</ns3:cad>
          </ns3:TrackPointExtension>
        </extensions>
      </trkpt>
      <trkpt lat="30.9010972268879413604736328125" lon="121.747968681156635284423828125">
        <ele>3.400000095367431640625</ele>
        <time>2026-09-06T13:37:13.000Z</time>
        <extensions>
          <ns3:TrackPointExtension>
            <ns3:atemp>30.0</ns3:atemp>
            <ns3:hr>170</ns3:hr>
            <ns3:cad>90</ns3:cad>
          </ns3:TrackPointExtension>
        </extensions>
      </trkpt>
      <trkpt lat="30.9010984003543853759765625" lon="121.74800296314060688018798828125">
        <ele>3.400000095367431640625</ele>
        <time>2026-09-06T13:37:14.000Z</time>
        <extensions>
          <ns3:TrackPointExtension>
            <ns3:atemp>30.0</ns3:atemp>
            <ns3:hr>170</ns3:hr>
            <ns3:cad>89</ns3:cad>
          </ns3:TrackPointExtension>
        </extensions>
      </trkpt>
      <trkpt lat="30.901102088391780853271484375" lon="121.74803112633526325225830078125">
        <ele>3.400000095367431640625</ele>
        <time>2026-09-06T13:37:15.000Z</time>
        <extensions>
          <ns3:TrackPointExtension>
            <ns3:atemp>29.0</ns3:atemp>
            <ns3:hr>170</ns3:hr>
            <ns3:cad>89</ns3:cad>
          </ns3:TrackPointExtension>
        </extensions>
      </trkpt>
      <trkpt lat="30.90110351331532001495361328125" lon="121.74806381575763225555419921875">
        <ele>3.599999904632568359375</ele>
        <time>2026-09-06T13:37:16.000Z</time>
        <extensions>
          <ns3:TrackPointExtension>
            <ns3:atemp>29.0</ns3:atemp>
            <ns3:hr>170</ns3:hr>
            <ns3:cad>89</ns3:cad>
          </ns3:TrackPointExtension>
        </extensions>
      </trkpt>
      <trkpt lat="30.9011069498956203460693359375" lon="121.7480908893048763275146484375">
        <ele>3.400000095367431640625</ele>
        <time>2026-09-06T13:37:17.000Z</time>
        <extensions>
          <ns3:TrackPointExtension>
            <ns3:atemp>30.0</ns3:atemp>
            <ns3:hr>170</ns3:hr>
            <ns3:cad>89</ns3:cad>
          </ns3:TrackPointExtension>
        </extensions>
      </trkpt>
      <trkpt lat="30.9011066146194934844970703125" lon="121.74812349490821361541748046875">
        <ele>3.400000095367431640625</ele>
        <time>2026-09-06T13:37:18.000Z</time>
        <extensions>
          <ns3:TrackPointExtension>
            <ns3:atemp>30.0</ns3:atemp>
            <ns3:hr>170</ns3:hr>
            <ns3:cad>89</ns3:cad>
          </ns3:TrackPointExtension>
        </extensions>
      </trkpt>
      <trkpt lat="30.901108123362064361572265625" lon="121.74815165810286998748779296875">
        <ele>3.400000095367431640625</ele>
        <time>2026-09-06T13:37:19.000Z</time>
        <extensions>
          <ns3:TrackPointExtension>
            <ns3:atemp>30.0</ns3:atemp>
            <ns3:hr>170</ns3:hr>
            <ns3:cad>89</ns3:cad>
          </ns3:TrackPointExtension>
        </extensions>
      </trkpt>
      <trkpt lat="30.90110384859144687652587890625" lon="121.7481894604861736297607421875">
        <ele>3.400000095367431640625</ele>
        <time>2026-09-06T13:37:20.000Z</time>
        <extensions>
          <ns3:TrackPointExtension>
            <ns3:atemp>30.0</ns3:atemp>
            <ns3:hr>171</ns3:hr>
            <ns3:cad>89</ns3:cad>
          </ns3:TrackPointExtension>
        </extensions>
      </trkpt>
      <trkpt lat="30.90110837481915950775146484375" lon="121.7482172884047031402587890625">
        <ele>3.400000095367431640625</ele>
        <time>2026-09-06T13:37:21.000Z</time>
        <extensions>
          <ns3:TrackPointExtension>
            <ns3:atemp>30.0</ns3:atemp>
            <ns3:hr>171</ns3:hr>
            <ns3:cad>89</ns3:cad>
          </ns3:TrackPointExtension>
        </extensions>
      </trkpt>
      <trkpt lat="30.90110636316239833831787109375" lon="121.7482526600360870361328125">
        <ele>3.400000095367431640625</ele>
        <time>2026-09-06T13:37:22.000Z</time>
        <extensions>
          <ns3:TrackPointExtension>
            <ns3:atemp>29.0</ns3:atemp>
            <ns3:hr>171</ns3:hr>
            <ns3:cad>90</ns3:cad>
          </ns3:TrackPointExtension>
        </extensions>
      </trkpt>
      <trkpt lat="30.90111139230430126190185546875" lon="121.7482809908688068389892578125">
        <ele>3.599999904632568359375</ele>
        <time>2026-09-06T13:37:23.000Z</time>
        <extensions>
          <ns3:TrackPointExtension>
            <ns3:atemp>30.0</ns3:atemp>
            <ns3:hr>171</ns3:hr>
            <ns3:cad>90</ns3:cad>
          </ns3:TrackPointExtension>
        </extensions>
      </trkpt>
      <trkpt lat="30.9011091291904449462890625" lon="121.748315356671810150146484375">
        <ele>3.599999904632568359375</ele>
        <time>2026-09-06T13:37:24.000Z</time>
        <extensions>
          <ns3:TrackPointExtension>
            <ns3:atemp>29.0</ns3:atemp>
            <ns3:hr>171</ns3:hr>
            <ns3:cad>89</ns3:cad>
          </ns3:TrackPointExtension>
        </extensions>
      </trkpt>
      <trkpt lat="30.90111155994236469268798828125" lon="121.748346202075481414794921875">
        <ele>3.599999904632568359375</ele>
        <time>2026-09-06T13:37:25.000Z</time>
        <extensions>
          <ns3:TrackPointExtension>
            <ns3:atemp>30.0</ns3:atemp>
            <ns3:hr>171</ns3:hr>
            <ns3:cad>89</ns3:cad>
          </ns3:TrackPointExtension>
        </extensions>
      </trkpt>
      <trkpt lat="30.9011136554181575775146484375" lon="121.7483760416507720947265625">
        <ele>3.400000095367431640625</ele>
        <time>2026-09-06T13:37:26.000Z</time>
        <extensions>
          <ns3:TrackPointExtension>
            <ns3:atemp>30.0</ns3:atemp>
            <ns3:hr>171</ns3:hr>
            <ns3:cad>89</ns3:cad>
          </ns3:TrackPointExtension>
        </extensions>
      </trkpt>
      <trkpt lat="30.90111977420747280120849609375" lon="121.7484043724834918975830078125">
        <ele>3.400000095367431640625</ele>
        <time>2026-09-06T13:37:27.000Z</time>
        <extensions>
          <ns3:TrackPointExtension>
            <ns3:atemp>29.0</ns3:atemp>
            <ns3:hr>172</ns3:hr>
            <ns3:cad>89</ns3:cad>
          </ns3:TrackPointExtension>
        </extensions>
      </trkpt>
      <trkpt lat="30.9011217020452022552490234375" lon="121.74843714572489261627197265625">
        <ele>3.2000000476837158203125</ele>
        <time>2026-09-06T13:37:28.000Z</time>
        <extensions>
          <ns3:TrackPointExtension>
            <ns3:atemp>29.0</ns3:atemp>
            <ns3:hr>172</ns3:hr>
            <ns3:cad>89</ns3:cad>
          </ns3:TrackPointExtension>
        </extensions>
      </trkpt>
      <trkpt lat="30.90112497098743915557861328125" lon="121.748469583690166473388671875">
        <ele>3.2000000476837158203125</ele>
        <time>2026-09-06T13:37:29.000Z</time>
        <extensions>
          <ns3:TrackPointExtension>
            <ns3:atemp>30.0</ns3:atemp>
            <ns3:hr>172</ns3:hr>
            <ns3:cad>90</ns3:cad>
          </ns3:TrackPointExtension>
        </extensions>
      </trkpt>
      <trkpt lat="30.90112882666289806365966796875" lon="121.7484999261796474456787109375">
        <ele>3.2000000476837158203125</ele>
        <time>2026-09-06T13:37:30.000Z</time>
        <extensions>
          <ns3:TrackPointExtension>
            <ns3:atemp>30.0</ns3:atemp>
            <ns3:hr>171</ns3:hr>
            <ns3:cad>90</ns3:cad>
          </ns3:TrackPointExtension>
        </extensions>
      </trkpt>
      <trkpt lat="30.90113259851932525634765625" lon="121.74852616153657436370849609375">
        <ele>3.2000000476837158203125</ele>
        <time>2026-09-06T13:37:31.000Z</time>
        <extensions>
          <ns3:TrackPointExtension>
            <ns3:atemp>30.0</ns3:atemp>
            <ns3:hr>171</ns3:hr>
            <ns3:cad>90</ns3:cad>
          </ns3:TrackPointExtension>
        </extensions>
      </trkpt>
      <trkpt lat="30.901130251586437225341796875" lon="121.74856103025376796722412109375">
        <ele>3.2000000476837158203125</ele>
        <time>2026-09-06T13:37:32.000Z</time>
        <extensions>
          <ns3:TrackPointExtension>
            <ns3:atemp>30.0</ns3:atemp>
            <ns3:hr>171</ns3:hr>
            <ns3:cad>90</ns3:cad>
          </ns3:TrackPointExtension>
        </extensions>
      </trkpt>
      <trkpt lat="30.90113217942416667938232421875" lon="121.7485879361629486083984375">
        <ele>3.400000095367431640625</ele>
        <time>2026-09-06T13:37:33.000Z</time>
        <extensions>
          <ns3:TrackPointExtension>
            <ns3:atemp>30.0</ns3:atemp>
            <ns3:hr>172</ns3:hr>
            <ns3:cad>90</ns3:cad>
          </ns3:TrackPointExtension>
        </extensions>
      </trkpt>
      <trkpt lat="30.90113125741481781005859375" lon="121.748621463775634765625">
        <ele>3.400000095367431640625</ele>
        <time>2026-09-06T13:37:34.000Z</time>
        <extensions>
          <ns3:TrackPointExtension>
            <ns3:atemp>29.0</ns3:atemp>
            <ns3:hr>171</ns3:hr>
            <ns3:cad>89</ns3:cad>
          </ns3:TrackPointExtension>
        </extensions>
      </trkpt>
      <trkpt lat="30.9011334367096424102783203125" lon="121.7486477829515933990478515625">
        <ele>3.400000095367431640625</ele>
        <time>2026-09-06T13:37:35.000Z</time>
        <extensions>
          <ns3:TrackPointExtension>
            <ns3:atemp>29.0</ns3:atemp>
            <ns3:hr>172</ns3:hr>
            <ns3:cad>89</ns3:cad>
          </ns3:TrackPointExtension>
        </extensions>
      </trkpt>
      <trkpt lat="30.90112966485321521759033203125" lon="121.74868382513523101806640625">
        <ele>3.400000095367431640625</ele>
        <time>2026-09-06T13:37:36.000Z</time>
        <extensions>
          <ns3:TrackPointExtension>
            <ns3:atemp>30.0</ns3:atemp>
            <ns3:hr>172</ns3:hr>
            <ns3:cad>88</ns3:cad>
          </ns3:TrackPointExtension>
        </extensions>
      </trkpt>
      <trkpt lat="30.90113301761448383331298828125" lon="121.74871198832988739013671875">
        <ele>3.400000095367431640625</ele>
        <time>2026-09-06T13:37:37.000Z</time>
        <extensions>
          <ns3:TrackPointExtension>
            <ns3:atemp>30.0</ns3:atemp>
            <ns3:hr>171</ns3:hr>
            <ns3:cad>88</ns3:cad>
          </ns3:TrackPointExtension>
        </extensions>
      </trkpt>
      <trkpt lat="30.901130922138690948486328125" lon="121.7487456835806369781494140625">
        <ele>3.400000095367431640625</ele>
        <time>2026-09-06T13:37:38.000Z</time>
        <extensions>
          <ns3:TrackPointExtension>
            <ns3:atemp>29.0</ns3:atemp>
            <ns3:hr>171</ns3:hr>
            <ns3:cad>88</ns3:cad>
          </ns3:TrackPointExtension>
        </extensions>
      </trkpt>
      <trkpt lat="30.9011279046535491943359375" lon="121.7487718351185321807861328125">
        <ele>3.400000095367431640625</ele>
        <time>2026-09-06T13:37:39.000Z</time>
        <extensions>
          <ns3:TrackPointExtension>
            <ns3:atemp>30.0</ns3:atemp>
            <ns3:hr>171</ns3:hr>
            <ns3:cad>89</ns3:cad>
          </ns3:TrackPointExtension>
        </extensions>
      </trkpt>
      <trkpt lat="30.90112715028226375579833984375" lon="121.7488097213208675384521484375">
        <ele>3.400000095367431640625</ele>
        <time>2026-09-06T13:37:40.000Z</time>
        <extensions>
          <ns3:TrackPointExtension>
            <ns3:atemp>30.0</ns3:atemp>
            <ns3:hr>171</ns3:hr>
            <ns3:cad>89</ns3:cad>
          </ns3:TrackPointExtension>
        </extensions>
      </trkpt>
      <trkpt lat="30.901131927967071533203125" lon="121.7488325200974941253662109375">
        <ele>3.400000095367431640625</ele>
        <time>2026-09-06T13:37:41.000Z</time>
        <extensions>
          <ns3:TrackPointExtension>
            <ns3:atemp>30.0</ns3:atemp>
            <ns3:hr>171</ns3:hr>
            <ns3:cad>88</ns3:cad>
          </ns3:TrackPointExtension>
        </extensions>
      </trkpt>
      <trkpt lat="30.9011314250528812408447265625" lon="121.74886328168213367462158203125">
        <ele>3.400000095367431640625</ele>
        <time>2026-09-06T13:37:42.000Z</time>
        <extensions>
          <ns3:TrackPointExtension>
            <ns3:atemp>30.0</ns3:atemp>
            <ns3:hr>171</ns3:hr>
            <ns3:cad>88</ns3:cad>
          </ns3:TrackPointExtension>
        </extensions>
      </trkpt>
      <trkpt lat="30.9011332690715789794921875" lon="121.74888230860233306884765625">
        <ele>3.400000095367431640625</ele>
        <time>2026-09-06T13:37:43.000Z</time>
        <extensions>
          <ns3:TrackPointExtension>
            <ns3:atemp>29.0</ns3:atemp>
            <ns3:hr>172</ns3:hr>
            <ns3:cad>88</ns3:cad>
          </ns3:TrackPointExtension>
        </extensions>
      </trkpt>
      <trkpt lat="30.90113528072834014892578125" lon="121.7489149980247020721435546875">
        <ele>3.400000095367431640625</ele>
        <time>2026-09-06T13:37:44.000Z</time>
        <extensions>
          <ns3:TrackPointExtension>
            <ns3:atemp>30.0</ns3:atemp>
            <ns3:hr>171</ns3:hr>
            <ns3:cad>89</ns3:cad>
          </ns3:TrackPointExtension>
        </extensions>
      </trkpt>
      <trkpt lat="30.90113603509962558746337890625" lon="121.74893653951585292816162109375">
        <ele>3.400000095367431640625</ele>
        <time>2026-09-06T13:37:45.000Z</time>
        <extensions>
          <ns3:TrackPointExtension>
            <ns3:atemp>30.0</ns3:atemp>
            <ns3:hr>171</ns3:hr>
            <ns3:cad>89</ns3:cad>
          </ns3:TrackPointExtension>
        </extensions>
      </trkpt>
      <trkpt lat="30.90113888494670391082763671875" lon="121.74897057004272937774658203125">
        <ele>3.400000095367431640625</ele>
        <time>2026-09-06T13:37:46.000Z</time>
        <extensions>
          <ns3:TrackPointExtension>
            <ns3:atemp>30.0</ns3:atemp>
            <ns3:hr>171</ns3:hr>
            <ns3:cad>89</ns3:cad>
          </ns3:TrackPointExtension>
        </extensions>
      </trkpt>
      <trkpt lat="30.90114039368927478790283203125" lon="121.74899688921868801116943359375">
        <ele>3.400000095367431640625</ele>
        <time>2026-09-06T13:37:47.000Z</time>
        <extensions>
          <ns3:TrackPointExtension>
            <ns3:atemp>30.0</ns3:atemp>
            <ns3:hr>171</ns3:hr>
            <ns3:cad>88</ns3:cad>
          </ns3:TrackPointExtension>
        </extensions>
      </trkpt>
      <trkpt lat="30.9011455066502094268798828125" lon="121.7490326799452304840087890625">
        <ele>3.400000095367431640625</ele>
        <time>2026-09-06T13:37:48.000Z</time>
        <extensions>
          <ns3:TrackPointExtension>
            <ns3:atemp>30.0</ns3:atemp>
            <ns3:hr>171</ns3:hr>
            <ns3:cad>88</ns3:cad>
          </ns3:TrackPointExtension>
        </extensions>
      </trkpt>
      <trkpt lat="30.90114542283117771148681640625" lon="121.74906226806342601776123046875">
        <ele>3.400000095367431640625</ele>
        <time>2026-09-06T13:37:49.000Z</time>
        <extensions>
          <ns3:TrackPointExtension>
            <ns3:atemp>30.0</ns3:atemp>
            <ns3:hr>171</ns3:hr>
            <ns3:cad>89</ns3:cad>
          </ns3:TrackPointExtension>
        </extensions>
      </trkpt>
      <trkpt lat="30.9011498652398586273193359375" lon="121.74909294582903385162353515625">
        <ele>3.400000095367431640625</ele>
        <time>2026-09-06T13:37:50.000Z</time>
        <extensions>
          <ns3:TrackPointExtension>
            <ns3:atemp>30.0</ns3:atemp>
            <ns3:hr>171</ns3:hr>
            <ns3:cad>89</ns3:cad>
          </ns3:TrackPointExtension>
        </extensions>
      </trkpt>
      <trkpt lat="30.901153720915317535400390625" lon="121.7491216957569122314453125">
        <ele>3.400000095367431640625</ele>
        <time>2026-09-06T13:37:51.000Z</time>
        <extensions>
          <ns3:TrackPointExtension>
            <ns3:atemp>30.0</ns3:atemp>
            <ns3:hr>171</ns3:hr>
            <ns3:cad>88</ns3:cad>
          </ns3:TrackPointExtension>
        </extensions>
      </trkpt>
      <trkpt lat="30.90115631930530071258544921875" lon="121.749152876436710357666015625">
        <ele>3.400000095367431640625</ele>
        <time>2026-09-06T13:37:52.000Z</time>
        <extensions>
          <ns3:TrackPointExtension>
            <ns3:atemp>29.0</ns3:atemp>
            <ns3:hr>171</ns3:hr>
            <ns3:cad>88</ns3:cad>
          </ns3:TrackPointExtension>
        </extensions>
      </trkpt>
      <trkpt lat="30.90115715749561786651611328125" lon="121.74918263219296932220458984375">
        <ele>3.400000095367431640625</ele>
        <time>2026-09-06T13:37:53.000Z</time>
        <extensions>
          <ns3:TrackPointExtension>
            <ns3:atemp>29.0</ns3:atemp>
            <ns3:hr>171</ns3:hr>
            <ns3:cad>88</ns3:cad>
          </ns3:TrackPointExtension>
        </extensions>
      </trkpt>
      <trkpt lat="30.9011579118669033050537109375" lon="121.7492097057402133941650390625">
        <ele>3.400000095367431640625</ele>
        <time>2026-09-06T13:37:54.000Z</time>
        <extensions>
          <ns3:TrackPointExtension>
            <ns3:atemp>29.0</ns3:atemp>
            <ns3:hr>171</ns3:hr>
            <ns3:cad>88</ns3:cad>
          </ns3:TrackPointExtension>
        </extensions>
      </trkpt>
      <trkpt lat="30.9011574089527130126953125" lon="121.749243400990962982177734375">
        <ele>3.400000095367431640625</ele>
        <time>2026-09-06T13:37:55.000Z</time>
        <extensions>
          <ns3:TrackPointExtension>
            <ns3:atemp>30.0</ns3:atemp>
            <ns3:hr>171</ns3:hr>
            <ns3:cad>88</ns3:cad>
          </ns3:TrackPointExtension>
        </extensions>
      </trkpt>
      <trkpt lat="30.9011639468371868133544921875" lon="121.749269552528858184814453125">
        <ele>3.400000095367431640625</ele>
        <time>2026-09-06T13:37:56.000Z</time>
        <extensions>
          <ns3:TrackPointExtension>
            <ns3:atemp>30.0</ns3:atemp>
            <ns3:hr>171</ns3:hr>
            <ns3:cad>88</ns3:cad>
          </ns3:TrackPointExtension>
        </extensions>
      </trkpt>
      <trkpt lat="30.901165790855884552001953125" lon="121.74930199049413204193115234375">
        <ele>3.400000095367431640625</ele>
        <time>2026-09-06T13:37:57.000Z</time>
        <extensions>
          <ns3:TrackPointExtension>
            <ns3:atemp>30.0</ns3:atemp>
            <ns3:hr>171</ns3:hr>
            <ns3:cad>88</ns3:cad>
          </ns3:TrackPointExtension>
        </extensions>
      </trkpt>
      <trkpt lat="30.9011679701507091522216796875" lon="121.7493304051458835601806640625">
        <ele>3.400000095367431640625</ele>
        <time>2026-09-06T13:37:58.000Z</time>
        <extensions>
          <ns3:TrackPointExtension>
            <ns3:atemp>30.0</ns3:atemp>
            <ns3:hr>171</ns3:hr>
            <ns3:cad>88</ns3:cad>
          </ns3:TrackPointExtension>
        </extensions>
      </trkpt>
      <trkpt lat="30.90116788633167743682861328125" lon="121.74936435185372829437255859375">
        <ele>3.400000095367431640625</ele>
        <time>2026-09-06T13:37:59.000Z</time>
        <extensions>
          <ns3:TrackPointExtension>
            <ns3:atemp>29.0</ns3:atemp>
            <ns3:hr>171</ns3:hr>
            <ns3:cad>88</ns3:cad>
          </ns3:TrackPointExtension>
        </extensions>
      </trkpt>
      <trkpt lat="30.9011761844158172607421875" lon="121.7493899166584014892578125">
        <ele>3.400000095367431640625</ele>
        <time>2026-09-06T13:38:00.000Z</time>
        <extensions>
          <ns3:TrackPointExtension>
            <ns3:atemp>30.0</ns3:atemp>
            <ns3:hr>171</ns3:hr>
            <ns3:cad>88</ns3:cad>
          </ns3:TrackPointExtension>
        </extensions>
      </trkpt>
      <trkpt lat="30.90117811225354671478271484375" lon="121.74942185170948505401611328125">
        <ele>3.400000095367431640625</ele>
        <time>2026-09-06T13:38:01.000Z</time>
        <extensions>
          <ns3:TrackPointExtension>
            <ns3:atemp>30.0</ns3:atemp>
            <ns3:hr>172</ns3:hr>
            <ns3:cad>88</ns3:cad>
          </ns3:TrackPointExtension>
        </extensions>
      </trkpt>
      <trkpt lat="30.90118230320513248443603515625" lon="121.74945085309445858001708984375">
        <ele>3.400000095367431640625</ele>
        <time>2026-09-06T13:38:02.000Z</time>
        <extensions>
          <ns3:TrackPointExtension>
            <ns3:atemp>30.0</ns3:atemp>
            <ns3:hr>171</ns3:hr>
            <ns3:cad>88</ns3:cad>
          </ns3:TrackPointExtension>
        </extensions>
      </trkpt>
      <trkpt lat="30.90118221938610076904296875" lon="121.74948739819228649139404296875">
        <ele>3.400000095367431640625</ele>
        <time>2026-09-06T13:38:03.000Z</time>
        <extensions>
          <ns3:TrackPointExtension>
            <ns3:atemp>29.0</ns3:atemp>
            <ns3:hr>171</ns3:hr>
            <ns3:cad>88</ns3:cad>
          </ns3:TrackPointExtension>
        </extensions>
      </trkpt>
      <trkpt lat="30.901181884109973907470703125" lon="121.7495097778737545013427734375">
        <ele>3.400000095367431640625</ele>
        <time>2026-09-06T13:38:04.000Z</time>
        <extensions>
          <ns3:TrackPointExtension>
            <ns3:atemp>30.0</ns3:atemp>
            <ns3:hr>171</ns3:hr>
            <ns3:cad>88</ns3:cad>
          </ns3:TrackPointExtension>
        </extensions>
      </trkpt>
      <trkpt lat="30.901180543005466461181640625" lon="121.74954347312450408935546875">
        <ele>3.400000095367431640625</ele>
        <time>2026-09-06T13:38:05.000Z</time>
        <extensions>
          <ns3:TrackPointExtension>
            <ns3:atemp>29.0</ns3:atemp>
            <ns3:hr>171</ns3:hr>
            <ns3:cad>88</ns3:cad>
          </ns3:TrackPointExtension>
        </extensions>
      </trkpt>
      <trkpt lat="30.9011827223002910614013671875" lon="121.749565601348876953125">
        <ele>3.400000095367431640625</ele>
        <time>2026-09-06T13:38:06.000Z</time>
        <extensions>
          <ns3:TrackPointExtension>
            <ns3:atemp>29.0</ns3:atemp>
            <ns3:hr>171</ns3:hr>
            <ns3:cad>89</ns3:cad>
          </ns3:TrackPointExtension>
        </extensions>
      </trkpt>
      <trkpt lat="30.9011850692331790924072265625" lon="121.7495959438383579254150390625">
        <ele>3.2000000476837158203125</ele>
        <time>2026-09-06T13:38:07.000Z</time>
        <extensions>
          <ns3:TrackPointExtension>
            <ns3:atemp>30.0</ns3:atemp>
            <ns3:hr>171</ns3:hr>
            <ns3:cad>89</ns3:cad>
          </ns3:TrackPointExtension>
        </extensions>
      </trkpt>
      <trkpt lat="30.9011864103376865386962890625" lon="121.749618910253047943115234375">
        <ele>3.2000000476837158203125</ele>
        <time>2026-09-06T13:38:08.000Z</time>
        <extensions>
          <ns3:TrackPointExtension>
            <ns3:atemp>30.0</ns3:atemp>
            <ns3:hr>171</ns3:hr>
            <ns3:cad>88</ns3:cad>
          </ns3:TrackPointExtension>
        </extensions>
      </trkpt>
      <trkpt lat="30.901185572147369384765625" lon="121.7496542818844318389892578125">
        <ele>3.2000000476837158203125</ele>
        <time>2026-09-06T13:38:09.000Z</time>
        <extensions>
          <ns3:TrackPointExtension>
            <ns3:atemp>29.0</ns3:atemp>
            <ns3:hr>171</ns3:hr>
            <ns3:cad>88</ns3:cad>
          </ns3:TrackPointExtension>
        </extensions>
      </trkpt>
      <trkpt lat="30.9011884219944477081298828125" lon="121.7496817745268344879150390625">
        <ele>3.2000000476837158203125</ele>
        <time>2026-09-06T13:38:10.000Z</time>
        <extensions>
          <ns3:TrackPointExtension>
            <ns3:atemp>30.0</ns3:atemp>
            <ns3:hr>171</ns3:hr>
            <ns3:cad>88</ns3:cad>
          </ns3:TrackPointExtension>
        </extensions>
      </trkpt>
      <trkpt lat="30.90119152329862117767333984375" lon="121.74971722997725009918212890625">
        <ele>3.2000000476837158203125</ele>
        <time>2026-09-06T13:38:11.000Z</time>
        <extensions>
          <ns3:TrackPointExtension>
            <ns3:atemp>29.0</ns3:atemp>
            <ns3:hr>171</ns3:hr>
            <ns3:cad>89</ns3:cad>
          </ns3:TrackPointExtension>
        </extensions>
      </trkpt>
      <trkpt lat="30.9011927805840969085693359375" lon="121.74974706955254077911376953125">
        <ele>3.2000000476837158203125</ele>
        <time>2026-09-06T13:38:12.000Z</time>
        <extensions>
          <ns3:TrackPointExtension>
            <ns3:atemp>30.0</ns3:atemp>
            <ns3:hr>171</ns3:hr>
            <ns3:cad>89</ns3:cad>
          </ns3:TrackPointExtension>
        </extensions>
      </trkpt>
      <trkpt lat="30.9011968038976192474365234375" lon="121.7497788369655609130859375">
        <ele>3.400000095367431640625</ele>
        <time>2026-09-06T13:38:13.000Z</time>
        <extensions>
          <ns3:TrackPointExtension>
            <ns3:atemp>30.0</ns3:atemp>
            <ns3:hr>171</ns3:hr>
            <ns3:cad>88</ns3:cad>
          </ns3:TrackPointExtension>
        </extensions>
      </trkpt>
      <trkpt lat="30.9011976420879364013671875" lon="121.74980892799794673919677734375">
        <ele>3.400000095367431640625</ele>
        <time>2026-09-06T13:38:14.000Z</time>
        <extensions>
          <ns3:TrackPointExtension>
            <ns3:atemp>30.0</ns3:atemp>
            <ns3:hr>171</ns3:hr>
            <ns3:cad>87</ns3:cad>
          </ns3:TrackPointExtension>
        </extensions>
      </trkpt>
      <trkpt lat="30.90120074339210987091064453125" lon="121.7498396895825862884521484375">
        <ele>3.400000095367431640625</ele>
        <time>2026-09-06T13:38:15.000Z</time>
        <extensions>
          <ns3:TrackPointExtension>
            <ns3:atemp>30.0</ns3:atemp>
            <ns3:hr>171</ns3:hr>
            <ns3:cad>87</ns3:cad>
          </ns3:TrackPointExtension>
        </extensions>
      </trkpt>
      <trkpt lat="30.90120208449661731719970703125" lon="121.74987162463366985321044921875">
        <ele>3.2000000476837158203125</ele>
        <time>2026-09-06T13:38:16.000Z</time>
        <extensions>
          <ns3:TrackPointExtension>
            <ns3:atemp>30.0</ns3:atemp>
            <ns3:hr>172</ns3:hr>
            <ns3:cad>89</ns3:cad>
          </ns3:TrackPointExtension>
        </extensions>
      </trkpt>
      <trkpt lat="30.9012058563530445098876953125" lon="121.7499017156660556793212890625">
        <ele>3.400000095367431640625</ele>
        <time>2026-09-06T13:38:17.000Z</time>
        <extensions>
          <ns3:TrackPointExtension>
            <ns3:atemp>30.0</ns3:atemp>
            <ns3:hr>171</ns3:hr>
            <ns3:cad>89</ns3:cad>
          </ns3:TrackPointExtension>
        </extensions>
      </trkpt>
      <trkpt lat="30.90120744891464710235595703125" lon="121.7499335668981075286865234375">
        <ele>3.2000000476837158203125</ele>
        <time>2026-09-06T13:38:18.000Z</time>
        <extensions>
          <ns3:TrackPointExtension>
            <ns3:atemp>30.0</ns3:atemp>
            <ns3:hr>171</ns3:hr>
            <ns3:cad>88</ns3:cad>
          </ns3:TrackPointExtension>
        </extensions>
      </trkpt>
      <trkpt lat="30.90121264569461345672607421875" lon="121.7499612271785736083984375">
        <ele>3.2000000476837158203125</ele>
        <time>2026-09-06T13:38:19.000Z</time>
        <extensions>
          <ns3:TrackPointExtension>
            <ns3:atemp>30.0</ns3:atemp>
            <ns3:hr>171</ns3:hr>
            <ns3:cad>88</ns3:cad>
          </ns3:TrackPointExtension>
        </extensions>
      </trkpt>
      <trkpt lat="30.90121231041848659515380859375" lon="121.74999332986772060394287109375">
        <ele>3.2000000476837158203125</ele>
        <time>2026-09-06T13:38:20.000Z</time>
        <extensions>
          <ns3:TrackPointExtension>
            <ns3:atemp>30.0</ns3:atemp>
            <ns3:hr>171</ns3:hr>
            <ns3:cad>88</ns3:cad>
          </ns3:TrackPointExtension>
        </extensions>
      </trkpt>
      <trkpt lat="30.901217423379421234130859375" lon="121.7500214092433452606201171875">
        <ele>3.400000095367431640625</ele>
        <time>2026-09-06T13:38:21.000Z</time>
        <extensions>
          <ns3:TrackPointExtension>
            <ns3:atemp>30.0</ns3:atemp>
            <ns3:hr>171</ns3:hr>
            <ns3:cad>89</ns3:cad>
          </ns3:TrackPointExtension>
        </extensions>
      </trkpt>
      <trkpt lat="30.90121281333267688751220703125" lon="121.7500556074082851409912109375">
        <ele>3.400000095367431640625</ele>
        <time>2026-09-06T13:38:22.000Z</time>
        <extensions>
          <ns3:TrackPointExtension>
            <ns3:atemp>30.0</ns3:atemp>
            <ns3:hr>171</ns3:hr>
            <ns3:cad>89</ns3:cad>
          </ns3:TrackPointExtension>
        </extensions>
      </trkpt>
      <trkpt lat="30.90120610781013965606689453125" lon="121.75007999874651432037353515625">
        <ele>3.400000095367431640625</ele>
        <time>2026-09-06T13:38:23.000Z</time>
        <extensions>
          <ns3:TrackPointExtension>
            <ns3:atemp>30.0</ns3:atemp>
            <ns3:hr>171</ns3:hr>
            <ns3:cad>89</ns3:cad>
          </ns3:TrackPointExtension>
        </extensions>
      </trkpt>
      <trkpt lat="30.9011860750615596771240234375" lon="121.75010866485536098480224609375">
        <ele>3.400000095367431640625</ele>
        <time>2026-09-06T13:38:24.000Z</time>
        <extensions>
          <ns3:TrackPointExtension>
            <ns3:atemp>30.0</ns3:atemp>
            <ns3:hr>172</ns3:hr>
            <ns3:cad>89</ns3:cad>
          </ns3:TrackPointExtension>
        </extensions>
      </trkpt>
      <trkpt lat="30.90117375366389751434326171875" lon="121.750127859413623809814453125">
        <ele>3.400000095367431640625</ele>
        <time>2026-09-06T13:38:25.000Z</time>
        <extensions>
          <ns3:TrackPointExtension>
            <ns3:atemp>30.0</ns3:atemp>
            <ns3:hr>171</ns3:hr>
            <ns3:cad>88</ns3:cad>
          </ns3:TrackPointExtension>
        </extensions>
      </trkpt>
      <trkpt lat="30.90116076171398162841796875" lon="121.750158704817295074462890625">
        <ele>3.599999904632568359375</ele>
        <time>2026-09-06T13:38:26.000Z</time>
        <extensions>
          <ns3:TrackPointExtension>
            <ns3:atemp>30.0</ns3:atemp>
            <ns3:hr>171</ns3:hr>
            <ns3:cad>88</ns3:cad>
          </ns3:TrackPointExtension>
        </extensions>
      </trkpt>
      <trkpt lat="30.90115782804787158966064453125" lon="121.75018242560327053070068359375">
        <ele>3.599999904632568359375</ele>
        <time>2026-09-06T13:38:27.000Z</time>
        <extensions>
          <ns3:TrackPointExtension>
            <ns3:atemp>30.0</ns3:atemp>
            <ns3:hr>172</ns3:hr>
            <ns3:cad>88</ns3:cad>
          </ns3:TrackPointExtension>
        </extensions>
      </trkpt>
      <trkpt lat="30.90116168372333049774169921875" lon="121.7502131871879100799560546875">
        <ele>3.599999904632568359375</ele>
        <time>2026-09-06T13:38:28.000Z</time>
        <extensions>
          <ns3:TrackPointExtension>
            <ns3:atemp>30.0</ns3:atemp>
            <ns3:hr>171</ns3:hr>
            <ns3:cad>88</ns3:cad>
          </ns3:TrackPointExtension>
        </extensions>
      </trkpt>
      <trkpt lat="30.901168473064899444580078125" lon="121.75023774616420269012451171875">
        <ele>3.599999904632568359375</ele>
        <time>2026-09-06T13:38:29.000Z</time>
        <extensions>
          <ns3:TrackPointExtension>
            <ns3:atemp>30.0</ns3:atemp>
            <ns3:hr>171</ns3:hr>
            <ns3:cad>87</ns3:cad>
          </ns3:TrackPointExtension>
        </extensions>
      </trkpt>
      <trkpt lat="30.9011793695390224456787109375" lon="121.75026540644466876983642578125">
        <ele>3.599999904632568359375</ele>
        <time>2026-09-06T13:38:30.000Z</time>
        <extensions>
          <ns3:TrackPointExtension>
            <ns3:atemp>30.0</ns3:atemp>
            <ns3:hr>171</ns3:hr>
            <ns3:cad>87</ns3:cad>
          </ns3:TrackPointExtension>
        </extensions>
      </trkpt>
      <trkpt lat="30.90118984691798686981201171875" lon="121.75028803758323192596435546875">
        <ele>3.400000095367431640625</ele>
        <time>2026-09-06T13:38:31.000Z</time>
        <extensions>
          <ns3:TrackPointExtension>
            <ns3:atemp>30.0</ns3:atemp>
            <ns3:hr>171</ns3:hr>
            <ns3:cad>87</ns3:cad>
          </ns3:TrackPointExtension>
        </extensions>
      </trkpt>
      <trkpt lat="30.901205353438854217529296875" lon="121.75031251274049282073974609375">
        <ele>3.400000095367431640625</ele>
        <time>2026-09-06T13:38:32.000Z</time>
        <extensions>
          <ns3:TrackPointExtension>
            <ns3:atemp>30.0</ns3:atemp>
            <ns3:hr>171</ns3:hr>
            <ns3:cad>87</ns3:cad>
          </ns3:TrackPointExtension>
        </extensions>
      </trkpt>
      <trkpt lat="30.90121700428426265716552734375" lon="121.7503399215638637542724609375">
        <ele>3.400000095367431640625</ele>
        <time>2026-09-06T13:38:33.000Z</time>
        <extensions>
          <ns3:TrackPointExtension>
            <ns3:atemp>30.0</ns3:atemp>
            <ns3:hr>171</ns3:hr>
            <ns3:cad>88</ns3:cad>
          </ns3:TrackPointExtension>
        </extensions>
      </trkpt>
      <trkpt lat="30.90122806839644908905029296875" lon="121.75036649219691753387451171875">
        <ele>3.400000095367431640625</ele>
        <time>2026-09-06T13:38:34.000Z</time>
        <extensions>
          <ns3:TrackPointExtension>
            <ns3:atemp>30.0</ns3:atemp>
            <ns3:hr>171</ns3:hr>
            <ns3:cad>88</ns3:cad>
          </ns3:TrackPointExtension>
        </extensions>
      </trkpt>
      <trkpt lat="30.9012325108051300048828125" lon="121.7503982596099376678466796875">
        <ele>3.400000095367431640625</ele>
        <time>2026-09-06T13:38:35.000Z</time>
        <extensions>
          <ns3:TrackPointExtension>
            <ns3:atemp>30.0</ns3:atemp>
            <ns3:hr>171</ns3:hr>
            <ns3:cad>87</ns3:cad>
          </ns3:TrackPointExtension>
        </extensions>
      </trkpt>
      <trkpt lat="30.9012405574321746826171875" lon="121.750425584614276885986328125">
        <ele>3.400000095367431640625</ele>
        <time>2026-09-06T13:38:36.000Z</time>
        <extensions>
          <ns3:TrackPointExtension>
            <ns3:atemp>30.0</ns3:atemp>
            <ns3:hr>171</ns3:hr>
            <ns3:cad>87</ns3:cad>
          </ns3:TrackPointExtension>
        </extensions>
      </trkpt>
      <trkpt lat="30.90123879723250865936279296875" lon="121.75045969896018505096435546875">
        <ele>3.400000095367431640625</ele>
        <time>2026-09-06T13:38:37.000Z</time>
        <extensions>
          <ns3:TrackPointExtension>
            <ns3:atemp>30.0</ns3:atemp>
            <ns3:hr>172</ns3:hr>
            <ns3:cad>87</ns3:cad>
          </ns3:TrackPointExtension>
        </extensions>
      </trkpt>
      <trkpt lat="30.90123963542282581329345703125" lon="121.75048719160258769989013671875">
        <ele>3.400000095367431640625</ele>
        <time>2026-09-06T13:38:38.000Z</time>
        <extensions>
          <ns3:TrackPointExtension>
            <ns3:atemp>30.0</ns3:atemp>
            <ns3:hr>171</ns3:hr>
            <ns3:cad>89</ns3:cad>
          </ns3:TrackPointExtension>
        </extensions>
      </trkpt>
      <trkpt lat="30.901235528290271759033203125" lon="121.7505199648439884185791015625">
        <ele>3.400000095367431640625</ele>
        <time>2026-09-06T13:38:39.000Z</time>
        <extensions>
          <ns3:TrackPointExtension>
            <ns3:atemp>30.0</ns3:atemp>
            <ns3:hr>171</ns3:hr>
            <ns3:cad>89</ns3:cad>
          </ns3:TrackPointExtension>
        </extensions>
      </trkpt>
      <trkpt lat="30.90123561210930347442626953125" lon="121.75054335035383701324462890625">
        <ele>3.400000095367431640625</ele>
        <time>2026-09-06T13:38:40.000Z</time>
        <extensions>
          <ns3:TrackPointExtension>
            <ns3:atemp>30.0</ns3:atemp>
            <ns3:hr>171</ns3:hr>
            <ns3:cad>88</ns3:cad>
          </ns3:TrackPointExtension>
        </extensions>
      </trkpt>
      <trkpt lat="30.901234857738018035888671875" lon="121.75057318992912769317626953125">
        <ele>3.2000000476837158203125</ele>
        <time>2026-09-06T13:38:41.000Z</time>
        <extensions>
          <ns3:TrackPointExtension>
            <ns3:atemp>30.0</ns3:atemp>
            <ns3:hr>171</ns3:hr>
            <ns3:cad>88</ns3:cad>
          </ns3:TrackPointExtension>
        </extensions>
      </trkpt>
      <trkpt lat="30.90123645029962062835693359375" lon="121.7505960725247859954833984375">
        <ele>3.2000000476837158203125</ele>
        <time>2026-09-06T13:38:42.000Z</time>
        <extensions>
          <ns3:TrackPointExtension>
            <ns3:atemp>30.0</ns3:atemp>
            <ns3:hr>171</ns3:hr>
            <ns3:cad>89</ns3:cad>
          </ns3:TrackPointExtension>
        </extensions>
      </trkpt>
      <trkpt lat="30.901236198842525482177734375" lon="121.7506290972232818603515625">
        <ele>3.2000000476837158203125</ele>
        <time>2026-09-06T13:38:43.000Z</time>
        <extensions>
          <ns3:TrackPointExtension>
            <ns3:atemp>30.0</ns3:atemp>
            <ns3:hr>171</ns3:hr>
            <ns3:cad>89</ns3:cad>
          </ns3:TrackPointExtension>
        </extensions>
      </trkpt>
      <trkpt lat="30.90124013833701610565185546875" lon="121.75065080635249614715576171875">
        <ele>3.2000000476837158203125</ele>
        <time>2026-09-06T13:38:44.000Z</time>
        <extensions>
          <ns3:TrackPointExtension>
            <ns3:atemp>30.0</ns3:atemp>
            <ns3:hr>171</ns3:hr>
            <ns3:cad>89</ns3:cad>
          </ns3:TrackPointExtension>
        </extensions>
      </trkpt>
      <trkpt lat="30.9012387134134769439697265625" lon="121.75068533979356288909912109375">
        <ele>3.2000000476837158203125</ele>
        <time>2026-09-06T13:38:45.000Z</time>
        <extensions>
          <ns3:TrackPointExtension>
            <ns3:atemp>30.0</ns3:atemp>
            <ns3:hr>171</ns3:hr>
            <ns3:cad>88</ns3:cad>
          </ns3:TrackPointExtension>
        </extensions>
      </trkpt>
      <trkpt lat="30.90123879723250865936279296875" lon="121.75071048550307750701904296875">
        <ele>3.400000095367431640625</ele>
        <time>2026-09-06T13:38:46.000Z</time>
        <extensions>
          <ns3:TrackPointExtension>
            <ns3:atemp>30.0</ns3:atemp>
            <ns3:hr>171</ns3:hr>
            <ns3:cad>88</ns3:cad>
          </ns3:TrackPointExtension>
        </extensions>
      </trkpt>
      <trkpt lat="30.9012378752231597900390625" lon="121.75074250437319278717041015625">
        <ele>3.400000095367431640625</ele>
        <time>2026-09-06T13:38:47.000Z</time>
        <extensions>
          <ns3:TrackPointExtension>
            <ns3:atemp>30.0</ns3:atemp>
            <ns3:hr>171</ns3:hr>
            <ns3:cad>88</ns3:cad>
          </ns3:TrackPointExtension>
        </extensions>
      </trkpt>
      <trkpt lat="30.90123997069895267486572265625" lon="121.7507657222449779510498046875">
        <ele>3.400000095367431640625</ele>
        <time>2026-09-06T13:38:48.000Z</time>
        <extensions>
          <ns3:TrackPointExtension>
            <ns3:atemp>30.0</ns3:atemp>
            <ns3:hr>171</ns3:hr>
            <ns3:cad>89</ns3:cad>
          </ns3:TrackPointExtension>
        </extensions>
      </trkpt>
      <trkpt lat="30.90123913250863552093505859375" lon="121.75080151297152042388916015625">
        <ele>3.400000095367431640625</ele>
        <time>2026-09-06T13:38:49.000Z</time>
        <extensions>
          <ns3:TrackPointExtension>
            <ns3:atemp>30.0</ns3:atemp>
            <ns3:hr>170</ns3:hr>
            <ns3:cad>90</ns3:cad>
          </ns3:TrackPointExtension>
        </extensions>
      </trkpt>
      <trkpt lat="30.90124181471765041351318359375" lon="121.75082565285265445709228515625">
        <ele>3.2000000476837158203125</ele>
        <time>2026-09-06T13:38:50.000Z</time>
        <extensions>
          <ns3:TrackPointExtension>
            <ns3:atemp>30.0</ns3:atemp>
            <ns3:hr>171</ns3:hr>
            <ns3:cad>90</ns3:cad>
          </ns3:TrackPointExtension>
        </extensions>
      </trkpt>
      <trkpt lat="30.90124047361314296722412109375" lon="121.75086186267435550689697265625">
        <ele>3.2000000476837158203125</ele>
        <time>2026-09-06T13:38:51.000Z</time>
        <extensions>
          <ns3:TrackPointExtension>
            <ns3:atemp>30.0</ns3:atemp>
            <ns3:hr>171</ns3:hr>
            <ns3:cad>89</ns3:cad>
          </ns3:TrackPointExtension>
        </extensions>
      </trkpt>
      <trkpt lat="30.90124365873634815216064453125" lon="121.7508854158222675323486328125">
        <ele>3.2000000476837158203125</ele>
        <time>2026-09-06T13:38:52.000Z</time>
        <extensions>
          <ns3:TrackPointExtension>
            <ns3:atemp>30.0</ns3:atemp>
            <ns3:hr>171</ns3:hr>
            <ns3:cad>89</ns3:cad>
          </ns3:TrackPointExtension>
        </extensions>
      </trkpt>
      <trkpt lat="30.90124717913568019866943359375" lon="121.7509209550917148590087890625">
        <ele>3.400000095367431640625</ele>
        <time>2026-09-06T13:38:53.000Z</time>
        <extensions>
          <ns3:TrackPointExtension>
            <ns3:atemp>30.0</ns3:atemp>
            <ns3:hr>170</ns3:hr>
            <ns3:cad>89</ns3:cad>
          </ns3:TrackPointExtension>
        </extensions>
      </trkpt>
      <trkpt lat="30.901249609887599945068359375" lon="121.75094517879188060760498046875">
        <ele>3.400000095367431640625</ele>
        <time>2026-09-06T13:38:54.000Z</time>
        <extensions>
          <ns3:TrackPointExtension>
            <ns3:atemp>30.0</ns3:atemp>
            <ns3:hr>170</ns3:hr>
            <ns3:cad>89</ns3:cad>
          </ns3:TrackPointExtension>
        </extensions>
      </trkpt>
      <trkpt lat="30.9012494422495365142822265625" lon="121.75098172388970851898193359375">
        <ele>3.400000095367431640625</ele>
        <time>2026-09-06T13:38:55.000Z</time>
        <extensions>
          <ns3:TrackPointExtension>
            <ns3:atemp>30.0</ns3:atemp>
            <ns3:hr>170</ns3:hr>
            <ns3:cad>89</ns3:cad>
          </ns3:TrackPointExtension>
        </extensions>
      </trkpt>
      <trkpt lat="30.90124768204987049102783203125" lon="121.751006282866001129150390625">
        <ele>3.400000095367431640625</ele>
        <time>2026-09-06T13:38:56.000Z</time>
        <extensions>
          <ns3:TrackPointExtension>
            <ns3:atemp>29.0</ns3:atemp>
            <ns3:hr>170</ns3:hr>
            <ns3:cad>88</ns3:cad>
          </ns3:TrackPointExtension>
        </extensions>
      </trkpt>
      <trkpt lat="30.90124793350696563720703125" lon="121.75104207359254360198974609375">
        <ele>3.400000095367431640625</ele>
        <time>2026-09-06T13:38:57.000Z</time>
        <extensions>
          <ns3:TrackPointExtension>
            <ns3:atemp>30.0</ns3:atemp>
            <ns3:hr>170</ns3:hr>
            <ns3:cad>88</ns3:cad>
          </ns3:TrackPointExtension>
        </extensions>
      </trkpt>
      <trkpt lat="30.901246257126331329345703125" lon="121.75107090733945369720458984375">
        <ele>3.400000095367431640625</ele>
        <time>2026-09-06T13:38:58.000Z</time>
        <extensions>
          <ns3:TrackPointExtension>
            <ns3:atemp>30.0</ns3:atemp>
            <ns3:hr>169</ns3:hr>
            <ns3:cad>88</ns3:cad>
          </ns3:TrackPointExtension>
        </extensions>
      </trkpt>
      <trkpt lat="30.90125019662082195281982421875" lon="121.7511036805808544158935546875">
        <ele>3.400000095367431640625</ele>
        <time>2026-09-06T13:38:59.000Z</time>
        <extensions>
          <ns3:TrackPointExtension>
            <ns3:atemp>30.0</ns3:atemp>
            <ns3:hr>170</ns3:hr>
            <ns3:cad>90</ns3:cad>
          </ns3:TrackPointExtension>
        </extensions>
      </trkpt>
      <trkpt lat="30.90125036425888538360595703125" lon="121.75113192759454250335693359375">
        <ele>3.400000095367431640625</ele>
        <time>2026-09-06T13:39:00.000Z</time>
        <extensions>
          <ns3:TrackPointExtension>
            <ns3:atemp>30.0</ns3:atemp>
            <ns3:hr>169</ns3:hr>
            <ns3:cad>90</ns3:cad>
          </ns3:TrackPointExtension>
        </extensions>
      </trkpt>
      <trkpt lat="30.90125463902950286865234375" lon="121.751162521541118621826171875">
        <ele>3.400000095367431640625</ele>
        <time>2026-09-06T13:39:01.000Z</time>
        <extensions>
          <ns3:TrackPointExtension>
            <ns3:atemp>30.0</ns3:atemp>
            <ns3:hr>169</ns3:hr>
            <ns3:cad>88</ns3:cad>
          </ns3:TrackPointExtension>
        </extensions>
      </trkpt>
      <trkpt lat="30.9012578241527080535888671875" lon="121.7511931993067264556884765625">
        <ele>3.2000000476837158203125</ele>
        <time>2026-09-06T13:39:02.000Z</time>
        <extensions>
          <ns3:TrackPointExtension>
            <ns3:atemp>30.0</ns3:atemp>
            <ns3:hr>169</ns3:hr>
            <ns3:cad>88</ns3:cad>
          </ns3:TrackPointExtension>
        </extensions>
      </trkpt>
      <trkpt lat="30.9012611769139766693115234375" lon="121.75122111104428768157958984375">
        <ele>3.2000000476837158203125</ele>
        <time>2026-09-06T13:39:03.000Z</time>
        <extensions>
          <ns3:TrackPointExtension>
            <ns3:atemp>29.0</ns3:atemp>
            <ns3:hr>169</ns3:hr>
            <ns3:cad>88</ns3:cad>
          </ns3:TrackPointExtension>
        </extensions>
      </trkpt>
      <trkpt lat="30.90126126073300838470458984375" lon="121.75125128589570522308349609375">
        <ele>3.2000000476837158203125</ele>
        <time>2026-09-06T13:39:04.000Z</time>
        <extensions>
          <ns3:TrackPointExtension>
            <ns3:atemp>30.0</ns3:atemp>
            <ns3:hr>170</ns3:hr>
            <ns3:cad>89</ns3:cad>
          </ns3:TrackPointExtension>
        </extensions>
      </trkpt>
      <trkpt lat="30.90126679278910160064697265625" lon="121.75127844326198101043701171875">
        <ele>3.2000000476837158203125</ele>
        <time>2026-09-06T13:39:05.000Z</time>
        <extensions>
          <ns3:TrackPointExtension>
            <ns3:atemp>30.0</ns3:atemp>
            <ns3:hr>169</ns3:hr>
            <ns3:cad>89</ns3:cad>
          </ns3:TrackPointExtension>
        </extensions>
      </trkpt>
      <trkpt lat="30.90126536786556243896484375" lon="121.75131213851273059844970703125">
        <ele>3.2000000476837158203125</ele>
        <time>2026-09-06T13:39:06.000Z</time>
        <extensions>
          <ns3:TrackPointExtension>
            <ns3:atemp>30.0</ns3:atemp>
            <ns3:hr>169</ns3:hr>
            <ns3:cad>88</ns3:cad>
          </ns3:TrackPointExtension>
        </extensions>
      </trkpt>
      <trkpt lat="30.9012732468545436859130859375" lon="121.75133652985095977783203125">
        <ele>3.400000095367431640625</ele>
        <time>2026-09-06T13:39:07.000Z</time>
        <extensions>
          <ns3:TrackPointExtension>
            <ns3:atemp>30.0</ns3:atemp>
            <ns3:hr>170</ns3:hr>
            <ns3:cad>88</ns3:cad>
          </ns3:TrackPointExtension>
        </extensions>
      </trkpt>
      <trkpt lat="30.90127752162516117095947265625" lon="121.751370728015899658203125">
        <ele>3.2000000476837158203125</ele>
        <time>2026-09-06T13:39:08.000Z</time>
        <extensions>
          <ns3:TrackPointExtension>
            <ns3:atemp>30.0</ns3:atemp>
            <ns3:hr>170</ns3:hr>
            <ns3:cad>87</ns3:cad>
          </ns3:TrackPointExtension>
        </extensions>
      </trkpt>
      <trkpt lat="30.9012843109667301177978515625" lon="121.7513950355350971221923828125">
        <ele>3.2000000476837158203125</ele>
        <time>2026-09-06T13:39:09.000Z</time>
        <extensions>
          <ns3:TrackPointExtension>
            <ns3:atemp>30.0</ns3:atemp>
            <ns3:hr>170</ns3:hr>
            <ns3:cad>87</ns3:cad>
          </ns3:TrackPointExtension>
        </extensions>
      </trkpt>
      <trkpt lat="30.9012836404144763946533203125" lon="121.7514302395284175872802734375">
        <ele>3.2000000476837158203125</ele>
        <time>2026-09-06T13:39:10.000Z</time>
        <extensions>
          <ns3:TrackPointExtension>
            <ns3:atemp>30.0</ns3:atemp>
            <ns3:hr>170</ns3:hr>
            <ns3:cad>89</ns3:cad>
          </ns3:TrackPointExtension>
        </extensions>
      </trkpt>
      <trkpt lat="30.90128774754703044891357421875" lon="121.75145362503826618194580078125">
        <ele>3.2000000476837158203125</ele>
        <time>2026-09-06T13:39:11.000Z</time>
        <extensions>
          <ns3:TrackPointExtension>
            <ns3:atemp>29.0</ns3:atemp>
            <ns3:hr>170</ns3:hr>
            <ns3:cad>89</ns3:cad>
          </ns3:TrackPointExtension>
        </extensions>
      </trkpt>
      <trkpt lat="30.901288501918315887451171875" lon="121.75148681737482547760009765625">
        <ele>3.2000000476837158203125</ele>
        <time>2026-09-06T13:39:12.000Z</time>
        <extensions>
          <ns3:TrackPointExtension>
            <ns3:atemp>30.0</ns3:atemp>
            <ns3:hr>170</ns3:hr>
            <ns3:cad>88</ns3:cad>
          </ns3:TrackPointExtension>
        </extensions>
      </trkpt>
      <trkpt lat="30.901292860507965087890625" lon="121.75150810740888118743896484375">
        <ele>3.2000000476837158203125</ele>
        <time>2026-09-06T13:39:13.000Z</time>
        <extensions>
          <ns3:TrackPointExtension>
            <ns3:atemp>30.0</ns3:atemp>
            <ns3:hr>170</ns3:hr>
            <ns3:cad>87</ns3:cad>
          </ns3:TrackPointExtension>
        </extensions>
      </trkpt>
      <trkpt lat="30.90129294432699680328369140625" lon="121.7515472508966922760009765625">
        <ele>3.2000000476837158203125</ele>
        <time>2026-09-06T13:39:14.000Z</time>
        <extensions>
          <ns3:TrackPointExtension>
            <ns3:atemp>30.0</ns3:atemp>
            <ns3:hr>171</ns3:hr>
            <ns3:cad>87</ns3:cad>
          </ns3:TrackPointExtension>
        </extensions>
      </trkpt>
      <trkpt lat="30.9012980572879314422607421875" lon="121.75157030113041400909423828125">
        <ele>3.2000000476837158203125</ele>
        <time>2026-09-06T13:39:15.000Z</time>
        <extensions>
          <ns3:TrackPointExtension>
            <ns3:atemp>30.0</ns3:atemp>
            <ns3:hr>171</ns3:hr>
            <ns3:cad>88</ns3:cad>
          </ns3:TrackPointExtension>
        </extensions>
      </trkpt>
      <trkpt lat="30.9012995660305023193359375" lon="121.75160969607532024383544921875">
        <ele>3.2000000476837158203125</ele>
        <time>2026-09-06T13:39:16.000Z</time>
        <extensions>
          <ns3:TrackPointExtension>
            <ns3:atemp>30.0</ns3:atemp>
            <ns3:hr>171</ns3:hr>
            <ns3:cad>88</ns3:cad>
          </ns3:TrackPointExtension>
        </extensions>
      </trkpt>
      <trkpt lat="30.9013034217059612274169921875" lon="121.75163718871772289276123046875">
        <ele>3.2000000476837158203125</ele>
        <time>2026-09-06T13:39:17.000Z</time>
        <extensions>
          <ns3:TrackPointExtension>
            <ns3:atemp>30.0</ns3:atemp>
            <ns3:hr>171</ns3:hr>
            <ns3:cad>88</ns3:cad>
          </ns3:TrackPointExtension>
        </extensions>
      </trkpt>
      <trkpt lat="30.90130132623016834259033203125" lon="121.7516743205487728118896484375">
        <ele>3.2000000476837158203125</ele>
        <time>2026-09-06T13:39:18.000Z</time>
        <extensions>
          <ns3:TrackPointExtension>
            <ns3:atemp>30.0</ns3:atemp>
            <ns3:hr>171</ns3:hr>
            <ns3:cad>89</ns3:cad>
          </ns3:TrackPointExtension>
        </extensions>
      </trkpt>
      <trkpt lat="30.9013037569820880889892578125" lon="121.7516991309821605682373046875">
        <ele>3.2000000476837158203125</ele>
        <time>2026-09-06T13:39:19.000Z</time>
        <extensions>
          <ns3:TrackPointExtension>
            <ns3:atemp>30.0</ns3:atemp>
            <ns3:hr>171</ns3:hr>
            <ns3:cad>89</ns3:cad>
          </ns3:TrackPointExtension>
        </extensions>
      </trkpt>
      <trkpt lat="30.90130501426756381988525390625" lon="121.75173475407063961029052734375">
        <ele>3.2000000476837158203125</ele>
        <time>2026-09-06T13:39:20.000Z</time>
        <extensions>
          <ns3:TrackPointExtension>
            <ns3:atemp>30.0</ns3:atemp>
            <ns3:hr>172</ns3:hr>
            <ns3:cad>89</ns3:cad>
          </ns3:TrackPointExtension>
        </extensions>
      </trkpt>
      <trkpt lat="30.90130585245788097381591796875" lon="121.75176165997982025146484375">
        <ele>3.2000000476837158203125</ele>
        <time>2026-09-06T13:39:21.000Z</time>
        <extensions>
          <ns3:TrackPointExtension>
            <ns3:atemp>30.0</ns3:atemp>
            <ns3:hr>172</ns3:hr>
            <ns3:cad>89</ns3:cad>
          </ns3:TrackPointExtension>
        </extensions>
      </trkpt>
      <trkpt lat="30.9013076126575469970703125" lon="121.7517993785440921783447265625">
        <ele>3.2000000476837158203125</ele>
        <time>2026-09-06T13:39:22.000Z</time>
        <extensions>
          <ns3:TrackPointExtension>
            <ns3:atemp>30.0</ns3:atemp>
            <ns3:hr>172</ns3:hr>
            <ns3:cad>89</ns3:cad>
          </ns3:TrackPointExtension>
        </extensions>
      </trkpt>
      <trkpt lat="30.9013107977807521820068359375" lon="121.7518262006342411041259765625">
        <ele>3.2000000476837158203125</ele>
        <time>2026-09-06T13:39:23.000Z</time>
        <extensions>
          <ns3:TrackPointExtension>
            <ns3:atemp>30.0</ns3:atemp>
            <ns3:hr>172</ns3:hr>
            <ns3:cad>88</ns3:cad>
          </ns3:TrackPointExtension>
        </extensions>
      </trkpt>
      <trkpt lat="30.90131364762783050537109375" lon="121.75186433829367160797119140625">
        <ele>3.2000000476837158203125</ele>
        <time>2026-09-06T13:39:24.000Z</time>
        <extensions>
          <ns3:TrackPointExtension>
            <ns3:atemp>30.0</ns3:atemp>
            <ns3:hr>172</ns3:hr>
            <ns3:cad>88</ns3:cad>
          </ns3:TrackPointExtension>
        </extensions>
      </trkpt>
      <trkpt lat="30.90131440199911594390869140625" lon="121.7518895678222179412841796875">
        <ele>3.2000000476837158203125</ele>
        <time>2026-09-06T13:39:25.000Z</time>
        <extensions>
          <ns3:TrackPointExtension>
            <ns3:atemp>30.0</ns3:atemp>
            <ns3:hr>172</ns3:hr>
            <ns3:cad>89</ns3:cad>
          </ns3:TrackPointExtension>
        </extensions>
      </trkpt>
      <trkpt lat="30.90131901204586029052734375" lon="121.75192586146295070648193359375">
        <ele>3.2000000476837158203125</ele>
        <time>2026-09-06T13:39:26.000Z</time>
        <extensions>
          <ns3:TrackPointExtension>
            <ns3:atemp>30.0</ns3:atemp>
            <ns3:hr>172</ns3:hr>
            <ns3:cad>90</ns3:cad>
          </ns3:TrackPointExtension>
        </extensions>
      </trkpt>
      <trkpt lat="30.90132010169327259063720703125" lon="121.751952432096004486083984375">
        <ele>3.2000000476837158203125</ele>
        <time>2026-09-06T13:39:27.000Z</time>
        <extensions>
          <ns3:TrackPointExtension>
            <ns3:atemp>30.0</ns3:atemp>
            <ns3:hr>172</ns3:hr>
            <ns3:cad>90</ns3:cad>
          </ns3:TrackPointExtension>
        </extensions>
      </trkpt>
      <trkpt lat="30.90131876058876514434814453125" lon="121.75198771990835666656494140625">
        <ele>3.2000000476837158203125</ele>
        <time>2026-09-06T13:39:28.000Z</time>
        <extensions>
          <ns3:TrackPointExtension>
            <ns3:atemp>30.0</ns3:atemp>
            <ns3:hr>172</ns3:hr>
            <ns3:cad>89</ns3:cad>
          </ns3:TrackPointExtension>
        </extensions>
      </trkpt>
      <trkpt lat="30.90131842531263828277587890625" lon="121.7520186491310596466064453125">
        <ele>3</ele>
        <time>2026-09-06T13:39:29.000Z</time>
        <extensions>
          <ns3:TrackPointExtension>
            <ns3:atemp>30.0</ns3:atemp>
            <ns3:hr>172</ns3:hr>
            <ns3:cad>88</ns3:cad>
          </ns3:TrackPointExtension>
        </extensions>
      </trkpt>
      <trkpt lat="30.90131926350295543670654296875" lon="121.75205511040985584259033203125">
        <ele>3.2000000476837158203125</ele>
        <time>2026-09-06T13:39:30.000Z</time>
        <extensions>
          <ns3:TrackPointExtension>
            <ns3:atemp>30.0</ns3:atemp>
            <ns3:hr>173</ns3:hr>
            <ns3:cad>88</ns3:cad>
          </ns3:TrackPointExtension>
        </extensions>
      </trkpt>
      <trkpt lat="30.90131641365587711334228515625" lon="121.75208964385092258453369140625">
        <ele>3.2000000476837158203125</ele>
        <time>2026-09-06T13:39:31.000Z</time>
        <extensions>
          <ns3:TrackPointExtension>
            <ns3:atemp>30.0</ns3:atemp>
            <ns3:hr>172</ns3:hr>
            <ns3:cad>88</ns3:cad>
          </ns3:TrackPointExtension>
        </extensions>
      </trkpt>
      <trkpt lat="30.90132035315036773681640625" lon="121.7521259374916553497314453125">
        <ele>3</ele>
        <time>2026-09-06T13:39:32.000Z</time>
        <extensions>
          <ns3:TrackPointExtension>
            <ns3:atemp>30.0</ns3:atemp>
            <ns3:hr>172</ns3:hr>
            <ns3:cad>89</ns3:cad>
          </ns3:TrackPointExtension>
        </extensions>
      </trkpt>
      <trkpt lat="30.90132228098809719085693359375" lon="121.75215904600918292999267578125">
        <ele>3</ele>
        <time>2026-09-06T13:39:33.000Z</time>
        <extensions>
          <ns3:TrackPointExtension>
            <ns3:atemp>30.0</ns3:atemp>
            <ns3:hr>173</ns3:hr>
            <ns3:cad>89</ns3:cad>
          </ns3:TrackPointExtension>
        </extensions>
      </trkpt>
      <trkpt lat="30.901325382292270660400390625" lon="121.75219140015542507171630859375">
        <ele>3</ele>
        <time>2026-09-06T13:39:34.000Z</time>
        <extensions>
          <ns3:TrackPointExtension>
            <ns3:atemp>30.0</ns3:atemp>
            <ns3:hr>172</ns3:hr>
            <ns3:cad>88</ns3:cad>
          </ns3:TrackPointExtension>
        </extensions>
      </trkpt>
      <trkpt lat="30.90132437646389007568359375" lon="121.75222224555909633636474609375">
        <ele>3</ele>
        <time>2026-09-06T13:39:35.000Z</time>
        <extensions>
          <ns3:TrackPointExtension>
            <ns3:atemp>30.0</ns3:atemp>
            <ns3:hr>173</ns3:hr>
            <ns3:cad>88</ns3:cad>
          </ns3:TrackPointExtension>
        </extensions>
      </trkpt>
      <trkpt lat="30.90132680721580982208251953125" lon="121.752256192266941070556640625">
        <ele>3</ele>
        <time>2026-09-06T13:39:36.000Z</time>
        <extensions>
          <ns3:TrackPointExtension>
            <ns3:atemp>30.0</ns3:atemp>
            <ns3:hr>173</ns3:hr>
            <ns3:cad>88</ns3:cad>
          </ns3:TrackPointExtension>
        </extensions>
      </trkpt>
      <trkpt lat="30.90132798068225383758544921875" lon="121.7522902227938175201416015625">
        <ele>3</ele>
        <time>2026-09-06T13:39:37.000Z</time>
        <extensions>
          <ns3:TrackPointExtension>
            <ns3:atemp>30.0</ns3:atemp>
            <ns3:hr>173</ns3:hr>
            <ns3:cad>89</ns3:cad>
          </ns3:TrackPointExtension>
        </extensions>
      </trkpt>
      <trkpt lat="30.90133317746222019195556640625" lon="121.7523197270929813385009765625">
        <ele>3</ele>
        <time>2026-09-06T13:39:38.000Z</time>
        <extensions>
          <ns3:TrackPointExtension>
            <ns3:atemp>30.0</ns3:atemp>
            <ns3:hr>174</ns3:hr>
            <ns3:cad>89</ns3:cad>
          </ns3:TrackPointExtension>
        </extensions>
      </trkpt>
      <trkpt lat="30.90133351273834705352783203125" lon="121.75235199742019176483154296875">
        <ele>3</ele>
        <time>2026-09-06T13:39:39.000Z</time>
        <extensions>
          <ns3:TrackPointExtension>
            <ns3:atemp>30.0</ns3:atemp>
            <ns3:hr>174</ns3:hr>
            <ns3:cad>89</ns3:cad>
          </ns3:TrackPointExtension>
        </extensions>
      </trkpt>
      <trkpt lat="30.90133510529994964599609375" lon="121.75238125026226043701171875">
        <ele>3</ele>
        <time>2026-09-06T13:39:40.000Z</time>
        <extensions>
          <ns3:TrackPointExtension>
            <ns3:atemp>30.0</ns3:atemp>
            <ns3:hr>174</ns3:hr>
            <ns3:cad>88</ns3:cad>
          </ns3:TrackPointExtension>
        </extensions>
      </trkpt>
      <trkpt lat="30.90133317746222019195556640625" lon="121.75241502933204174041748046875">
        <ele>3</ele>
        <time>2026-09-06T13:39:41.000Z</time>
        <extensions>
          <ns3:TrackPointExtension>
            <ns3:atemp>30.0</ns3:atemp>
            <ns3:hr>174</ns3:hr>
            <ns3:cad>88</ns3:cad>
          </ns3:TrackPointExtension>
        </extensions>
      </trkpt>
      <trkpt lat="30.90133653022348880767822265625" lon="121.7524410970509052276611328125">
        <ele>3</ele>
        <time>2026-09-06T13:39:42.000Z</time>
        <extensions>
          <ns3:TrackPointExtension>
            <ns3:atemp>30.0</ns3:atemp>
            <ns3:hr>174</ns3:hr>
            <ns3:cad>89</ns3:cad>
          </ns3:TrackPointExtension>
        </extensions>
      </trkpt>
      <trkpt lat="30.9013352729380130767822265625" lon="121.7524773068726062774658203125">
        <ele>3</ele>
        <time>2026-09-06T13:39:43.000Z</time>
        <extensions>
          <ns3:TrackPointExtension>
            <ns3:atemp>30.0</ns3:atemp>
            <ns3:hr>174</ns3:hr>
            <ns3:cad>89</ns3:cad>
          </ns3:TrackPointExtension>
        </extensions>
      </trkpt>
      <trkpt lat="30.9013371169567108154296875" lon="121.75250086002051830291748046875">
        <ele>3</ele>
        <time>2026-09-06T13:39:44.000Z</time>
        <extensions>
          <ns3:TrackPointExtension>
            <ns3:atemp>30.0</ns3:atemp>
            <ns3:hr>174</ns3:hr>
            <ns3:cad>89</ns3:cad>
          </ns3:TrackPointExtension>
        </extensions>
      </trkpt>
      <trkpt lat="30.9013352729380130767822265625" lon="121.752536483108997344970703125">
        <ele>3</ele>
        <time>2026-09-06T13:39:45.000Z</time>
        <extensions>
          <ns3:TrackPointExtension>
            <ns3:atemp>30.0</ns3:atemp>
            <ns3:hr>174</ns3:hr>
            <ns3:cad>89</ns3:cad>
          </ns3:TrackPointExtension>
        </extensions>
      </trkpt>
      <trkpt lat="30.90134072117507457733154296875" lon="121.7525629699230194091796875">
        <ele>3</ele>
        <time>2026-09-06T13:39:46.000Z</time>
        <extensions>
          <ns3:TrackPointExtension>
            <ns3:atemp>30.0</ns3:atemp>
            <ns3:hr>175</ns3:hr>
            <ns3:cad>89</ns3:cad>
          </ns3:TrackPointExtension>
        </extensions>
      </trkpt>
      <trkpt lat="30.90134038589894771575927734375" lon="121.7526006884872913360595703125">
        <ele>3</ele>
        <time>2026-09-06T13:39:47.000Z</time>
        <extensions>
          <ns3:TrackPointExtension>
            <ns3:atemp>30.0</ns3:atemp>
            <ns3:hr>175</ns3:hr>
            <ns3:cad>88</ns3:cad>
          </ns3:TrackPointExtension>
        </extensions>
      </trkpt>
      <trkpt lat="30.90134139172732830047607421875" lon="121.7526298575103282928466796875">
        <ele>3</ele>
        <time>2026-09-06T13:39:48.000Z</time>
        <extensions>
          <ns3:TrackPointExtension>
            <ns3:atemp>30.0</ns3:atemp>
            <ns3:hr>174</ns3:hr>
            <ns3:cad>88</ns3:cad>
          </ns3:TrackPointExtension>
        </extensions>
      </trkpt>
      <trkpt lat="30.9013399668037891387939453125" lon="121.752666570246219635009765625">
        <ele>3</ele>
        <time>2026-09-06T13:39:49.000Z</time>
        <extensions>
          <ns3:TrackPointExtension>
            <ns3:atemp>30.0</ns3:atemp>
            <ns3:hr>174</ns3:hr>
            <ns3:cad>88</ns3:cad>
          </ns3:TrackPointExtension>
        </extensions>
      </trkpt>
      <trkpt lat="30.9013397991657257080078125" lon="121.7526965774595737457275390625">
        <ele>3</ele>
        <time>2026-09-06T13:39:50.000Z</time>
        <extensions>
          <ns3:TrackPointExtension>
            <ns3:atemp>30.0</ns3:atemp>
            <ns3:hr>174</ns3:hr>
            <ns3:cad>88</ns3:cad>
          </ns3:TrackPointExtension>
        </extensions>
      </trkpt>
      <trkpt lat="30.9013416431844234466552734375" lon="121.75273538567125797271728515625">
        <ele>3</ele>
        <time>2026-09-06T13:39:51.000Z</time>
        <extensions>
          <ns3:TrackPointExtension>
            <ns3:atemp>30.0</ns3:atemp>
            <ns3:hr>174</ns3:hr>
            <ns3:cad>87</ns3:cad>
          </ns3:TrackPointExtension>
        </extensions>
      </trkpt>
      <trkpt lat="30.90134792961180210113525390625" lon="121.75276321358978748321533203125">
        <ele>3</ele>
        <time>2026-09-06T13:39:52.000Z</time>
        <extensions>
          <ns3:TrackPointExtension>
            <ns3:atemp>30.0</ns3:atemp>
            <ns3:hr>175</ns3:hr>
            <ns3:cad>87</ns3:cad>
          </ns3:TrackPointExtension>
        </extensions>
      </trkpt>
      <trkpt lat="30.9013517014682292938232421875" lon="121.75279975868761539459228515625">
        <ele>3</ele>
        <time>2026-09-06T13:39:53.000Z</time>
        <extensions>
          <ns3:TrackPointExtension>
            <ns3:atemp>30.0</ns3:atemp>
            <ns3:hr>174</ns3:hr>
            <ns3:cad>89</ns3:cad>
          </ns3:TrackPointExtension>
        </extensions>
      </trkpt>
      <trkpt lat="30.9013527072966098785400390625" lon="121.7528269998729228973388671875">
        <ele>3.2000000476837158203125</ele>
        <time>2026-09-06T13:39:54.000Z</time>
        <extensions>
          <ns3:TrackPointExtension>
            <ns3:atemp>30.0</ns3:atemp>
            <ns3:hr>174</ns3:hr>
            <ns3:cad>89</ns3:cad>
          </ns3:TrackPointExtension>
        </extensions>
      </trkpt>
      <trkpt lat="30.90135262347757816314697265625" lon="121.75286270678043365478515625">
        <ele>3.2000000476837158203125</ele>
        <time>2026-09-06T13:39:55.000Z</time>
        <extensions>
          <ns3:TrackPointExtension>
            <ns3:atemp>30.0</ns3:atemp>
            <ns3:hr>174</ns3:hr>
            <ns3:cad>88</ns3:cad>
          </ns3:TrackPointExtension>
        </extensions>
      </trkpt>
      <trkpt lat="30.90135379694402217864990234375" lon="121.75288860686123371124267578125">
        <ele>3.2000000476837158203125</ele>
        <time>2026-09-06T13:39:56.000Z</time>
        <extensions>
          <ns3:TrackPointExtension>
            <ns3:atemp>30.0</ns3:atemp>
            <ns3:hr>174</ns3:hr>
            <ns3:cad>88</ns3:cad>
          </ns3:TrackPointExtension>
        </extensions>
      </trkpt>
      <trkpt lat="30.9013543836772441864013671875" lon="121.75292548723518848419189453125">
        <ele>3</ele>
        <time>2026-09-06T13:39:57.000Z</time>
        <extensions>
          <ns3:TrackPointExtension>
            <ns3:atemp>30.0</ns3:atemp>
            <ns3:hr>175</ns3:hr>
            <ns3:cad>89</ns3:cad>
          </ns3:TrackPointExtension>
        </extensions>
      </trkpt>
      <trkpt lat="30.9013570658862590789794921875" lon="121.75295054912567138671875">
        <ele>3</ele>
        <time>2026-09-06T13:39:58.000Z</time>
        <extensions>
          <ns3:TrackPointExtension>
            <ns3:atemp>30.0</ns3:atemp>
            <ns3:hr>175</ns3:hr>
            <ns3:cad>90</ns3:cad>
          </ns3:TrackPointExtension>
        </extensions>
      </trkpt>
      <trkpt lat="30.90135765261948108673095703125" lon="121.752985082566738128662109375">
        <ele>3</ele>
        <time>2026-09-06T13:39:59.000Z</time>
        <extensions>
          <ns3:TrackPointExtension>
            <ns3:atemp>30.0</ns3:atemp>
            <ns3:hr>175</ns3:hr>
            <ns3:cad>90</ns3:cad>
          </ns3:TrackPointExtension>
        </extensions>
      </trkpt>
      <trkpt lat="30.901359580457210540771484375" lon="121.7530137486755847930908203125">
        <ele>3</ele>
        <time>2026-09-06T13:40:00.000Z</time>
        <extensions>
          <ns3:TrackPointExtension>
            <ns3:atemp>30.0</ns3:atemp>
            <ns3:hr>176</ns3:hr>
            <ns3:cad>90</ns3:cad>
          </ns3:TrackPointExtension>
        </extensions>
      </trkpt>
      <trkpt lat="30.90135647915303707122802734375" lon="121.75304786302149295806884765625">
        <ele>3</ele>
        <time>2026-09-06T13:40:01.000Z</time>
        <extensions>
          <ns3:TrackPointExtension>
            <ns3:atemp>30.0</ns3:atemp>
            <ns3:hr>176</ns3:hr>
            <ns3:cad>90</ns3:cad>
          </ns3:TrackPointExtension>
        </extensions>
      </trkpt>
      <trkpt lat="30.9013503603637218475341796875" lon="121.7530747689306735992431640625">
        <ele>3</ele>
        <time>2026-09-06T13:40:02.000Z</time>
        <extensions>
          <ns3:TrackPointExtension>
            <ns3:atemp>30.0</ns3:atemp>
            <ns3:hr>176</ns3:hr>
            <ns3:cad>89</ns3:cad>
          </ns3:TrackPointExtension>
        </extensions>
      </trkpt>
      <trkpt lat="30.90135010890662670135498046875" lon="121.7531039379537105560302734375">
        <ele>3</ele>
        <time>2026-09-06T13:40:03.000Z</time>
        <extensions>
          <ns3:TrackPointExtension>
            <ns3:atemp>30.0</ns3:atemp>
            <ns3:hr>176</ns3:hr>
            <ns3:cad>89</ns3:cad>
          </ns3:TrackPointExtension>
        </extensions>
      </trkpt>
      <trkpt lat="30.90134977363049983978271484375" lon="121.75312950275838375091552734375">
        <ele>3</ele>
        <time>2026-09-06T13:40:04.000Z</time>
        <extensions>
          <ns3:TrackPointExtension>
            <ns3:atemp>30.0</ns3:atemp>
            <ns3:hr>176</ns3:hr>
            <ns3:cad>90</ns3:cad>
          </ns3:TrackPointExtension>
        </extensions>
      </trkpt>
      <trkpt lat="30.90135044418275356292724609375" lon="121.7531611025333404541015625">
        <ele>3</ele>
        <time>2026-09-06T13:40:05.000Z</time>
        <extensions>
          <ns3:TrackPointExtension>
            <ns3:atemp>30.0</ns3:atemp>
            <ns3:hr>176</ns3:hr>
            <ns3:cad>90</ns3:cad>
          </ns3:TrackPointExtension>
        </extensions>
      </trkpt>
      <trkpt lat="30.9013537131249904632568359375" lon="121.75319739617407321929931640625">
        <ele>3</ele>
        <time>2026-09-06T13:40:06.000Z</time>
        <extensions>
          <ns3:TrackPointExtension>
            <ns3:atemp>30.0</ns3:atemp>
            <ns3:hr>176</ns3:hr>
            <ns3:cad>88</ns3:cad>
          </ns3:TrackPointExtension>
        </extensions>
      </trkpt>
      <trkpt lat="30.90135547332465648651123046875" lon="121.7532293312251567840576171875">
        <ele>3</ele>
        <time>2026-09-06T13:40:07.000Z</time>
        <extensions>
          <ns3:TrackPointExtension>
            <ns3:atemp>30.0</ns3:atemp>
            <ns3:hr>177</ns3:hr>
            <ns3:cad>87</ns3:cad>
          </ns3:TrackPointExtension>
        </extensions>
      </trkpt>
      <trkpt lat="30.90135497041046619415283203125" lon="121.75326327793300151824951171875">
        <ele>3</ele>
        <time>2026-09-06T13:40:08.000Z</time>
        <extensions>
          <ns3:TrackPointExtension>
            <ns3:atemp>30.0</ns3:atemp>
            <ns3:hr>176</ns3:hr>
            <ns3:cad>87</ns3:cad>
          </ns3:TrackPointExtension>
        </extensions>
      </trkpt>
      <trkpt lat="30.9013585746288299560546875" lon="121.75329529680311679840087890625">
        <ele>3</ele>
        <time>2026-09-06T13:40:09.000Z</time>
        <extensions>
          <ns3:TrackPointExtension>
            <ns3:atemp>30.0</ns3:atemp>
            <ns3:hr>176</ns3:hr>
            <ns3:cad>89</ns3:cad>
          </ns3:TrackPointExtension>
        </extensions>
      </trkpt>
      <trkpt lat="30.9013574011623859405517578125" lon="121.7533292435109615325927734375">
        <ele>3</ele>
        <time>2026-09-06T13:40:10.000Z</time>
        <extensions>
          <ns3:TrackPointExtension>
            <ns3:atemp>30.0</ns3:atemp>
            <ns3:hr>176</ns3:hr>
            <ns3:cad>89</ns3:cad>
          </ns3:TrackPointExtension>
        </extensions>
      </trkpt>
      <trkpt lat="30.9013610891997814178466796875" lon="121.753357909619808197021484375">
        <ele>3</ele>
        <time>2026-09-06T13:40:11.000Z</time>
        <extensions>
          <ns3:TrackPointExtension>
            <ns3:atemp>30.0</ns3:atemp>
            <ns3:hr>176</ns3:hr>
            <ns3:cad>89</ns3:cad>
          </ns3:TrackPointExtension>
        </extensions>
      </trkpt>
      <trkpt lat="30.90136134065687656402587890625" lon="121.75339051522314548492431640625">
        <ele>3</ele>
        <time>2026-09-06T13:40:12.000Z</time>
        <extensions>
          <ns3:TrackPointExtension>
            <ns3:atemp>30.0</ns3:atemp>
            <ns3:hr>176</ns3:hr>
            <ns3:cad>89</ns3:cad>
          </ns3:TrackPointExtension>
        </extensions>
      </trkpt>
      <trkpt lat="30.90136452578008174896240234375" lon="121.7534207738935947418212890625">
        <ele>3</ele>
        <time>2026-09-06T13:40:13.000Z</time>
        <extensions>
          <ns3:TrackPointExtension>
            <ns3:atemp>30.0</ns3:atemp>
            <ns3:hr>176</ns3:hr>
            <ns3:cad>89</ns3:cad>
          </ns3:TrackPointExtension>
        </extensions>
      </trkpt>
      <trkpt lat="30.90136460959911346435546875" lon="121.75345840863883495330810546875">
        <ele>3</ele>
        <time>2026-09-06T13:40:14.000Z</time>
        <extensions>
          <ns3:TrackPointExtension>
            <ns3:atemp>30.0</ns3:atemp>
            <ns3:hr>176</ns3:hr>
            <ns3:cad>89</ns3:cad>
          </ns3:TrackPointExtension>
        </extensions>
      </trkpt>
      <trkpt lat="30.9013664536178112030029296875" lon="121.7534831352531909942626953125">
        <ele>3</ele>
        <time>2026-09-06T13:40:15.000Z</time>
        <extensions>
          <ns3:TrackPointExtension>
            <ns3:atemp>30.0</ns3:atemp>
            <ns3:hr>176</ns3:hr>
            <ns3:cad>89</ns3:cad>
          </ns3:TrackPointExtension>
        </extensions>
      </trkpt>
      <trkpt lat="30.9013666212558746337890625" lon="121.75351993180811405181884765625">
        <ele>3</ele>
        <time>2026-09-06T13:40:16.000Z</time>
        <extensions>
          <ns3:TrackPointExtension>
            <ns3:atemp>30.0</ns3:atemp>
            <ns3:hr>176</ns3:hr>
            <ns3:cad>88</ns3:cad>
          </ns3:TrackPointExtension>
        </extensions>
      </trkpt>
      <trkpt lat="30.90137424878776073455810546875" lon="121.75354725681245326995849609375">
        <ele>3</ele>
        <time>2026-09-06T13:40:17.000Z</time>
        <extensions>
          <ns3:TrackPointExtension>
            <ns3:atemp>30.0</ns3:atemp>
            <ns3:hr>176</ns3:hr>
            <ns3:cad>88</ns3:cad>
          </ns3:TrackPointExtension>
        </extensions>
      </trkpt>
      <trkpt lat="30.90138078667223453521728515625" lon="121.75357860513031482696533203125">
        <ele>3</ele>
        <time>2026-09-06T13:40:18.000Z</time>
        <extensions>
          <ns3:TrackPointExtension>
            <ns3:atemp>30.0</ns3:atemp>
            <ns3:hr>176</ns3:hr>
            <ns3:cad>87</ns3:cad>
          </ns3:TrackPointExtension>
        </extensions>
      </trkpt>
      <trkpt lat="30.90138313360512256622314453125" lon="121.75360509194433689117431640625">
        <ele>3</ele>
        <time>2026-09-06T13:40:19.000Z</time>
        <extensions>
          <ns3:TrackPointExtension>
            <ns3:atemp>30.0</ns3:atemp>
            <ns3:hr>176</ns3:hr>
            <ns3:cad>87</ns3:cad>
          </ns3:TrackPointExtension>
        </extensions>
      </trkpt>
      <trkpt lat="30.9013879112899303436279296875" lon="121.75363962538540363311767578125">
        <ele>3</ele>
        <time>2026-09-06T13:40:20.000Z</time>
        <extensions>
          <ns3:TrackPointExtension>
            <ns3:atemp>30.0</ns3:atemp>
            <ns3:hr>175</ns3:hr>
            <ns3:cad>88</ns3:cad>
          </ns3:TrackPointExtension>
        </extensions>
      </trkpt>
      <trkpt lat="30.9013909287750720977783203125" lon="121.7536672018468379974365234375">
        <ele>3</ele>
        <time>2026-09-06T13:40:21.000Z</time>
        <extensions>
          <ns3:TrackPointExtension>
            <ns3:atemp>30.0</ns3:atemp>
            <ns3:hr>175</ns3:hr>
            <ns3:cad>88</ns3:cad>
          </ns3:TrackPointExtension>
        </extensions>
      </trkpt>
      <trkpt lat="30.901395790278911590576171875" lon="121.7537007294595241546630859375">
        <ele>3</ele>
        <time>2026-09-06T13:40:22.000Z</time>
        <extensions>
          <ns3:TrackPointExtension>
            <ns3:atemp>30.0</ns3:atemp>
            <ns3:hr>175</ns3:hr>
            <ns3:cad>88</ns3:cad>
          </ns3:TrackPointExtension>
        </extensions>
      </trkpt>
      <trkpt lat="30.90139637701213359832763671875" lon="121.7537305690348148345947265625">
        <ele>3</ele>
        <time>2026-09-06T13:40:23.000Z</time>
        <extensions>
          <ns3:TrackPointExtension>
            <ns3:atemp>30.0</ns3:atemp>
            <ns3:hr>175</ns3:hr>
            <ns3:cad>87</ns3:cad>
          </ns3:TrackPointExtension>
        </extensions>
      </trkpt>
      <trkpt lat="30.9013976342976093292236328125" lon="121.75375948660075664520263671875">
        <ele>3</ele>
        <time>2026-09-06T13:40:24.000Z</time>
        <extensions>
          <ns3:TrackPointExtension>
            <ns3:atemp>30.0</ns3:atemp>
            <ns3:hr>176</ns3:hr>
            <ns3:cad>87</ns3:cad>
          </ns3:TrackPointExtension>
        </extensions>
      </trkpt>
      <trkpt lat="30.9013959579169750213623046875" lon="121.75379049964249134063720703125">
        <ele>3</ele>
        <time>2026-09-06T13:40:25.000Z</time>
        <extensions>
          <ns3:TrackPointExtension>
            <ns3:atemp>30.0</ns3:atemp>
            <ns3:hr>175</ns3:hr>
            <ns3:cad>87</ns3:cad>
          </ns3:TrackPointExtension>
        </extensions>
      </trkpt>
      <trkpt lat="30.90140006504952907562255859375" lon="121.7538155615329742431640625">
        <ele>3</ele>
        <time>2026-09-06T13:40:26.000Z</time>
        <extensions>
          <ns3:TrackPointExtension>
            <ns3:atemp>30.0</ns3:atemp>
            <ns3:hr>175</ns3:hr>
            <ns3:cad>88</ns3:cad>
          </ns3:TrackPointExtension>
        </extensions>
      </trkpt>
      <trkpt lat="30.90139939449727535247802734375" lon="121.7538502626121044158935546875">
        <ele>3</ele>
        <time>2026-09-06T13:40:27.000Z</time>
        <extensions>
          <ns3:TrackPointExtension>
            <ns3:atemp>30.0</ns3:atemp>
            <ns3:hr>176</ns3:hr>
            <ns3:cad>88</ns3:cad>
          </ns3:TrackPointExtension>
        </extensions>
      </trkpt>
      <trkpt lat="30.90140308253467082977294921875" lon="121.75387582741677761077880859375">
        <ele>3</ele>
        <time>2026-09-06T13:40:28.000Z</time>
        <extensions>
          <ns3:TrackPointExtension>
            <ns3:atemp>30.0</ns3:atemp>
            <ns3:hr>175</ns3:hr>
            <ns3:cad>87</ns3:cad>
          </ns3:TrackPointExtension>
        </extensions>
      </trkpt>
      <trkpt lat="30.9014066867530345916748046875" lon="121.75390935502946376800537109375">
        <ele>3</ele>
        <time>2026-09-06T13:40:29.000Z</time>
        <extensions>
          <ns3:TrackPointExtension>
            <ns3:atemp>30.0</ns3:atemp>
            <ns3:hr>176</ns3:hr>
            <ns3:cad>86</ns3:cad>
          </ns3:TrackPointExtension>
        </extensions>
      </trkpt>
      <trkpt lat="30.901406519114971160888671875" lon="121.75393290817737579345703125">
        <ele>3</ele>
        <time>2026-09-06T13:40:30.000Z</time>
        <extensions>
          <ns3:TrackPointExtension>
            <ns3:atemp>30.0</ns3:atemp>
            <ns3:hr>176</ns3:hr>
            <ns3:cad>86</ns3:cad>
          </ns3:TrackPointExtension>
        </extensions>
      </trkpt>
      <trkpt lat="30.90140693821012973785400390625" lon="121.75396911799907684326171875">
        <ele>3</ele>
        <time>2026-09-06T13:40:31.000Z</time>
        <extensions>
          <ns3:TrackPointExtension>
            <ns3:atemp>30.0</ns3:atemp>
            <ns3:hr>176</ns3:hr>
            <ns3:cad>88</ns3:cad>
          </ns3:TrackPointExtension>
        </extensions>
      </trkpt>
      <trkpt lat="30.90140827931463718414306640625" lon="121.75399384461343288421630859375">
        <ele>3</ele>
        <time>2026-09-06T13:40:32.000Z</time>
        <extensions>
          <ns3:TrackPointExtension>
            <ns3:atemp>30.0</ns3:atemp>
            <ns3:hr>176</ns3:hr>
            <ns3:cad>88</ns3:cad>
          </ns3:TrackPointExtension>
        </extensions>
      </trkpt>
      <trkpt lat="30.90141230262815952301025390625" lon="121.754029802978038787841796875">
        <ele>3</ele>
        <time>2026-09-06T13:40:33.000Z</time>
        <extensions>
          <ns3:TrackPointExtension>
            <ns3:atemp>30.0</ns3:atemp>
            <ns3:hr>176</ns3:hr>
            <ns3:cad>87</ns3:cad>
          </ns3:TrackPointExtension>
        </extensions>
      </trkpt>
      <trkpt lat="30.9014140628278255462646484375" lon="121.7540574632585048675537109375">
        <ele>2.7999999523162841796875</ele>
        <time>2026-09-06T13:40:34.000Z</time>
        <extensions>
          <ns3:TrackPointExtension>
            <ns3:atemp>30.0</ns3:atemp>
            <ns3:hr>177</ns3:hr>
            <ns3:cad>87</ns3:cad>
          </ns3:TrackPointExtension>
        </extensions>
      </trkpt>
      <trkpt lat="30.90141615830361843109130859375" lon="121.75409342162311077117919921875">
        <ele>2.7999999523162841796875</ele>
        <time>2026-09-06T13:40:35.000Z</time>
        <extensions>
          <ns3:TrackPointExtension>
            <ns3:atemp>30.0</ns3:atemp>
            <ns3:hr>177</ns3:hr>
            <ns3:cad>87</ns3:cad>
          </ns3:TrackPointExtension>
        </extensions>
      </trkpt>
      <trkpt lat="30.90141783468425273895263671875" lon="121.754120327532291412353515625">
        <ele>2.7999999523162841796875</ele>
        <time>2026-09-06T13:40:36.000Z</time>
        <extensions>
          <ns3:TrackPointExtension>
            <ns3:atemp>30.0</ns3:atemp>
            <ns3:hr>177</ns3:hr>
            <ns3:cad>87</ns3:cad>
          </ns3:TrackPointExtension>
        </extensions>
      </trkpt>
      <trkpt lat="30.901421606540679931640625" lon="121.754152514040470123291015625">
        <ele>3</ele>
        <time>2026-09-06T13:40:37.000Z</time>
        <extensions>
          <ns3:TrackPointExtension>
            <ns3:atemp>30.0</ns3:atemp>
            <ns3:hr>177</ns3:hr>
            <ns3:cad>88</ns3:cad>
          </ns3:TrackPointExtension>
        </extensions>
      </trkpt>
      <trkpt lat="30.90141833759844303131103515625" lon="121.754180677235126495361328125">
        <ele>3</ele>
        <time>2026-09-06T13:40:38.000Z</time>
        <extensions>
          <ns3:TrackPointExtension>
            <ns3:atemp>30.0</ns3:atemp>
            <ns3:hr>176</ns3:hr>
            <ns3:cad>88</ns3:cad>
          </ns3:TrackPointExtension>
        </extensions>
      </trkpt>
      <trkpt lat="30.90142051689326763153076171875" lon="121.75421194173395633697509765625">
        <ele>3</ele>
        <time>2026-09-06T13:40:39.000Z</time>
        <extensions>
          <ns3:TrackPointExtension>
            <ns3:atemp>30.0</ns3:atemp>
            <ns3:hr>176</ns3:hr>
            <ns3:cad>88</ns3:cad>
          </ns3:TrackPointExtension>
        </extensions>
      </trkpt>
      <trkpt lat="30.9014227800071239471435546875" lon="121.754239015281200408935546875">
        <ele>3</ele>
        <time>2026-09-06T13:40:40.000Z</time>
        <extensions>
          <ns3:TrackPointExtension>
            <ns3:atemp>30.0</ns3:atemp>
            <ns3:hr>176</ns3:hr>
            <ns3:cad>88</ns3:cad>
          </ns3:TrackPointExtension>
        </extensions>
      </trkpt>
      <trkpt lat="30.90142571367323398590087890625" lon="121.75426684319972991943359375">
        <ele>3</ele>
        <time>2026-09-06T13:40:41.000Z</time>
        <extensions>
          <ns3:TrackPointExtension>
            <ns3:atemp>30.0</ns3:atemp>
            <ns3:hr>175</ns3:hr>
            <ns3:cad>88</ns3:cad>
          </ns3:TrackPointExtension>
        </extensions>
      </trkpt>
      <trkpt lat="30.9014241211116313934326171875" lon="121.75429441966116428375244140625">
        <ele>3</ele>
        <time>2026-09-06T13:40:42.000Z</time>
        <extensions>
          <ns3:TrackPointExtension>
            <ns3:atemp>30.0</ns3:atemp>
            <ns3:hr>175</ns3:hr>
            <ns3:cad>89</ns3:cad>
          </ns3:TrackPointExtension>
        </extensions>
      </trkpt>
      <trkpt lat="30.90142537839710712432861328125" lon="121.75432124175131320953369140625">
        <ele>3</ele>
        <time>2026-09-06T13:40:43.000Z</time>
        <extensions>
          <ns3:TrackPointExtension>
            <ns3:atemp>30.0</ns3:atemp>
            <ns3:hr>175</ns3:hr>
            <ns3:cad>89</ns3:cad>
          </ns3:TrackPointExtension>
        </extensions>
      </trkpt>
      <trkpt lat="30.9014257974922657012939453125" lon="121.7543518356978893280029296875">
        <ele>3</ele>
        <time>2026-09-06T13:40:44.000Z</time>
        <extensions>
          <ns3:TrackPointExtension>
            <ns3:atemp>30.0</ns3:atemp>
            <ns3:hr>174</ns3:hr>
            <ns3:cad>89</ns3:cad>
          </ns3:TrackPointExtension>
        </extensions>
      </trkpt>
      <trkpt lat="30.90143124572932720184326171875" lon="121.75437957979738712310791015625">
        <ele>3</ele>
        <time>2026-09-06T13:40:45.000Z</time>
        <extensions>
          <ns3:TrackPointExtension>
            <ns3:atemp>30.0</ns3:atemp>
            <ns3:hr>175</ns3:hr>
            <ns3:cad>88</ns3:cad>
          </ns3:TrackPointExtension>
        </extensions>
      </trkpt>
      <trkpt lat="30.90142990462481975555419921875" lon="121.75441528670489788055419921875">
        <ele>3</ele>
        <time>2026-09-06T13:40:46.000Z</time>
        <extensions>
          <ns3:TrackPointExtension>
            <ns3:atemp>30.0</ns3:atemp>
            <ns3:hr>175</ns3:hr>
            <ns3:cad>88</ns3:cad>
          </ns3:TrackPointExtension>
        </extensions>
      </trkpt>
      <trkpt lat="30.90143761597573757171630859375" lon="121.75443942658603191375732421875">
        <ele>3</ele>
        <time>2026-09-06T13:40:47.000Z</time>
        <extensions>
          <ns3:TrackPointExtension>
            <ns3:atemp>30.0</ns3:atemp>
            <ns3:hr>175</ns3:hr>
            <ns3:cad>88</ns3:cad>
          </ns3:TrackPointExtension>
        </extensions>
      </trkpt>
      <trkpt lat="30.90143568813800811767578125" lon="121.754475720226764678955078125">
        <ele>3</ele>
        <time>2026-09-06T13:40:48.000Z</time>
        <extensions>
          <ns3:TrackPointExtension>
            <ns3:atemp>30.0</ns3:atemp>
            <ns3:hr>174</ns3:hr>
            <ns3:cad>89</ns3:cad>
          </ns3:TrackPointExtension>
        </extensions>
      </trkpt>
      <trkpt lat="30.901440717279911041259765625" lon="121.75449809990823268890380859375">
        <ele>3</ele>
        <time>2026-09-06T13:40:49.000Z</time>
        <extensions>
          <ns3:TrackPointExtension>
            <ns3:atemp>30.0</ns3:atemp>
            <ns3:hr>174</ns3:hr>
            <ns3:cad>89</ns3:cad>
          </ns3:TrackPointExtension>
        </extensions>
      </trkpt>
      <trkpt lat="30.901440717279911041259765625" lon="121.75453447736799716949462890625">
        <ele>3</ele>
        <time>2026-09-06T13:40:50.000Z</time>
        <extensions>
          <ns3:TrackPointExtension>
            <ns3:atemp>30.0</ns3:atemp>
            <ns3:hr>174</ns3:hr>
            <ns3:cad>88</ns3:cad>
          </ns3:TrackPointExtension>
        </extensions>
      </trkpt>
      <trkpt lat="30.90144281275570392608642578125" lon="121.75455928780138492584228515625">
        <ele>3</ele>
        <time>2026-09-06T13:40:51.000Z</time>
        <extensions>
          <ns3:TrackPointExtension>
            <ns3:atemp>30.0</ns3:atemp>
            <ns3:hr>175</ns3:hr>
            <ns3:cad>88</ns3:cad>
          </ns3:TrackPointExtension>
        </extensions>
      </trkpt>
      <trkpt lat="30.9014403820037841796875" lon="121.75459264777600765228271484375">
        <ele>3.2000000476837158203125</ele>
        <time>2026-09-06T13:40:52.000Z</time>
        <extensions>
          <ns3:TrackPointExtension>
            <ns3:atemp>30.0</ns3:atemp>
            <ns3:hr>175</ns3:hr>
            <ns3:cad>88</ns3:cad>
          </ns3:TrackPointExtension>
        </extensions>
      </trkpt>
      <trkpt lat="30.9014395438134670257568359375" lon="121.75461527891457080841064453125">
        <ele>3.2000000476837158203125</ele>
        <time>2026-09-06T13:40:53.000Z</time>
        <extensions>
          <ns3:TrackPointExtension>
            <ns3:atemp>30.0</ns3:atemp>
            <ns3:hr>175</ns3:hr>
            <ns3:cad>88</ns3:cad>
          </ns3:TrackPointExtension>
        </extensions>
      </trkpt>
      <trkpt lat="30.90143862180411815643310546875" lon="121.75464679487049579620361328125">
        <ele>3.2000000476837158203125</ele>
        <time>2026-09-06T13:40:54.000Z</time>
        <extensions>
          <ns3:TrackPointExtension>
            <ns3:atemp>30.0</ns3:atemp>
            <ns3:hr>175</ns3:hr>
            <ns3:cad>88</ns3:cad>
          </ns3:TrackPointExtension>
        </extensions>
      </trkpt>
      <trkpt lat="30.9014358557760715484619140625" lon="121.754672527313232421875">
        <ele>3.2000000476837158203125</ele>
        <time>2026-09-06T13:40:55.000Z</time>
        <extensions>
          <ns3:TrackPointExtension>
            <ns3:atemp>30.0</ns3:atemp>
            <ns3:hr>175</ns3:hr>
            <ns3:cad>87</ns3:cad>
          </ns3:TrackPointExtension>
        </extensions>
      </trkpt>
      <trkpt lat="30.9014398790895938873291015625" lon="121.75470513291656970977783203125">
        <ele>3.2000000476837158203125</ele>
        <time>2026-09-06T13:40:56.000Z</time>
        <extensions>
          <ns3:TrackPointExtension>
            <ns3:atemp>30.0</ns3:atemp>
            <ns3:hr>175</ns3:hr>
            <ns3:cad>86</ns3:cad>
          </ns3:TrackPointExtension>
        </extensions>
      </trkpt>
      <trkpt lat="30.90143996290862560272216796875" lon="121.7547367326915264129638671875">
        <ele>3.2000000476837158203125</ele>
        <time>2026-09-06T13:40:57.000Z</time>
        <extensions>
          <ns3:TrackPointExtension>
            <ns3:atemp>30.0</ns3:atemp>
            <ns3:hr>175</ns3:hr>
            <ns3:cad>86</ns3:cad>
          </ns3:TrackPointExtension>
        </extensions>
      </trkpt>
      <trkpt lat="30.901444070041179656982421875" lon="121.75476531498134136199951171875">
        <ele>3.400000095367431640625</ele>
        <time>2026-09-06T13:40:58.000Z</time>
        <extensions>
          <ns3:TrackPointExtension>
            <ns3:atemp>30.0</ns3:atemp>
            <ns3:hr>175</ns3:hr>
            <ns3:cad>88</ns3:cad>
          </ns3:TrackPointExtension>
        </extensions>
      </trkpt>
      <trkpt lat="30.90144281275570392608642578125" lon="121.75479926168918609619140625">
        <ele>3.400000095367431640625</ele>
        <time>2026-09-06T13:40:59.000Z</time>
        <extensions>
          <ns3:TrackPointExtension>
            <ns3:atemp>30.0</ns3:atemp>
            <ns3:hr>174</ns3:hr>
            <ns3:cad>88</ns3:cad>
          </ns3:TrackPointExtension>
        </extensions>
      </trkpt>
      <trkpt lat="30.90144130401313304901123046875" lon="121.75482616759836673736572265625">
        <ele>3.400000095367431640625</ele>
        <time>2026-09-06T13:41:00.000Z</time>
        <extensions>
          <ns3:TrackPointExtension>
            <ns3:atemp>30.0</ns3:atemp>
            <ns3:hr>175</ns3:hr>
            <ns3:cad>88</ns3:cad>
          </ns3:TrackPointExtension>
        </extensions>
      </trkpt>
      <trkpt lat="30.9014348499476909637451171875" lon="121.75486288033425807952880859375">
        <ele>3.400000095367431640625</ele>
        <time>2026-09-06T13:41:01.000Z</time>
        <extensions>
          <ns3:TrackPointExtension>
            <ns3:atemp>30.0</ns3:atemp>
            <ns3:hr>175</ns3:hr>
            <ns3:cad>88</ns3:cad>
          </ns3:TrackPointExtension>
        </extensions>
      </trkpt>
      <trkpt lat="30.9014378674328327178955078125" lon="121.75488919951021671295166015625">
        <ele>3.400000095367431640625</ele>
        <time>2026-09-06T13:41:02.000Z</time>
        <extensions>
          <ns3:TrackPointExtension>
            <ns3:atemp>30.0</ns3:atemp>
            <ns3:hr>175</ns3:hr>
            <ns3:cad>88</ns3:cad>
          </ns3:TrackPointExtension>
        </extensions>
      </trkpt>
      <trkpt lat="30.90143661014735698699951171875" lon="121.75492356531322002410888671875">
        <ele>3.400000095367431640625</ele>
        <time>2026-09-06T13:41:03.000Z</time>
        <extensions>
          <ns3:TrackPointExtension>
            <ns3:atemp>30.0</ns3:atemp>
            <ns3:hr>175</ns3:hr>
            <ns3:cad>88</ns3:cad>
          </ns3:TrackPointExtension>
        </extensions>
      </trkpt>
      <trkpt lat="30.90144230984151363372802734375" lon="121.75494946539402008056640625">
        <ele>3.400000095367431640625</ele>
        <time>2026-09-06T13:41:04.000Z</time>
        <extensions>
          <ns3:TrackPointExtension>
            <ns3:atemp>30.0</ns3:atemp>
            <ns3:hr>175</ns3:hr>
            <ns3:cad>88</ns3:cad>
          </ns3:TrackPointExtension>
        </extensions>
      </trkpt>
      <trkpt lat="30.90144281275570392608642578125" lon="121.75498567521572113037109375">
        <ele>3.599999904632568359375</ele>
        <time>2026-09-06T13:41:05.000Z</time>
        <extensions>
          <ns3:TrackPointExtension>
            <ns3:atemp>30.0</ns3:atemp>
            <ns3:hr>174</ns3:hr>
            <ns3:cad>88</ns3:cad>
          </ns3:TrackPointExtension>
        </extensions>
      </trkpt>
      <trkpt lat="30.90144566260278224945068359375" lon="121.75501174293458461761474609375">
        <ele>3.599999904632568359375</ele>
        <time>2026-09-06T13:41:06.000Z</time>
        <extensions>
          <ns3:TrackPointExtension>
            <ns3:atemp>30.0</ns3:atemp>
            <ns3:hr>175</ns3:hr>
            <ns3:cad>88</ns3:cad>
          </ns3:TrackPointExtension>
        </extensions>
      </trkpt>
      <trkpt lat="30.901447422802448272705078125" lon="121.7550478689372539520263671875">
        <ele>3.599999904632568359375</ele>
        <time>2026-09-06T13:41:07.000Z</time>
        <extensions>
          <ns3:TrackPointExtension>
            <ns3:atemp>30.0</ns3:atemp>
            <ns3:hr>175</ns3:hr>
            <ns3:cad>88</ns3:cad>
          </ns3:TrackPointExtension>
        </extensions>
      </trkpt>
      <trkpt lat="30.9014506079256534576416015625" lon="121.75507075153291225433349609375">
        <ele>3.599999904632568359375</ele>
        <time>2026-09-06T13:41:08.000Z</time>
        <extensions>
          <ns3:TrackPointExtension>
            <ns3:atemp>30.0</ns3:atemp>
            <ns3:hr>175</ns3:hr>
            <ns3:cad>88</ns3:cad>
          </ns3:TrackPointExtension>
        </extensions>
      </trkpt>
      <trkpt lat="30.9014546312391757965087890625" lon="121.75510377623140811920166015625">
        <ele>3.599999904632568359375</ele>
        <time>2026-09-06T13:41:09.000Z</time>
        <extensions>
          <ns3:TrackPointExtension>
            <ns3:atemp>30.0</ns3:atemp>
            <ns3:hr>175</ns3:hr>
            <ns3:cad>89</ns3:cad>
          </ns3:TrackPointExtension>
        </extensions>
      </trkpt>
      <trkpt lat="30.9014532901346683502197265625" lon="121.75512783229351043701171875">
        <ele>3.599999904632568359375</ele>
        <time>2026-09-06T13:41:10.000Z</time>
        <extensions>
          <ns3:TrackPointExtension>
            <ns3:atemp>30.0</ns3:atemp>
            <ns3:hr>174</ns3:hr>
            <ns3:cad>89</ns3:cad>
          </ns3:TrackPointExtension>
        </extensions>
      </trkpt>
      <trkpt lat="30.90145924128592014312744140625" lon="121.75515909679234027862548828125">
        <ele>3.599999904632568359375</ele>
        <time>2026-09-06T13:41:11.000Z</time>
        <extensions>
          <ns3:TrackPointExtension>
            <ns3:atemp>30.0</ns3:atemp>
            <ns3:hr>175</ns3:hr>
            <ns3:cad>88</ns3:cad>
          </ns3:TrackPointExtension>
        </extensions>
      </trkpt>
      <trkpt lat="30.90146477334201335906982421875" lon="121.75518776290118694305419921875">
        <ele>3.7999999523162841796875</ele>
        <time>2026-09-06T13:41:12.000Z</time>
        <extensions>
          <ns3:TrackPointExtension>
            <ns3:atemp>30.0</ns3:atemp>
            <ns3:hr>174</ns3:hr>
            <ns3:cad>87</ns3:cad>
          </ns3:TrackPointExtension>
        </extensions>
      </trkpt>
      <trkpt lat="30.90146862901747226715087890625" lon="121.7552145011723041534423828125">
        <ele>3.7999999523162841796875</ele>
        <time>2026-09-06T13:41:13.000Z</time>
        <extensions>
          <ns3:TrackPointExtension>
            <ns3:atemp>30.0</ns3:atemp>
            <ns3:hr>174</ns3:hr>
            <ns3:cad>87</ns3:cad>
          </ns3:TrackPointExtension>
        </extensions>
      </trkpt>
      <trkpt lat="30.90147382579743862152099609375" lon="121.75524475984275341033935546875">
        <ele>3.7999999523162841796875</ele>
        <time>2026-09-06T13:41:14.000Z</time>
        <extensions>
          <ns3:TrackPointExtension>
            <ns3:atemp>30.0</ns3:atemp>
            <ns3:hr>174</ns3:hr>
            <ns3:cad>87</ns3:cad>
          </ns3:TrackPointExtension>
        </extensions>
      </trkpt>
      <trkpt lat="30.9014784358441829681396484375" lon="121.7552704922854900360107421875">
        <ele>3.7999999523162841796875</ele>
        <time>2026-09-06T13:41:15.000Z</time>
        <extensions>
          <ns3:TrackPointExtension>
            <ns3:atemp>30.0</ns3:atemp>
            <ns3:hr>174</ns3:hr>
            <ns3:cad>88</ns3:cad>
          </ns3:TrackPointExtension>
        </extensions>
      </trkpt>
      <trkpt lat="30.9014819562435150146484375" lon="121.75530494190752506256103515625">
        <ele>4</ele>
        <time>2026-09-06T13:41:16.000Z</time>
        <extensions>
          <ns3:TrackPointExtension>
            <ns3:atemp>30.0</ns3:atemp>
            <ns3:hr>174</ns3:hr>
            <ns3:cad>88</ns3:cad>
          </ns3:TrackPointExtension>
        </extensions>
      </trkpt>
      <trkpt lat="30.90148187242448329925537109375" lon="121.75533042289316654205322265625">
        <ele>4</ele>
        <time>2026-09-06T13:41:17.000Z</time>
        <extensions>
          <ns3:TrackPointExtension>
            <ns3:atemp>30.0</ns3:atemp>
            <ns3:hr>174</ns3:hr>
            <ns3:cad>87</ns3:cad>
          </ns3:TrackPointExtension>
        </extensions>
      </trkpt>
      <trkpt lat="30.90148187242448329925537109375" lon="121.75536612980067729949951171875">
        <ele>4</ele>
        <time>2026-09-06T13:41:18.000Z</time>
        <extensions>
          <ns3:TrackPointExtension>
            <ns3:atemp>30.0</ns3:atemp>
            <ns3:hr>174</ns3:hr>
            <ns3:cad>87</ns3:cad>
          </ns3:TrackPointExtension>
        </extensions>
      </trkpt>
      <trkpt lat="30.90148623101413249969482421875" lon="121.755386330187320709228515625">
        <ele>4</ele>
        <time>2026-09-06T13:41:19.000Z</time>
        <extensions>
          <ns3:TrackPointExtension>
            <ns3:atemp>30.0</ns3:atemp>
            <ns3:hr>174</ns3:hr>
            <ns3:cad>87</ns3:cad>
          </ns3:TrackPointExtension>
        </extensions>
      </trkpt>
      <trkpt lat="30.90149335563182830810546875" lon="121.7554149962961673736572265625">
        <ele>4</ele>
        <time>2026-09-06T13:41:20.000Z</time>
        <extensions>
          <ns3:TrackPointExtension>
            <ns3:atemp>30.0</ns3:atemp>
            <ns3:hr>174</ns3:hr>
            <ns3:cad>88</ns3:cad>
          </ns3:TrackPointExtension>
        </extensions>
      </trkpt>
      <trkpt lat="30.9014955349266529083251953125" lon="121.755439974367618560791015625">
        <ele>4</ele>
        <time>2026-09-06T13:41:21.000Z</time>
        <extensions>
          <ns3:TrackPointExtension>
            <ns3:atemp>30.0</ns3:atemp>
            <ns3:hr>173</ns3:hr>
            <ns3:cad>88</ns3:cad>
          </ns3:TrackPointExtension>
        </extensions>
      </trkpt>
      <trkpt lat="30.90149679221212863922119140625" lon="121.75546755082905292510986328125">
        <ele>4</ele>
        <time>2026-09-06T13:41:22.000Z</time>
        <extensions>
          <ns3:TrackPointExtension>
            <ns3:atemp>30.0</ns3:atemp>
            <ns3:hr>174</ns3:hr>
            <ns3:cad>87</ns3:cad>
          </ns3:TrackPointExtension>
        </extensions>
      </trkpt>
      <trkpt lat="30.9014980494976043701171875" lon="121.7554968036711215972900390625">
        <ele>4.19999980926513671875</ele>
        <time>2026-09-06T13:41:23.000Z</time>
        <extensions>
          <ns3:TrackPointExtension>
            <ns3:atemp>30.0</ns3:atemp>
            <ns3:hr>174</ns3:hr>
            <ns3:cad>86</ns3:cad>
          </ns3:TrackPointExtension>
        </extensions>
      </trkpt>
      <trkpt lat="30.9014998935163021087646484375" lon="121.7555266432464122772216796875">
        <ele>4.19999980926513671875</ele>
        <time>2026-09-06T13:41:24.000Z</time>
        <extensions>
          <ns3:TrackPointExtension>
            <ns3:atemp>30.0</ns3:atemp>
            <ns3:hr>173</ns3:hr>
            <ns3:cad>86</ns3:cad>
          </ns3:TrackPointExtension>
        </extensions>
      </trkpt>
      <trkpt lat="30.9015002287924289703369140625" lon="121.75555958412587642669677734375">
        <ele>4.19999980926513671875</ele>
        <time>2026-09-06T13:41:25.000Z</time>
        <extensions>
          <ns3:TrackPointExtension>
            <ns3:atemp>30.0</ns3:atemp>
            <ns3:hr>173</ns3:hr>
            <ns3:cad>87</ns3:cad>
          </ns3:TrackPointExtension>
        </extensions>
      </trkpt>
      <trkpt lat="30.9015052579343318939208984375" lon="121.75558456219732761383056640625">
        <ele>4.400000095367431640625</ele>
        <time>2026-09-06T13:41:26.000Z</time>
        <extensions>
          <ns3:TrackPointExtension>
            <ns3:atemp>30.0</ns3:atemp>
            <ns3:hr>173</ns3:hr>
            <ns3:cad>87</ns3:cad>
          </ns3:TrackPointExtension>
        </extensions>
      </trkpt>
      <trkpt lat="30.901505090296268463134765625" lon="121.7556144855916500091552734375">
        <ele>4.400000095367431640625</ele>
        <time>2026-09-06T13:41:27.000Z</time>
        <extensions>
          <ns3:TrackPointExtension>
            <ns3:atemp>30.0</ns3:atemp>
            <ns3:hr>173</ns3:hr>
            <ns3:cad>88</ns3:cad>
          </ns3:TrackPointExtension>
        </extensions>
      </trkpt>
      <trkpt lat="30.9015072695910930633544921875" lon="121.75563803873956203460693359375">
        <ele>4.400000095367431640625</ele>
        <time>2026-09-06T13:41:28.000Z</time>
        <extensions>
          <ns3:TrackPointExtension>
            <ns3:atemp>30.0</ns3:atemp>
            <ns3:hr>174</ns3:hr>
            <ns3:cad>87</ns3:cad>
          </ns3:TrackPointExtension>
        </extensions>
      </trkpt>
      <trkpt lat="30.90150617994368076324462890625" lon="121.75567206926643848419189453125">
        <ele>4.400000095367431640625</ele>
        <time>2026-09-06T13:41:29.000Z</time>
        <extensions>
          <ns3:TrackPointExtension>
            <ns3:atemp>30.0</ns3:atemp>
            <ns3:hr>173</ns3:hr>
            <ns3:cad>87</ns3:cad>
          </ns3:TrackPointExtension>
        </extensions>
      </trkpt>
      <trkpt lat="30.90151087380945682525634765625" lon="121.75569352693855762481689453125">
        <ele>4.400000095367431640625</ele>
        <time>2026-09-06T13:41:30.000Z</time>
        <extensions>
          <ns3:TrackPointExtension>
            <ns3:atemp>30.0</ns3:atemp>
            <ns3:hr>173</ns3:hr>
            <ns3:cad>86</ns3:cad>
          </ns3:TrackPointExtension>
        </extensions>
      </trkpt>
      <trkpt lat="30.90151154436171054840087890625" lon="121.7557254619896411895751953125">
        <ele>4.400000095367431640625</ele>
        <time>2026-09-06T13:41:31.000Z</time>
        <extensions>
          <ns3:TrackPointExtension>
            <ns3:atemp>30.0</ns3:atemp>
            <ns3:hr>173</ns3:hr>
            <ns3:cad>86</ns3:cad>
          </ns3:TrackPointExtension>
        </extensions>
      </trkpt>
      <trkpt lat="30.90151322074234485626220703125" lon="121.75574742257595062255859375">
        <ele>4.400000095367431640625</ele>
        <time>2026-09-06T13:41:32.000Z</time>
        <extensions>
          <ns3:TrackPointExtension>
            <ns3:atemp>30.0</ns3:atemp>
            <ns3:hr>173</ns3:hr>
            <ns3:cad>86</ns3:cad>
          </ns3:TrackPointExtension>
        </extensions>
      </trkpt>
      <trkpt lat="30.90151590295135974884033203125" lon="121.75578095018863677978515625">
        <ele>4.400000095367431640625</ele>
        <time>2026-09-06T13:41:33.000Z</time>
        <extensions>
          <ns3:TrackPointExtension>
            <ns3:atemp>30.0</ns3:atemp>
            <ns3:hr>174</ns3:hr>
            <ns3:cad>86</ns3:cad>
          </ns3:TrackPointExtension>
        </extensions>
      </trkpt>
      <trkpt lat="30.90151959098875522613525390625" lon="121.75580852665007114410400390625">
        <ele>4.400000095367431640625</ele>
        <time>2026-09-06T13:41:34.000Z</time>
        <extensions>
          <ns3:TrackPointExtension>
            <ns3:atemp>30.0</ns3:atemp>
            <ns3:hr>173</ns3:hr>
            <ns3:cad>87</ns3:cad>
          </ns3:TrackPointExtension>
        </extensions>
      </trkpt>
      <trkpt lat="30.90152344666421413421630859375" lon="121.75583836622536182403564453125">
        <ele>4.599999904632568359375</ele>
        <time>2026-09-06T13:41:35.000Z</time>
        <extensions>
          <ns3:TrackPointExtension>
            <ns3:atemp>30.0</ns3:atemp>
            <ns3:hr>173</ns3:hr>
            <ns3:cad>87</ns3:cad>
          </ns3:TrackPointExtension>
        </extensions>
      </trkpt>
      <trkpt lat="30.90152227319777011871337890625" lon="121.7558686248958110809326171875">
        <ele>4.599999904632568359375</ele>
        <time>2026-09-06T13:41:36.000Z</time>
        <extensions>
          <ns3:TrackPointExtension>
            <ns3:atemp>30.0</ns3:atemp>
            <ns3:hr>173</ns3:hr>
            <ns3:cad>88</ns3:cad>
          </ns3:TrackPointExtension>
        </extensions>
      </trkpt>
      <trkpt lat="30.9015257097780704498291015625" lon="121.7558907531201839447021484375">
        <ele>4.80000019073486328125</ele>
        <time>2026-09-06T13:41:37.000Z</time>
        <extensions>
          <ns3:TrackPointExtension>
            <ns3:atemp>30.0</ns3:atemp>
            <ns3:hr>174</ns3:hr>
            <ns3:cad>88</ns3:cad>
          </ns3:TrackPointExtension>
        </extensions>
      </trkpt>
      <trkpt lat="30.90152420103549957275390625" lon="121.75592168234288692474365234375">
        <ele>4.80000019073486328125</ele>
        <time>2026-09-06T13:41:38.000Z</time>
        <extensions>
          <ns3:TrackPointExtension>
            <ns3:atemp>30.0</ns3:atemp>
            <ns3:hr>174</ns3:hr>
            <ns3:cad>87</ns3:cad>
          </ns3:TrackPointExtension>
        </extensions>
      </trkpt>
      <trkpt lat="30.901528559625148773193359375" lon="121.75594112835824489593505859375">
        <ele>5</ele>
        <time>2026-09-06T13:41:39.000Z</time>
        <extensions>
          <ns3:TrackPointExtension>
            <ns3:atemp>30.0</ns3:atemp>
            <ns3:hr>174</ns3:hr>
            <ns3:cad>87</ns3:cad>
          </ns3:TrackPointExtension>
        </extensions>
      </trkpt>
      <trkpt lat="30.9015257097780704498291015625" lon="121.7559735663235187530517578125">
        <ele>5</ele>
        <time>2026-09-06T13:41:40.000Z</time>
        <extensions>
          <ns3:TrackPointExtension>
            <ns3:atemp>30.0</ns3:atemp>
            <ns3:hr>174</ns3:hr>
            <ns3:cad>87</ns3:cad>
          </ns3:TrackPointExtension>
        </extensions>
      </trkpt>
      <trkpt lat="30.901528559625148773193359375" lon="121.755996532738208770751953125">
        <ele>4.80000019073486328125</ele>
        <time>2026-09-06T13:41:41.000Z</time>
        <extensions>
          <ns3:TrackPointExtension>
            <ns3:atemp>30.0</ns3:atemp>
            <ns3:hr>174</ns3:hr>
            <ns3:cad>87</ns3:cad>
          </ns3:TrackPointExtension>
        </extensions>
      </trkpt>
      <trkpt lat="30.90153099037706851959228515625" lon="121.75602796487510204315185546875">
        <ele>5</ele>
        <time>2026-09-06T13:41:42.000Z</time>
        <extensions>
          <ns3:TrackPointExtension>
            <ns3:atemp>30.0</ns3:atemp>
            <ns3:hr>174</ns3:hr>
            <ns3:cad>87</ns3:cad>
          </ns3:TrackPointExtension>
        </extensions>
      </trkpt>
      <trkpt lat="30.90153358876705169677734375" lon="121.756048165261745452880859375">
        <ele>4.80000019073486328125</ele>
        <time>2026-09-06T13:41:43.000Z</time>
        <extensions>
          <ns3:TrackPointExtension>
            <ns3:atemp>30.0</ns3:atemp>
            <ns3:hr>174</ns3:hr>
            <ns3:cad>87</ns3:cad>
          </ns3:TrackPointExtension>
        </extensions>
      </trkpt>
      <trkpt lat="30.90153769589960575103759765625" lon="121.756080351769924163818359375">
        <ele>4.80000019073486328125</ele>
        <time>2026-09-06T13:41:44.000Z</time>
        <extensions>
          <ns3:TrackPointExtension>
            <ns3:atemp>30.0</ns3:atemp>
            <ns3:hr>174</ns3:hr>
            <ns3:cad>87</ns3:cad>
          </ns3:TrackPointExtension>
        </extensions>
      </trkpt>
      <trkpt lat="30.9015397913753986358642578125" lon="121.75610608421266078948974609375">
        <ele>4.80000019073486328125</ele>
        <time>2026-09-06T13:41:45.000Z</time>
        <extensions>
          <ns3:TrackPointExtension>
            <ns3:atemp>30.0</ns3:atemp>
            <ns3:hr>173</ns3:hr>
            <ns3:cad>87</ns3:cad>
          </ns3:TrackPointExtension>
        </extensions>
      </trkpt>
      <trkpt lat="30.9015428088605403900146484375" lon="121.75613441504538059234619140625">
        <ele>4.80000019073486328125</ele>
        <time>2026-09-06T13:41:46.000Z</time>
        <extensions>
          <ns3:TrackPointExtension>
            <ns3:atemp>30.0</ns3:atemp>
            <ns3:hr>174</ns3:hr>
            <ns3:cad>88</ns3:cad>
          </ns3:TrackPointExtension>
        </extensions>
      </trkpt>
      <trkpt lat="30.9015461616218090057373046875" lon="121.756163500249385833740234375">
        <ele>4.80000019073486328125</ele>
        <time>2026-09-06T13:41:47.000Z</time>
        <extensions>
          <ns3:TrackPointExtension>
            <ns3:atemp>30.0</ns3:atemp>
            <ns3:hr>174</ns3:hr>
            <ns3:cad>88</ns3:cad>
          </ns3:TrackPointExtension>
        </extensions>
      </trkpt>
      <trkpt lat="30.90154876001179218292236328125" lon="121.75618789158761501312255859375">
        <ele>4.599999904632568359375</ele>
        <time>2026-09-06T13:41:48.000Z</time>
        <extensions>
          <ns3:TrackPointExtension>
            <ns3:atemp>30.0</ns3:atemp>
            <ns3:hr>173</ns3:hr>
            <ns3:cad>87</ns3:cad>
          </ns3:TrackPointExtension>
        </extensions>
      </trkpt>
      <trkpt lat="30.90154238976538181304931640625" lon="121.7562189884483814239501953125">
        <ele>4.599999904632568359375</ele>
        <time>2026-09-06T13:41:49.000Z</time>
        <extensions>
          <ns3:TrackPointExtension>
            <ns3:atemp>30.0</ns3:atemp>
            <ns3:hr>173</ns3:hr>
            <ns3:cad>86</ns3:cad>
          </ns3:TrackPointExtension>
        </extensions>
      </trkpt>
      <trkpt lat="30.90154565870761871337890625" lon="121.75624019466340541839599609375">
        <ele>4.599999904632568359375</ele>
        <time>2026-09-06T13:41:50.000Z</time>
        <extensions>
          <ns3:TrackPointExtension>
            <ns3:atemp>30.0</ns3:atemp>
            <ns3:hr>173</ns3:hr>
            <ns3:cad>86</ns3:cad>
          </ns3:TrackPointExtension>
        </extensions>
      </trkpt>
      <trkpt lat="30.901543311774730682373046875" lon="121.7562736384570598602294921875">
        <ele>4.400000095367431640625</ele>
        <time>2026-09-06T13:41:51.000Z</time>
        <extensions>
          <ns3:TrackPointExtension>
            <ns3:atemp>30.0</ns3:atemp>
            <ns3:hr>173</ns3:hr>
            <ns3:cad>87</ns3:cad>
          </ns3:TrackPointExtension>
        </extensions>
      </trkpt>
      <trkpt lat="30.90154523961246013641357421875" lon="121.75629652105271816253662109375">
        <ele>4.400000095367431640625</ele>
        <time>2026-09-06T13:41:52.000Z</time>
        <extensions>
          <ns3:TrackPointExtension>
            <ns3:atemp>30.0</ns3:atemp>
            <ns3:hr>173</ns3:hr>
            <ns3:cad>87</ns3:cad>
          </ns3:TrackPointExtension>
        </extensions>
      </trkpt>
      <trkpt lat="30.90154230594635009765625" lon="121.75633122213184833526611328125">
        <ele>4.19999980926513671875</ele>
        <time>2026-09-06T13:41:53.000Z</time>
        <extensions>
          <ns3:TrackPointExtension>
            <ns3:atemp>30.0</ns3:atemp>
            <ns3:hr>172</ns3:hr>
            <ns3:cad>88</ns3:cad>
          </ns3:TrackPointExtension>
        </extensions>
      </trkpt>
      <trkpt lat="30.90154691599309444427490234375" lon="121.75635519437491893768310546875">
        <ele>4.19999980926513671875</ele>
        <time>2026-09-06T13:41:54.000Z</time>
        <extensions>
          <ns3:TrackPointExtension>
            <ns3:atemp>30.0</ns3:atemp>
            <ns3:hr>172</ns3:hr>
            <ns3:cad>88</ns3:cad>
          </ns3:TrackPointExtension>
        </extensions>
      </trkpt>
      <trkpt lat="30.90154624544084072113037109375" lon="121.75639090128242969512939453125">
        <ele>4.19999980926513671875</ele>
        <time>2026-09-06T13:41:55.000Z</time>
        <extensions>
          <ns3:TrackPointExtension>
            <ns3:atemp>30.0</ns3:atemp>
            <ns3:hr>172</ns3:hr>
            <ns3:cad>88</ns3:cad>
          </ns3:TrackPointExtension>
        </extensions>
      </trkpt>
      <trkpt lat="30.9015488438308238983154296875" lon="121.75641420297324657440185546875">
        <ele>4</ele>
        <time>2026-09-06T13:41:56.000Z</time>
        <extensions>
          <ns3:TrackPointExtension>
            <ns3:atemp>30.0</ns3:atemp>
            <ns3:hr>172</ns3:hr>
            <ns3:cad>88</ns3:cad>
          </ns3:TrackPointExtension>
        </extensions>
      </trkpt>
      <trkpt lat="30.90155102312564849853515625" lon="121.7564503289759159088134765625">
        <ele>4</ele>
        <time>2026-09-06T13:41:57.000Z</time>
        <extensions>
          <ns3:TrackPointExtension>
            <ns3:atemp>30.0</ns3:atemp>
            <ns3:hr>173</ns3:hr>
            <ns3:cad>88</ns3:cad>
          </ns3:TrackPointExtension>
        </extensions>
      </trkpt>
      <trkpt lat="30.90155730955302715301513671875" lon="121.75647564232349395751953125">
        <ele>4.19999980926513671875</ele>
        <time>2026-09-06T13:41:58.000Z</time>
        <extensions>
          <ns3:TrackPointExtension>
            <ns3:atemp>30.0</ns3:atemp>
            <ns3:hr>172</ns3:hr>
            <ns3:cad>88</ns3:cad>
          </ns3:TrackPointExtension>
        </extensions>
      </trkpt>
      <trkpt lat="30.90156082995235919952392578125" lon="121.7565110139548778533935546875">
        <ele>4.19999980926513671875</ele>
        <time>2026-09-06T13:41:59.000Z</time>
        <extensions>
          <ns3:TrackPointExtension>
            <ns3:atemp>30.0</ns3:atemp>
            <ns3:hr>172</ns3:hr>
            <ns3:cad>88</ns3:cad>
          </ns3:TrackPointExtension>
        </extensions>
      </trkpt>
      <trkpt lat="30.90156183578073978424072265625" lon="121.75653942860662937164306640625">
        <ele>4</ele>
        <time>2026-09-06T13:42:00.000Z</time>
        <extensions>
          <ns3:TrackPointExtension>
            <ns3:atemp>30.0</ns3:atemp>
            <ns3:hr>171</ns3:hr>
            <ns3:cad>88</ns3:cad>
          </ns3:TrackPointExtension>
        </extensions>
      </trkpt>
      <trkpt lat="30.9015656076371669769287109375" lon="121.7565693520009517669677734375">
        <ele>4</ele>
        <time>2026-09-06T13:42:01.000Z</time>
        <extensions>
          <ns3:TrackPointExtension>
            <ns3:atemp>30.0</ns3:atemp>
            <ns3:hr>171</ns3:hr>
            <ns3:cad>88</ns3:cad>
          </ns3:TrackPointExtension>
        </extensions>
      </trkpt>
      <trkpt lat="30.90156552381813526153564453125" lon="121.7566008679568767547607421875">
        <ele>4</ele>
        <time>2026-09-06T13:42:02.000Z</time>
        <extensions>
          <ns3:TrackPointExtension>
            <ns3:atemp>30.0</ns3:atemp>
            <ns3:hr>171</ns3:hr>
            <ns3:cad>88</ns3:cad>
          </ns3:TrackPointExtension>
        </extensions>
      </trkpt>
      <trkpt lat="30.90156753547489643096923828125" lon="121.756631545722484588623046875">
        <ele>4</ele>
        <time>2026-09-06T13:42:03.000Z</time>
        <extensions>
          <ns3:TrackPointExtension>
            <ns3:atemp>30.0</ns3:atemp>
            <ns3:hr>171</ns3:hr>
            <ns3:cad>88</ns3:cad>
          </ns3:TrackPointExtension>
        </extensions>
      </trkpt>
      <trkpt lat="30.90156803838908672332763671875" lon="121.75666498951613903045654296875">
        <ele>4</ele>
        <time>2026-09-06T13:42:04.000Z</time>
        <extensions>
          <ns3:TrackPointExtension>
            <ns3:atemp>30.0</ns3:atemp>
            <ns3:hr>171</ns3:hr>
            <ns3:cad>88</ns3:cad>
          </ns3:TrackPointExtension>
        </extensions>
      </trkpt>
      <trkpt lat="30.901571810245513916015625" lon="121.75669030286371707916259765625">
        <ele>4</ele>
        <time>2026-09-06T13:42:05.000Z</time>
        <extensions>
          <ns3:TrackPointExtension>
            <ns3:atemp>30.0</ns3:atemp>
            <ns3:hr>171</ns3:hr>
            <ns3:cad>87</ns3:cad>
          </ns3:TrackPointExtension>
        </extensions>
      </trkpt>
      <trkpt lat="30.901568792760372161865234375" lon="121.7567249201238155364990234375">
        <ele>3.7999999523162841796875</ele>
        <time>2026-09-06T13:42:06.000Z</time>
        <extensions>
          <ns3:TrackPointExtension>
            <ns3:atemp>30.0</ns3:atemp>
            <ns3:hr>171</ns3:hr>
            <ns3:cad>87</ns3:cad>
          </ns3:TrackPointExtension>
        </extensions>
      </trkpt>
      <trkpt lat="30.90157055296003818511962890625" lon="121.756746210157871246337890625">
        <ele>3.7999999523162841796875</ele>
        <time>2026-09-06T13:42:07.000Z</time>
        <extensions>
          <ns3:TrackPointExtension>
            <ns3:atemp>30.0</ns3:atemp>
            <ns3:hr>171</ns3:hr>
            <ns3:cad>87</ns3:cad>
          </ns3:TrackPointExtension>
        </extensions>
      </trkpt>
      <trkpt lat="30.90157055296003818511962890625" lon="121.7567782290279865264892578125">
        <ele>3.7999999523162841796875</ele>
        <time>2026-09-06T13:42:08.000Z</time>
        <extensions>
          <ns3:TrackPointExtension>
            <ns3:atemp>30.0</ns3:atemp>
            <ns3:hr>171</ns3:hr>
            <ns3:cad>88</ns3:cad>
          </ns3:TrackPointExtension>
        </extensions>
      </trkpt>
      <trkpt lat="30.901572145521640777587890625" lon="121.756804548203945159912109375">
        <ele>3.7999999523162841796875</ele>
        <time>2026-09-06T13:42:09.000Z</time>
        <extensions>
          <ns3:TrackPointExtension>
            <ns3:atemp>30.0</ns3:atemp>
            <ns3:hr>171</ns3:hr>
            <ns3:cad>88</ns3:cad>
          </ns3:TrackPointExtension>
        </extensions>
      </trkpt>
      <trkpt lat="30.90156979858875274658203125" lon="121.7568389140069484710693359375">
        <ele>3.599999904632568359375</ele>
        <time>2026-09-06T13:42:10.000Z</time>
        <extensions>
          <ns3:TrackPointExtension>
            <ns3:atemp>30.0</ns3:atemp>
            <ns3:hr>170</ns3:hr>
            <ns3:cad>88</ns3:cad>
          </ns3:TrackPointExtension>
        </extensions>
      </trkpt>
      <trkpt lat="30.9015696309506893157958984375" lon="121.75686229951679706573486328125">
        <ele>3.599999904632568359375</ele>
        <time>2026-09-06T13:42:11.000Z</time>
        <extensions>
          <ns3:TrackPointExtension>
            <ns3:atemp>30.0</ns3:atemp>
            <ns3:hr>171</ns3:hr>
            <ns3:cad>87</ns3:cad>
          </ns3:TrackPointExtension>
        </extensions>
      </trkpt>
      <trkpt lat="30.90156954713165760040283203125" lon="121.75689783878624439239501953125">
        <ele>3.599999904632568359375</ele>
        <time>2026-09-06T13:42:12.000Z</time>
        <extensions>
          <ns3:TrackPointExtension>
            <ns3:atemp>30.0</ns3:atemp>
            <ns3:hr>171</ns3:hr>
            <ns3:cad>87</ns3:cad>
          </ns3:TrackPointExtension>
        </extensions>
      </trkpt>
      <trkpt lat="30.90156904421746730804443359375" lon="121.75692298449575901031494140625">
        <ele>3.599999904632568359375</ele>
        <time>2026-09-06T13:42:13.000Z</time>
        <extensions>
          <ns3:TrackPointExtension>
            <ns3:atemp>30.0</ns3:atemp>
            <ns3:hr>171</ns3:hr>
            <ns3:cad>88</ns3:cad>
          </ns3:TrackPointExtension>
        </extensions>
      </trkpt>
      <trkpt lat="30.90156988240778446197509765625" lon="121.75695567391812801361083984375">
        <ele>3.400000095367431640625</ele>
        <time>2026-09-06T13:42:14.000Z</time>
        <extensions>
          <ns3:TrackPointExtension>
            <ns3:atemp>30.0</ns3:atemp>
            <ns3:hr>171</ns3:hr>
            <ns3:cad>88</ns3:cad>
          </ns3:TrackPointExtension>
        </extensions>
      </trkpt>
      <trkpt lat="30.90156711637973785400390625" lon="121.75698501057922840118408203125">
        <ele>3.400000095367431640625</ele>
        <time>2026-09-06T13:42:15.000Z</time>
        <extensions>
          <ns3:TrackPointExtension>
            <ns3:atemp>30.0</ns3:atemp>
            <ns3:hr>172</ns3:hr>
            <ns3:cad>88</ns3:cad>
          </ns3:TrackPointExtension>
        </extensions>
      </trkpt>
      <trkpt lat="30.90156921185553073883056640625" lon="121.75701635889708995819091796875">
        <ele>3.400000095367431640625</ele>
        <time>2026-09-06T13:42:16.000Z</time>
        <extensions>
          <ns3:TrackPointExtension>
            <ns3:atemp>30.0</ns3:atemp>
            <ns3:hr>172</ns3:hr>
            <ns3:cad>87</ns3:cad>
          </ns3:TrackPointExtension>
        </extensions>
      </trkpt>
      <trkpt lat="30.90156770311295986175537109375" lon="121.75704686902463436126708984375">
        <ele>3.400000095367431640625</ele>
        <time>2026-09-06T13:42:17.000Z</time>
        <extensions>
          <ns3:TrackPointExtension>
            <ns3:atemp>30.0</ns3:atemp>
            <ns3:hr>172</ns3:hr>
            <ns3:cad>87</ns3:cad>
          </ns3:TrackPointExtension>
        </extensions>
      </trkpt>
      <trkpt lat="30.9015719778835773468017578125" lon="121.75707570277154445648193359375">
        <ele>3.400000095367431640625</ele>
        <time>2026-09-06T13:42:18.000Z</time>
        <extensions>
          <ns3:TrackPointExtension>
            <ns3:atemp>30.0</ns3:atemp>
            <ns3:hr>173</ns3:hr>
            <ns3:cad>87</ns3:cad>
          </ns3:TrackPointExtension>
        </extensions>
      </trkpt>
      <trkpt lat="30.9015733189880847930908203125" lon="121.7571093142032623291015625">
        <ele>3.400000095367431640625</ele>
        <time>2026-09-06T13:42:19.000Z</time>
        <extensions>
          <ns3:TrackPointExtension>
            <ns3:atemp>30.0</ns3:atemp>
            <ns3:hr>173</ns3:hr>
            <ns3:cad>88</ns3:cad>
          </ns3:TrackPointExtension>
        </extensions>
      </trkpt>
      <trkpt lat="30.90158061124384403228759765625" lon="121.7571326158940792083740234375">
        <ele>3.400000095367431640625</ele>
        <time>2026-09-06T13:42:20.000Z</time>
        <extensions>
          <ns3:TrackPointExtension>
            <ns3:atemp>30.0</ns3:atemp>
            <ns3:hr>173</ns3:hr>
            <ns3:cad>88</ns3:cad>
          </ns3:TrackPointExtension>
        </extensions>
      </trkpt>
      <trkpt lat="30.901582203805446624755859375" lon="121.7571648024022579193115234375">
        <ele>3.2000000476837158203125</ele>
        <time>2026-09-06T13:42:21.000Z</time>
        <extensions>
          <ns3:TrackPointExtension>
            <ns3:atemp>30.0</ns3:atemp>
            <ns3:hr>173</ns3:hr>
            <ns3:cad>88</ns3:cad>
          </ns3:TrackPointExtension>
        </extensions>
      </trkpt>
      <trkpt lat="30.90158723294734954833984375" lon="121.75718584097921848297119140625">
        <ele>3.2000000476837158203125</ele>
        <time>2026-09-06T13:42:22.000Z</time>
        <extensions>
          <ns3:TrackPointExtension>
            <ns3:atemp>30.0</ns3:atemp>
            <ns3:hr>174</ns3:hr>
            <ns3:cad>88</ns3:cad>
          </ns3:TrackPointExtension>
        </extensions>
      </trkpt>
      <trkpt lat="30.90158681385219097137451171875" lon="121.75721953622996807098388671875">
        <ele>3.2000000476837158203125</ele>
        <time>2026-09-06T13:42:23.000Z</time>
        <extensions>
          <ns3:TrackPointExtension>
            <ns3:atemp>30.0</ns3:atemp>
            <ns3:hr>174</ns3:hr>
            <ns3:cad>88</ns3:cad>
          </ns3:TrackPointExtension>
        </extensions>
      </trkpt>
      <trkpt lat="30.90158681385219097137451171875" lon="121.75724032334983348846435546875">
        <ele>3</ele>
        <time>2026-09-06T13:42:24.000Z</time>
        <extensions>
          <ns3:TrackPointExtension>
            <ns3:atemp>30.0</ns3:atemp>
            <ns3:hr>174</ns3:hr>
            <ns3:cad>88</ns3:cad>
          </ns3:TrackPointExtension>
        </extensions>
      </trkpt>
      <trkpt lat="30.90158899314701557159423828125" lon="121.757273934781551361083984375">
        <ele>3</ele>
        <time>2026-09-06T13:42:25.000Z</time>
        <extensions>
          <ns3:TrackPointExtension>
            <ns3:atemp>30.0</ns3:atemp>
            <ns3:hr>174</ns3:hr>
            <ns3:cad>88</ns3:cad>
          </ns3:TrackPointExtension>
        </extensions>
      </trkpt>
      <trkpt lat="30.90158966369926929473876953125" lon="121.7572965659201145172119140625">
        <ele>3</ele>
        <time>2026-09-06T13:42:26.000Z</time>
        <extensions>
          <ns3:TrackPointExtension>
            <ns3:atemp>30.0</ns3:atemp>
            <ns3:hr>173</ns3:hr>
            <ns3:cad>87</ns3:cad>
          </ns3:TrackPointExtension>
        </extensions>
      </trkpt>
      <trkpt lat="30.901593603193759918212890625" lon="121.7573280818760395050048828125">
        <ele>2.7999999523162841796875</ele>
        <time>2026-09-06T13:42:27.000Z</time>
        <extensions>
          <ns3:TrackPointExtension>
            <ns3:atemp>30.0</ns3:atemp>
            <ns3:hr>174</ns3:hr>
            <ns3:cad>87</ns3:cad>
          </ns3:TrackPointExtension>
        </extensions>
      </trkpt>
      <trkpt lat="30.90159737505018711090087890625" lon="121.75735414959490299224853515625">
        <ele>3</ele>
        <time>2026-09-06T13:42:28.000Z</time>
        <extensions>
          <ns3:TrackPointExtension>
            <ns3:atemp>30.0</ns3:atemp>
            <ns3:hr>173</ns3:hr>
            <ns3:cad>87</ns3:cad>
          </ns3:TrackPointExtension>
        </extensions>
      </trkpt>
      <trkpt lat="30.90160324238240718841552734375" lon="121.75738667137920856475830078125">
        <ele>3</ele>
        <time>2026-09-06T13:42:29.000Z</time>
        <extensions>
          <ns3:TrackPointExtension>
            <ns3:atemp>30.0</ns3:atemp>
            <ns3:hr>173</ns3:hr>
            <ns3:cad>88</ns3:cad>
          </ns3:TrackPointExtension>
        </extensions>
      </trkpt>
      <trkpt lat="30.90160441584885120391845703125" lon="121.75741433165967464447021484375">
        <ele>2.7999999523162841796875</ele>
        <time>2026-09-06T13:42:30.000Z</time>
        <extensions>
          <ns3:TrackPointExtension>
            <ns3:atemp>30.0</ns3:atemp>
            <ns3:hr>173</ns3:hr>
            <ns3:cad>88</ns3:cad>
          </ns3:TrackPointExtension>
        </extensions>
      </trkpt>
      <trkpt lat="30.9016071818768978118896484375" lon="121.757446937263011932373046875">
        <ele>2.7999999523162841796875</ele>
        <time>2026-09-06T13:42:31.000Z</time>
        <extensions>
          <ns3:TrackPointExtension>
            <ns3:atemp>30.0</ns3:atemp>
            <ns3:hr>173</ns3:hr>
            <ns3:cad>88</ns3:cad>
          </ns3:TrackPointExtension>
        </extensions>
      </trkpt>
      <trkpt lat="30.90161003172397613525390625" lon="121.7574786208570003509521484375">
        <ele>2.7999999523162841796875</ele>
        <time>2026-09-06T13:42:32.000Z</time>
        <extensions>
          <ns3:TrackPointExtension>
            <ns3:atemp>30.0</ns3:atemp>
            <ns3:hr>173</ns3:hr>
            <ns3:cad>87</ns3:cad>
          </ns3:TrackPointExtension>
        </extensions>
      </trkpt>
      <trkpt lat="30.9016142226755619049072265625" lon="121.757509969174861907958984375">
        <ele>2.7999999523162841796875</ele>
        <time>2026-09-06T13:42:33.000Z</time>
        <extensions>
          <ns3:TrackPointExtension>
            <ns3:atemp>30.0</ns3:atemp>
            <ns3:hr>173</ns3:hr>
            <ns3:cad>87</ns3:cad>
          </ns3:TrackPointExtension>
        </extensions>
      </trkpt>
      <trkpt lat="30.90161598287522792816162109375" lon="121.75754039548337459564208984375">
        <ele>2.7999999523162841796875</ele>
        <time>2026-09-06T13:42:34.000Z</time>
        <extensions>
          <ns3:TrackPointExtension>
            <ns3:atemp>30.0</ns3:atemp>
            <ns3:hr>173</ns3:hr>
            <ns3:cad>89</ns3:cad>
          </ns3:TrackPointExtension>
        </extensions>
      </trkpt>
      <trkpt lat="30.90161832980811595916748046875" lon="121.7575681395828723907470703125">
        <ele>3</ele>
        <time>2026-09-06T13:42:35.000Z</time>
        <extensions>
          <ns3:TrackPointExtension>
            <ns3:atemp>30.0</ns3:atemp>
            <ns3:hr>173</ns3:hr>
            <ns3:cad>89</ns3:cad>
          </ns3:TrackPointExtension>
        </extensions>
      </trkpt>
      <trkpt lat="30.90161648578941822052001953125" lon="121.75759756006300449371337890625">
        <ele>2.7999999523162841796875</ele>
        <time>2026-09-06T13:42:36.000Z</time>
        <extensions>
          <ns3:TrackPointExtension>
            <ns3:atemp>30.0</ns3:atemp>
            <ns3:hr>173</ns3:hr>
            <ns3:cad>89</ns3:cad>
          </ns3:TrackPointExtension>
        </extensions>
      </trkpt>
      <trkpt lat="30.90162017382681369781494140625" lon="121.75762270577251911163330078125">
        <ele>2.7999999523162841796875</ele>
        <time>2026-09-06T13:42:37.000Z</time>
        <extensions>
          <ns3:TrackPointExtension>
            <ns3:atemp>30.0</ns3:atemp>
            <ns3:hr>172</ns3:hr>
            <ns3:cad>89</ns3:cad>
          </ns3:TrackPointExtension>
        </extensions>
      </trkpt>
      <trkpt lat="30.9016160666942596435546875" lon="121.75765589810907840728759765625">
        <ele>2.7999999523162841796875</ele>
        <time>2026-09-06T13:42:38.000Z</time>
        <extensions>
          <ns3:TrackPointExtension>
            <ns3:atemp>30.0</ns3:atemp>
            <ns3:hr>172</ns3:hr>
            <ns3:cad>88</ns3:cad>
          </ns3:TrackPointExtension>
        </extensions>
      </trkpt>
      <trkpt lat="30.90161480940878391265869140625" lon="121.757678277790546417236328125">
        <ele>2.7999999523162841796875</ele>
        <time>2026-09-06T13:42:39.000Z</time>
        <extensions>
          <ns3:TrackPointExtension>
            <ns3:atemp>30.0</ns3:atemp>
            <ns3:hr>172</ns3:hr>
            <ns3:cad>88</ns3:cad>
          </ns3:TrackPointExtension>
        </extensions>
      </trkpt>
      <trkpt lat="30.90161145664751529693603515625" lon="121.75771390087902545928955078125">
        <ele>2.7999999523162841796875</ele>
        <time>2026-09-06T13:42:40.000Z</time>
        <extensions>
          <ns3:TrackPointExtension>
            <ns3:atemp>30.0</ns3:atemp>
            <ns3:hr>173</ns3:hr>
            <ns3:cad>89</ns3:cad>
          </ns3:TrackPointExtension>
        </extensions>
      </trkpt>
      <trkpt lat="30.9016128815710544586181640625" lon="121.7577381245791912078857421875">
        <ele>2.7999999523162841796875</ele>
        <time>2026-09-06T13:42:41.000Z</time>
        <extensions>
          <ns3:TrackPointExtension>
            <ns3:atemp>30.0</ns3:atemp>
            <ns3:hr>172</ns3:hr>
            <ns3:cad>89</ns3:cad>
          </ns3:TrackPointExtension>
        </extensions>
      </trkpt>
      <trkpt lat="30.90161271393299102783203125" lon="121.7577750049531459808349609375">
        <ele>2.7999999523162841796875</ele>
        <time>2026-09-06T13:42:42.000Z</time>
        <extensions>
          <ns3:TrackPointExtension>
            <ns3:atemp>30.0</ns3:atemp>
            <ns3:hr>172</ns3:hr>
            <ns3:cad>88</ns3:cad>
          </ns3:TrackPointExtension>
        </extensions>
      </trkpt>
      <trkpt lat="30.9016142226755619049072265625" lon="121.7577988095581531524658203125">
        <ele>2.7999999523162841796875</ele>
        <time>2026-09-06T13:42:43.000Z</time>
        <extensions>
          <ns3:TrackPointExtension>
            <ns3:atemp>30.0</ns3:atemp>
            <ns3:hr>173</ns3:hr>
            <ns3:cad>88</ns3:cad>
          </ns3:TrackPointExtension>
        </extensions>
      </trkpt>
      <trkpt lat="30.90161271393299102783203125" lon="121.75783493556082248687744140625">
        <ele>2.7999999523162841796875</ele>
        <time>2026-09-06T13:42:44.000Z</time>
        <extensions>
          <ns3:TrackPointExtension>
            <ns3:atemp>30.0</ns3:atemp>
            <ns3:hr>172</ns3:hr>
            <ns3:cad>87</ns3:cad>
          </ns3:TrackPointExtension>
        </extensions>
      </trkpt>
      <trkpt lat="30.90161581523716449737548828125" lon="121.7578615061938762664794921875">
        <ele>2.7999999523162841796875</ele>
        <time>2026-09-06T13:42:45.000Z</time>
        <extensions>
          <ns3:TrackPointExtension>
            <ns3:atemp>30.0</ns3:atemp>
            <ns3:hr>172</ns3:hr>
            <ns3:cad>87</ns3:cad>
          </ns3:TrackPointExtension>
        </extensions>
      </trkpt>
      <trkpt lat="30.90161514468491077423095703125" lon="121.75789847038686275482177734375">
        <ele>2.7999999523162841796875</ele>
        <time>2026-09-06T13:42:46.000Z</time>
        <extensions>
          <ns3:TrackPointExtension>
            <ns3:atemp>30.0</ns3:atemp>
            <ns3:hr>172</ns3:hr>
            <ns3:cad>89</ns3:cad>
          </ns3:TrackPointExtension>
        </extensions>
      </trkpt>
      <trkpt lat="30.9016112051904201507568359375" lon="121.7579242028295993804931640625">
        <ele>2.7999999523162841796875</ele>
        <time>2026-09-06T13:42:47.000Z</time>
        <extensions>
          <ns3:TrackPointExtension>
            <ns3:atemp>30.0</ns3:atemp>
            <ns3:hr>173</ns3:hr>
            <ns3:cad>89</ns3:cad>
          </ns3:TrackPointExtension>
        </extensions>
      </trkpt>
      <trkpt lat="30.9016095288097858428955078125" lon="121.75795848481357097625732421875">
        <ele>2.7999999523162841796875</ele>
        <time>2026-09-06T13:42:48.000Z</time>
        <extensions>
          <ns3:TrackPointExtension>
            <ns3:atemp>30.0</ns3:atemp>
            <ns3:hr>172</ns3:hr>
            <ns3:cad>88</ns3:cad>
          </ns3:TrackPointExtension>
        </extensions>
      </trkpt>
      <trkpt lat="30.9016041643917560577392578125" lon="121.75798614509403705596923828125">
        <ele>2.7999999523162841796875</ele>
        <time>2026-09-06T13:42:49.000Z</time>
        <extensions>
          <ns3:TrackPointExtension>
            <ns3:atemp>30.0</ns3:atemp>
            <ns3:hr>172</ns3:hr>
            <ns3:cad>88</ns3:cad>
          </ns3:TrackPointExtension>
        </extensions>
      </trkpt>
      <trkpt lat="30.90160391293466091156005859375" lon="121.75801112316548824310302734375">
        <ele>2.599999904632568359375</ele>
        <time>2026-09-06T13:42:50.000Z</time>
        <extensions>
          <ns3:TrackPointExtension>
            <ns3:atemp>30.0</ns3:atemp>
            <ns3:hr>172</ns3:hr>
            <ns3:cad>88</ns3:cad>
          </ns3:TrackPointExtension>
        </extensions>
      </trkpt>
      <trkpt lat="30.901600308716297149658203125" lon="121.75804196856915950775146484375">
        <ele>2.7999999523162841796875</ele>
        <time>2026-09-06T13:42:51.000Z</time>
        <extensions>
          <ns3:TrackPointExtension>
            <ns3:atemp>30.0</ns3:atemp>
            <ns3:hr>172</ns3:hr>
            <ns3:cad>89</ns3:cad>
          </ns3:TrackPointExtension>
        </extensions>
      </trkpt>
      <trkpt lat="30.90160609222948551177978515625" lon="121.7580697126686573028564453125">
        <ele>2.7999999523162841796875</ele>
        <time>2026-09-06T13:42:52.000Z</time>
        <extensions>
          <ns3:TrackPointExtension>
            <ns3:atemp>30.0</ns3:atemp>
            <ns3:hr>173</ns3:hr>
            <ns3:cad>89</ns3:cad>
          </ns3:TrackPointExtension>
        </extensions>
      </trkpt>
      <trkpt lat="30.90160676278173923492431640625" lon="121.75810131244361400604248046875">
        <ele>2.599999904632568359375</ele>
        <time>2026-09-06T13:42:53.000Z</time>
        <extensions>
          <ns3:TrackPointExtension>
            <ns3:atemp>30.0</ns3:atemp>
            <ns3:hr>172</ns3:hr>
            <ns3:cad>88</ns3:cad>
          </ns3:TrackPointExtension>
        </extensions>
      </trkpt>
      <trkpt lat="30.9016061760485172271728515625" lon="121.7581236921250820159912109375">
        <ele>2.7999999523162841796875</ele>
        <time>2026-09-06T13:42:54.000Z</time>
        <extensions>
          <ns3:TrackPointExtension>
            <ns3:atemp>30.0</ns3:atemp>
            <ns3:hr>172</ns3:hr>
            <ns3:cad>87</ns3:cad>
          </ns3:TrackPointExtension>
        </extensions>
      </trkpt>
      <trkpt lat="30.90160600841045379638671875" lon="121.7581592313945293426513671875">
        <ele>2.7999999523162841796875</ele>
        <time>2026-09-06T13:42:55.000Z</time>
        <extensions>
          <ns3:TrackPointExtension>
            <ns3:atemp>30.0</ns3:atemp>
            <ns3:hr>173</ns3:hr>
            <ns3:cad>87</ns3:cad>
          </ns3:TrackPointExtension>
        </extensions>
      </trkpt>
      <trkpt lat="30.9016101993620395660400390625" lon="121.7581796832382678985595703125">
        <ele>2.599999904632568359375</ele>
        <time>2026-09-06T13:42:56.000Z</time>
        <extensions>
          <ns3:TrackPointExtension>
            <ns3:atemp>30.0</ns3:atemp>
            <ns3:hr>173</ns3:hr>
            <ns3:cad>87</ns3:cad>
          </ns3:TrackPointExtension>
        </extensions>
      </trkpt>
      <trkpt lat="30.90161229483783245086669921875" lon="121.75821128301322460174560546875">
        <ele>2.599999904632568359375</ele>
        <time>2026-09-06T13:42:57.000Z</time>
        <extensions>
          <ns3:TrackPointExtension>
            <ns3:atemp>30.0</ns3:atemp>
            <ns3:hr>173</ns3:hr>
            <ns3:cad>88</ns3:cad>
          </ns3:TrackPointExtension>
        </extensions>
      </trkpt>
      <trkpt lat="30.90161330066621303558349609375" lon="121.75823651254177093505859375">
        <ele>2.599999904632568359375</ele>
        <time>2026-09-06T13:42:58.000Z</time>
        <extensions>
          <ns3:TrackPointExtension>
            <ns3:atemp>30.0</ns3:atemp>
            <ns3:hr>173</ns3:hr>
            <ns3:cad>88</ns3:cad>
          </ns3:TrackPointExtension>
        </extensions>
      </trkpt>
      <trkpt lat="30.901614390313625335693359375" lon="121.75826811231672763824462890625">
        <ele>2.599999904632568359375</ele>
        <time>2026-09-06T13:42:59.000Z</time>
        <extensions>
          <ns3:TrackPointExtension>
            <ns3:atemp>30.0</ns3:atemp>
            <ns3:hr>173</ns3:hr>
            <ns3:cad>87</ns3:cad>
          </ns3:TrackPointExtension>
        </extensions>
      </trkpt>
      <trkpt lat="30.901614725589752197265625" lon="121.75829627551138401031494140625">
        <ele>2.599999904632568359375</ele>
        <time>2026-09-06T13:43:00.000Z</time>
        <extensions>
          <ns3:TrackPointExtension>
            <ns3:atemp>30.0</ns3:atemp>
            <ns3:hr>173</ns3:hr>
            <ns3:cad>87</ns3:cad>
          </ns3:TrackPointExtension>
        </extensions>
      </trkpt>
      <trkpt lat="30.901618413627147674560546875" lon="121.75833030603826045989990234375">
        <ele>2.599999904632568359375</ele>
        <time>2026-09-06T13:43:01.000Z</time>
        <extensions>
          <ns3:TrackPointExtension>
            <ns3:atemp>30.0</ns3:atemp>
            <ns3:hr>173</ns3:hr>
            <ns3:cad>87</ns3:cad>
          </ns3:TrackPointExtension>
        </extensions>
      </trkpt>
      <trkpt lat="30.90162117965519428253173828125" lon="121.75836123526096343994140625">
        <ele>2.599999904632568359375</ele>
        <time>2026-09-06T13:43:02.000Z</time>
        <extensions>
          <ns3:TrackPointExtension>
            <ns3:atemp>30.0</ns3:atemp>
            <ns3:hr>173</ns3:hr>
            <ns3:cad>87</ns3:cad>
          </ns3:TrackPointExtension>
        </extensions>
      </trkpt>
      <trkpt lat="30.9016241133213043212890625" lon="121.75839065574109554290771484375">
        <ele>2.599999904632568359375</ele>
        <time>2026-09-06T13:43:03.000Z</time>
        <extensions>
          <ns3:TrackPointExtension>
            <ns3:atemp>30.0</ns3:atemp>
            <ns3:hr>172</ns3:hr>
            <ns3:cad>88</ns3:cad>
          </ns3:TrackPointExtension>
        </extensions>
      </trkpt>
      <trkpt lat="30.90162537060678005218505859375" lon="121.7584170587360858917236328125">
        <ele>2.599999904632568359375</ele>
        <time>2026-09-06T13:43:04.000Z</time>
        <extensions>
          <ns3:TrackPointExtension>
            <ns3:atemp>30.0</ns3:atemp>
            <ns3:hr>173</ns3:hr>
            <ns3:cad>88</ns3:cad>
          </ns3:TrackPointExtension>
        </extensions>
      </trkpt>
      <trkpt lat="30.90162880718708038330078125" lon="121.7584445513784885406494140625">
        <ele>2.599999904632568359375</ele>
        <time>2026-09-06T13:43:05.000Z</time>
        <extensions>
          <ns3:TrackPointExtension>
            <ns3:atemp>30.0</ns3:atemp>
            <ns3:hr>173</ns3:hr>
            <ns3:cad>88</ns3:cad>
          </ns3:TrackPointExtension>
        </extensions>
      </trkpt>
      <trkpt lat="30.90163417160511016845703125" lon="121.75847045145928859710693359375">
        <ele>2.599999904632568359375</ele>
        <time>2026-09-06T13:43:06.000Z</time>
        <extensions>
          <ns3:TrackPointExtension>
            <ns3:atemp>30.0</ns3:atemp>
            <ns3:hr>173</ns3:hr>
            <ns3:cad>88</ns3:cad>
          </ns3:TrackPointExtension>
        </extensions>
      </trkpt>
      <trkpt lat="30.9016383625566959381103515625" lon="121.75849542953073978424072265625">
        <ele>2.599999904632568359375</ele>
        <time>2026-09-06T13:43:07.000Z</time>
        <extensions>
          <ns3:TrackPointExtension>
            <ns3:atemp>30.0</ns3:atemp>
            <ns3:hr>172</ns3:hr>
            <ns3:cad>88</ns3:cad>
          </ns3:TrackPointExtension>
        </extensions>
      </trkpt>
      <trkpt lat="30.901639871299266815185546875" lon="121.75853096880018711090087890625">
        <ele>2.599999904632568359375</ele>
        <time>2026-09-06T13:43:08.000Z</time>
        <extensions>
          <ns3:TrackPointExtension>
            <ns3:atemp>30.0</ns3:atemp>
            <ns3:hr>172</ns3:hr>
            <ns3:cad>88</ns3:cad>
          </ns3:TrackPointExtension>
        </extensions>
      </trkpt>
      <trkpt lat="30.90164221823215484619140625" lon="121.75855326466262340545654296875">
        <ele>2.599999904632568359375</ele>
        <time>2026-09-06T13:43:09.000Z</time>
        <extensions>
          <ns3:TrackPointExtension>
            <ns3:atemp>30.0</ns3:atemp>
            <ns3:hr>172</ns3:hr>
            <ns3:cad>87</ns3:cad>
          </ns3:TrackPointExtension>
        </extensions>
      </trkpt>
      <trkpt lat="30.9016420505940914154052734375" lon="121.75858729518949985504150390625">
        <ele>2.599999904632568359375</ele>
        <time>2026-09-06T13:43:10.000Z</time>
        <extensions>
          <ns3:TrackPointExtension>
            <ns3:atemp>30.0</ns3:atemp>
            <ns3:hr>172</ns3:hr>
            <ns3:cad>87</ns3:cad>
          </ns3:TrackPointExtension>
        </extensions>
      </trkpt>
      <trkpt lat="30.90163995511829853057861328125" lon="121.75861495546996593475341796875">
        <ele>2.599999904632568359375</ele>
        <time>2026-09-06T13:43:11.000Z</time>
        <extensions>
          <ns3:TrackPointExtension>
            <ns3:atemp>30.0</ns3:atemp>
            <ns3:hr>173</ns3:hr>
            <ns3:cad>87</ns3:cad>
          </ns3:TrackPointExtension>
        </extensions>
      </trkpt>
      <trkpt lat="30.90164213441312313079833984375" lon="121.7586346529424190521240234375">
        <ele>2.599999904632568359375</ele>
        <time>2026-09-06T13:43:12.000Z</time>
        <extensions>
          <ns3:TrackPointExtension>
            <ns3:atemp>30.0</ns3:atemp>
            <ns3:hr>172</ns3:hr>
            <ns3:cad>87</ns3:cad>
          </ns3:TrackPointExtension>
        </extensions>
      </trkpt>
      <trkpt lat="30.90164087712764739990234375" lon="121.75864295102655887603759765625">
        <ele>2.400000095367431640625</ele>
        <time>2026-09-06T13:43:13.000Z</time>
        <extensions>
          <ns3:TrackPointExtension>
            <ns3:atemp>30.0</ns3:atemp>
            <ns3:hr>172</ns3:hr>
            <ns3:cad>87</ns3:cad>
          </ns3:TrackPointExtension>
        </extensions>
      </trkpt>
      <trkpt lat="30.90164029039442539215087890625" lon="121.75864865072071552276611328125">
        <ele>2.400000095367431640625</ele>
        <time>2026-09-06T13:43:14.000Z</time>
        <extensions>
          <ns3:TrackPointExtension>
            <ns3:atemp>30.0</ns3:atemp>
            <ns3:hr>171</ns3:hr>
            <ns3:cad>86</ns3:cad>
          </ns3:TrackPointExtension>
        </extensions>
      </trkpt>
      <trkpt lat="30.9016403742134571075439453125" lon="121.75864932127296924591064453125">
        <ele>2.400000095367431640625</ele>
        <time>2026-09-06T13:43:15.000Z</time>
        <extensions>
          <ns3:TrackPointExtension>
            <ns3:atemp>30.0</ns3:atemp>
            <ns3:hr>171</ns3:hr>
            <ns3:cad>84</ns3:cad>
          </ns3:TrackPointExtension>
        </extensions>
      </trkpt>
      <trkpt lat="30.90163928456604480743408203125" lon="121.75865569151937961578369140625">
        <ele>2.400000095367431640625</ele>
        <time>2026-09-06T13:43:16.000Z</time>
        <extensions>
          <ns3:TrackPointExtension>
            <ns3:atemp>30.0</ns3:atemp>
            <ns3:hr>171</ns3:hr>
            <ns3:cad>0</ns3:cad>
          </ns3:TrackPointExtension>
        </extensions>
      </trkpt>
      <trkpt lat="30.901635847985744476318359375" lon="121.7586597986519336700439453125">
        <ele>2.2000000476837158203125</ele>
        <time>2026-09-06T13:43:17.000Z</time>
        <extensions>
          <ns3:TrackPointExtension>
            <ns3:atemp>30.0</ns3:atemp>
            <ns3:hr>172</ns3:hr>
            <ns3:cad>81</ns3:cad>
          </ns3:TrackPointExtension>
        </extensions>
      </trkpt>
      <trkpt lat="30.90163375250995159149169921875" lon="121.7586611397564411163330078125">
        <ele>2.2000000476837158203125</ele>
        <time>2026-09-06T13:43:18.000Z</time>
        <extensions>
          <ns3:TrackPointExtension>
            <ns3:atemp>30.0</ns3:atemp>
            <ns3:hr>172</ns3:hr>
            <ns3:cad>0</ns3:cad>
          </ns3:TrackPointExtension>
        </extensions>
      </trkpt>
      <trkpt lat="30.901633836328983306884765625" lon="121.7586611397564411163330078125">
        <ele>2.2000000476837158203125</ele>
        <time>2026-09-06T13:43:19.000Z</time>
        <extensions>
          <ns3:TrackPointExtension>
            <ns3:atemp>30.0</ns3:atemp>
            <ns3:hr>172</ns3:hr>
            <ns3:cad>0</ns3:cad>
          </ns3:TrackPointExtension>
        </extensions>
      </trkpt>
      <trkpt lat="30.901633836328983306884765625" lon="121.7586611397564411163330078125">
        <ele>2.400000095367431640625</ele>
        <time>2026-09-06T13:43:20.000Z</time>
        <extensions>
          <ns3:TrackPointExtension>
            <ns3:atemp>30.0</ns3:atemp>
            <ns3:hr>171</ns3:hr>
            <ns3:cad>0</ns3:cad>
          </ns3:TrackPointExtension>
        </extensions>
      </trkpt>
      <trkpt lat="30.901633836328983306884765625" lon="121.7586611397564411163330078125">
        <ele>2.400000095367431640625</ele>
        <time>2026-09-06T13:43:21.000Z</time>
        <extensions>
          <ns3:TrackPointExtension>
            <ns3:atemp>30.0</ns3:atemp>
            <ns3:hr>171</ns3:hr>
            <ns3:cad>0</ns3:cad>
          </ns3:TrackPointExtension>
        </extensions>
      </trkpt>
      <trkpt lat="30.901633836328983306884765625" lon="121.7586611397564411163330078125">
        <ele>2.400000095367431640625</ele>
        <time>2026-09-06T13:43:22.000Z</time>
        <extensions>
          <ns3:TrackPointExtension>
            <ns3:atemp>30.0</ns3:atemp>
            <ns3:hr>170</ns3:hr>
            <ns3:cad>0</ns3:cad>
          </ns3:TrackPointExtension>
        </extensions>
      </trkpt>
      <trkpt lat="30.901633836328983306884765625" lon="121.7586611397564411163330078125">
        <ele>2.400000095367431640625</ele>
        <time>2026-09-06T13:43:23.000Z</time>
        <extensions>
          <ns3:TrackPointExtension>
            <ns3:atemp>30.0</ns3:atemp>
            <ns3:hr>168</ns3:hr>
            <ns3:cad>0</ns3:cad>
          </ns3:TrackPointExtension>
        </extensions>
      </trkpt>
      <trkpt lat="30.901633836328983306884765625" lon="121.7586611397564411163330078125">
        <ele>2.400000095367431640625</ele>
        <time>2026-09-06T13:43:24.000Z</time>
        <extensions>
          <ns3:TrackPointExtension>
            <ns3:atemp>30.0</ns3:atemp>
            <ns3:hr>167</ns3:hr>
            <ns3:cad>0</ns3:cad>
          </ns3:TrackPointExtension>
        </extensions>
      </trkpt>
      <trkpt lat="30.901633836328983306884765625" lon="121.7586611397564411163330078125">
        <ele>2.2000000476837158203125</ele>
        <time>2026-09-06T13:43:25.000Z</time>
        <extensions>
          <ns3:TrackPointExtension>
            <ns3:atemp>30.0</ns3:atemp>
            <ns3:hr>167</ns3:hr>
            <ns3:cad>0</ns3:cad>
          </ns3:TrackPointExtension>
        </extensions>
      </trkpt>
      <trkpt lat="30.901633836328983306884765625" lon="121.7586611397564411163330078125">
        <ele>2.2000000476837158203125</ele>
        <time>2026-09-06T13:43:26.000Z</time>
        <extensions>
          <ns3:TrackPointExtension>
            <ns3:atemp>30.0</ns3:atemp>
            <ns3:hr>166</ns3:hr>
            <ns3:cad>0</ns3:cad>
          </ns3:TrackPointExtension>
        </extensions>
      </trkpt>
      <trkpt lat="30.901633836328983306884765625" lon="121.7586611397564411163330078125">
        <ele>2.400000095367431640625</ele>
        <time>2026-09-06T13:43:27.000Z</time>
        <extensions>
          <ns3:TrackPointExtension>
            <ns3:atemp>30.0</ns3:atemp>
            <ns3:hr>165</ns3:hr>
            <ns3:cad>0</ns3:cad>
          </ns3:TrackPointExtension>
        </extensions>
      </trkpt>
      <trkpt lat="30.901633836328983306884765625" lon="121.7586611397564411163330078125">
        <ele>2.599999904632568359375</ele>
        <time>2026-09-06T13:43:28.000Z</time>
        <extensions>
          <ns3:TrackPointExtension>
            <ns3:atemp>30.0</ns3:atemp>
            <ns3:hr>165</ns3:hr>
            <ns3:cad>0</ns3:cad>
          </ns3:TrackPointExtension>
        </extensions>
      </trkpt>
      <trkpt lat="30.901633836328983306884765625" lon="121.7586611397564411163330078125">
        <ele>2.599999904632568359375</ele>
        <time>2026-09-06T13:43:29.000Z</time>
        <extensions>
          <ns3:TrackPointExtension>
            <ns3:atemp>30.0</ns3:atemp>
            <ns3:hr>165</ns3:hr>
            <ns3:cad>0</ns3:cad>
          </ns3:TrackPointExtension>
        </extensions>
      </trkpt>
      <trkpt lat="30.901633836328983306884765625" lon="121.7586611397564411163330078125">
        <ele>2.599999904632568359375</ele>
        <time>2026-09-06T13:43:30.000Z</time>
        <extensions>
          <ns3:TrackPointExtension>
            <ns3:atemp>30.0</ns3:atemp>
            <ns3:hr>164</ns3:hr>
            <ns3:cad>0</ns3:cad>
          </ns3:TrackPointExtension>
        </extensions>
      </trkpt>
      <trkpt lat="30.901633836328983306884765625" lon="121.7586611397564411163330078125">
        <ele>2.599999904632568359375</ele>
        <time>2026-09-06T13:43:31.000Z</time>
        <extensions>
          <ns3:TrackPointExtension>
            <ns3:atemp>30.0</ns3:atemp>
            <ns3:hr>163</ns3:hr>
            <ns3:cad>0</ns3:cad>
          </ns3:TrackPointExtension>
        </extensions>
      </trkpt>
      <trkpt lat="30.901633836328983306884765625" lon="121.7586611397564411163330078125">
        <ele>2.599999904632568359375</ele>
        <time>2026-09-06T13:43:32.000Z</time>
        <extensions>
          <ns3:TrackPointExtension>
            <ns3:atemp>30.0</ns3:atemp>
            <ns3:hr>162</ns3:hr>
            <ns3:cad>0</ns3:cad>
          </ns3:TrackPointExtension>
        </extensions>
      </trkpt>
      <trkpt lat="30.901633836328983306884765625" lon="121.7586611397564411163330078125">
        <ele>2.599999904632568359375</ele>
        <time>2026-09-06T13:43:33.000Z</time>
        <extensions>
          <ns3:TrackPointExtension>
            <ns3:atemp>30.0</ns3:atemp>
            <ns3:hr>162</ns3:hr>
            <ns3:cad>0</ns3:cad>
          </ns3:TrackPointExtension>
        </extensions>
      </trkpt>
      <trkpt lat="30.901633836328983306884765625" lon="121.7586611397564411163330078125">
        <ele>2.599999904632568359375</ele>
        <time>2026-09-06T13:43:34.000Z</time>
        <extensions>
          <ns3:TrackPointExtension>
            <ns3:atemp>30.0</ns3:atemp>
            <ns3:hr>161</ns3:hr>
            <ns3:cad>0</ns3:cad>
          </ns3:TrackPointExtension>
        </extensions>
      </trkpt>
      <trkpt lat="30.901633836328983306884765625" lon="121.7586611397564411163330078125">
        <ele>2.599999904632568359375</ele>
        <time>2026-09-06T13:43:35.000Z</time>
        <extensions>
          <ns3:TrackPointExtension>
            <ns3:atemp>30.0</ns3:atemp>
            <ns3:hr>161</ns3:hr>
            <ns3:cad>0</ns3:cad>
          </ns3:TrackPointExtension>
        </extensions>
      </trkpt>
      <trkpt lat="30.901633836328983306884765625" lon="121.7586611397564411163330078125">
        <ele>2.599999904632568359375</ele>
        <time>2026-09-06T13:43:36.000Z</time>
        <extensions>
          <ns3:TrackPointExtension>
            <ns3:atemp>30.0</ns3:atemp>
            <ns3:hr>160</ns3:hr>
            <ns3:cad>0</ns3:cad>
          </ns3:TrackPointExtension>
        </extensions>
      </trkpt>
      <trkpt lat="30.90163744054734706878662109375" lon="121.758661307394504547119140625">
        <ele>2.599999904632568359375</ele>
        <time>2026-09-06T13:43:37.000Z</time>
        <extensions>
          <ns3:TrackPointExtension>
            <ns3:atemp>30.0</ns3:atemp>
            <ns3:hr>158</ns3:hr>
            <ns3:cad>0</ns3:cad>
          </ns3:TrackPointExtension>
        </extensions>
      </trkpt>
      <trkpt lat="30.901651270687580108642578125" lon="121.7586623132228851318359375">
        <ele>2.599999904632568359375</ele>
        <time>2026-09-06T13:43:38.000Z</time>
        <extensions>
          <ns3:TrackPointExtension>
            <ns3:atemp>30.0</ns3:atemp>
            <ns3:hr>157</ns3:hr>
            <ns3:cad>0</ns3:cad>
          </ns3:TrackPointExtension>
        </extensions>
      </trkpt>
      <trkpt lat="30.90166744776070117950439453125" lon="121.75865954719483852386474609375">
        <ele>2.599999904632568359375</ele>
        <time>2026-09-06T13:43:39.000Z</time>
        <extensions>
          <ns3:TrackPointExtension>
            <ns3:atemp>30.0</ns3:atemp>
            <ns3:hr>156</ns3:hr>
            <ns3:cad>0</ns3:cad>
          </ns3:TrackPointExtension>
        </extensions>
      </trkpt>
      <trkpt lat="30.9016836248338222503662109375" lon="121.7586515843868255615234375">
        <ele>2.599999904632568359375</ele>
        <time>2026-09-06T13:43:40.000Z</time>
        <extensions>
          <ns3:TrackPointExtension>
            <ns3:atemp>30.0</ns3:atemp>
            <ns3:hr>154</ns3:hr>
            <ns3:cad>0</ns3:cad>
          </ns3:TrackPointExtension>
        </extensions>
      </trkpt>
      <trkpt lat="30.9017099440097808837890625" lon="121.7586524225771427154541015625">
        <ele>2.599999904632568359375</ele>
        <time>2026-09-06T13:43:41.000Z</time>
        <extensions>
          <ns3:TrackPointExtension>
            <ns3:atemp>30.0</ns3:atemp>
            <ns3:hr>154</ns3:hr>
            <ns3:cad>0</ns3:cad>
          </ns3:TrackPointExtension>
        </extensions>
      </trkpt>
      <trkpt lat="30.9017287194728851318359375" lon="121.75864529795944690704345703125">
        <ele>2.599999904632568359375</ele>
        <time>2026-09-06T13:43:42.000Z</time>
        <extensions>
          <ns3:TrackPointExtension>
            <ns3:atemp>30.0</ns3:atemp>
            <ns3:hr>153</ns3:hr>
            <ns3:cad>0</ns3:cad>
          </ns3:TrackPointExtension>
        </extensions>
      </trkpt>
      <trkpt lat="30.90176451019942760467529296875" lon="121.75864244811236858367919921875">
        <ele>2.599999904632568359375</ele>
        <time>2026-09-06T13:43:43.000Z</time>
        <extensions>
          <ns3:TrackPointExtension>
            <ns3:atemp>30.0</ns3:atemp>
            <ns3:hr>153</ns3:hr>
            <ns3:cad>0</ns3:cad>
          </ns3:TrackPointExtension>
        </extensions>
      </trkpt>
      <trkpt lat="30.90178445912897586822509765625" lon="121.75864127464592456817626953125">
        <ele>2.599999904632568359375</ele>
        <time>2026-09-06T13:43:44.000Z</time>
        <extensions>
          <ns3:TrackPointExtension>
            <ns3:atemp>30.0</ns3:atemp>
            <ns3:hr>153</ns3:hr>
            <ns3:cad>83</ns3:cad>
          </ns3:TrackPointExtension>
        </extensions>
      </trkpt>
      <trkpt lat="30.9018123708665370941162109375" lon="121.75863993354141712188720703125">
        <ele>2.599999904632568359375</ele>
        <time>2026-09-06T13:43:45.000Z</time>
        <extensions>
          <ns3:TrackPointExtension>
            <ns3:atemp>30.0</ns3:atemp>
            <ns3:hr>153</ns3:hr>
            <ns3:cad>87</ns3:cad>
          </ns3:TrackPointExtension>
        </extensions>
      </trkpt>
      <trkpt lat="30.90183374471962451934814453125" lon="121.7586393468081951141357421875">
        <ele>2.599999904632568359375</ele>
        <time>2026-09-06T13:43:46.000Z</time>
        <extensions>
          <ns3:TrackPointExtension>
            <ns3:atemp>30.0</ns3:atemp>
            <ns3:hr>153</ns3:hr>
            <ns3:cad>87</ns3:cad>
          </ns3:TrackPointExtension>
        </extensions>
      </trkpt>
      <trkpt lat="30.90185704641044139862060546875" lon="121.7586232535541057586669921875">
        <ele>2.599999904632568359375</ele>
        <time>2026-09-06T13:43:47.000Z</time>
        <extensions>
          <ns3:TrackPointExtension>
            <ns3:atemp>30.0</ns3:atemp>
            <ns3:hr>153</ns3:hr>
            <ns3:cad>87</ns3:cad>
          </ns3:TrackPointExtension>
        </extensions>
      </trkpt>
      <trkpt lat="30.90187548659741878509521484375" lon="121.75861009396612644195556640625">
        <ele>2.7999999523162841796875</ele>
        <time>2026-09-06T13:43:48.000Z</time>
        <extensions>
          <ns3:TrackPointExtension>
            <ns3:atemp>30.0</ns3:atemp>
            <ns3:hr>153</ns3:hr>
            <ns3:cad>87</ns3:cad>
          </ns3:TrackPointExtension>
        </extensions>
      </trkpt>
      <trkpt lat="30.90188286267220973968505859375" lon="121.7585890553891658782958984375">
        <ele>2.599999904632568359375</ele>
        <time>2026-09-06T13:43:49.000Z</time>
        <extensions>
          <ns3:TrackPointExtension>
            <ns3:atemp>30.0</ns3:atemp>
            <ns3:hr>153</ns3:hr>
            <ns3:cad>87</ns3:cad>
          </ns3:TrackPointExtension>
        </extensions>
      </trkpt>
      <trkpt lat="30.90188940055668354034423828125" lon="121.75856374204158782958984375">
        <ele>2.599999904632568359375</ele>
        <time>2026-09-06T13:43:50.000Z</time>
        <extensions>
          <ns3:TrackPointExtension>
            <ns3:atemp>30.0</ns3:atemp>
            <ns3:hr>153</ns3:hr>
            <ns3:cad>88</ns3:cad>
          </ns3:TrackPointExtension>
        </extensions>
      </trkpt>
      <trkpt lat="30.9018911607563495635986328125" lon="121.75854186527431011199951171875">
        <ele>2.599999904632568359375</ele>
        <time>2026-09-06T13:43:51.000Z</time>
        <extensions>
          <ns3:TrackPointExtension>
            <ns3:atemp>30.0</ns3:atemp>
            <ns3:hr>153</ns3:hr>
            <ns3:cad>88</ns3:cad>
          </ns3:TrackPointExtension>
        </extensions>
      </trkpt>
      <trkpt lat="30.90189241804182529449462890625" lon="121.75851487554609775543212890625">
        <ele>2.599999904632568359375</ele>
        <time>2026-09-06T13:43:52.000Z</time>
        <extensions>
          <ns3:TrackPointExtension>
            <ns3:atemp>30.0</ns3:atemp>
            <ns3:hr>153</ns3:hr>
            <ns3:cad>87</ns3:cad>
          </ns3:TrackPointExtension>
        </extensions>
      </trkpt>
      <trkpt lat="30.901888646185398101806640625" lon="121.7584891431033611297607421875">
        <ele>2.599999904632568359375</ele>
        <time>2026-09-06T13:43:53.000Z</time>
        <extensions>
          <ns3:TrackPointExtension>
            <ns3:atemp>30.0</ns3:atemp>
            <ns3:hr>153</ns3:hr>
            <ns3:cad>87</ns3:cad>
          </ns3:TrackPointExtension>
        </extensions>
      </trkpt>
      <trkpt lat="30.90188822709023952484130859375" lon="121.75845234654843807220458984375">
        <ele>2.400000095367431640625</ele>
        <time>2026-09-06T13:43:54.000Z</time>
        <extensions>
          <ns3:TrackPointExtension>
            <ns3:atemp>30.0</ns3:atemp>
            <ns3:hr>153</ns3:hr>
            <ns3:cad>87</ns3:cad>
          </ns3:TrackPointExtension>
        </extensions>
      </trkpt>
      <trkpt lat="30.9018844552338123321533203125" lon="121.75842669792473316192626953125">
        <ele>2.400000095367431640625</ele>
        <time>2026-09-06T13:43:55.000Z</time>
        <extensions>
          <ns3:TrackPointExtension>
            <ns3:atemp>30.0</ns3:atemp>
            <ns3:hr>154</ns3:hr>
            <ns3:cad>88</ns3:cad>
          </ns3:TrackPointExtension>
        </extensions>
      </trkpt>
      <trkpt lat="30.901881270110607147216796875" lon="121.75839073956012725830078125">
        <ele>2.400000095367431640625</ele>
        <time>2026-09-06T13:43:56.000Z</time>
        <extensions>
          <ns3:TrackPointExtension>
            <ns3:atemp>30.0</ns3:atemp>
            <ns3:hr>154</ns3:hr>
            <ns3:cad>88</ns3:cad>
          </ns3:TrackPointExtension>
        </extensions>
      </trkpt>
      <trkpt lat="30.901877917349338531494140625" lon="121.75836735405027866363525390625">
        <ele>2.400000095367431640625</ele>
        <time>2026-09-06T13:43:57.000Z</time>
        <extensions>
          <ns3:TrackPointExtension>
            <ns3:atemp>30.0</ns3:atemp>
            <ns3:hr>154</ns3:hr>
            <ns3:cad>88</ns3:cad>
          </ns3:TrackPointExtension>
        </extensions>
      </trkpt>
      <trkpt lat="30.90187649242579936981201171875" lon="121.75833114422857761383056640625">
        <ele>2.400000095367431640625</ele>
        <time>2026-09-06T13:43:58.000Z</time>
        <extensions>
          <ns3:TrackPointExtension>
            <ns3:atemp>30.0</ns3:atemp>
            <ns3:hr>155</ns3:hr>
            <ns3:cad>88</ns3:cad>
          </ns3:TrackPointExtension>
        </extensions>
      </trkpt>
      <trkpt lat="30.90187280438840389251708984375" lon="121.75830130465328693389892578125">
        <ele>2.400000095367431640625</ele>
        <time>2026-09-06T13:43:59.000Z</time>
        <extensions>
          <ns3:TrackPointExtension>
            <ns3:atemp>30.0</ns3:atemp>
            <ns3:hr>155</ns3:hr>
            <ns3:cad>88</ns3:cad>
          </ns3:TrackPointExtension>
        </extensions>
      </trkpt>
      <trkpt lat="30.9018690325319766998291015625" lon="121.75826735794544219970703125">
        <ele>2.400000095367431640625</ele>
        <time>2026-09-06T13:44:00.000Z</time>
        <extensions>
          <ns3:TrackPointExtension>
            <ns3:atemp>30.0</ns3:atemp>
            <ns3:hr>155</ns3:hr>
            <ns3:cad>89</ns3:cad>
          </ns3:TrackPointExtension>
        </extensions>
      </trkpt>
      <trkpt lat="30.90186308138072490692138671875" lon="121.7582393623888492584228515625">
        <ele>2.400000095367431640625</ele>
        <time>2026-09-06T13:44:01.000Z</time>
        <extensions>
          <ns3:TrackPointExtension>
            <ns3:atemp>30.0</ns3:atemp>
            <ns3:hr>155</ns3:hr>
            <ns3:cad>89</ns3:cad>
          </ns3:TrackPointExtension>
        </extensions>
      </trkpt>
      <trkpt lat="30.901863835752010345458984375" lon="121.75820893608033657073974609375">
        <ele>2.400000095367431640625</ele>
        <time>2026-09-06T13:44:02.000Z</time>
        <extensions>
          <ns3:TrackPointExtension>
            <ns3:atemp>30.0</ns3:atemp>
            <ns3:hr>155</ns3:hr>
            <ns3:cad>88</ns3:cad>
          </ns3:TrackPointExtension>
        </extensions>
      </trkpt>
      <trkpt lat="30.90186341665685176849365234375" lon="121.75818244926631450653076171875">
        <ele>2.400000095367431640625</ele>
        <time>2026-09-06T13:44:03.000Z</time>
        <extensions>
          <ns3:TrackPointExtension>
            <ns3:atemp>30.0</ns3:atemp>
            <ns3:hr>155</ns3:hr>
            <ns3:cad>88</ns3:cad>
          </ns3:TrackPointExtension>
        </extensions>
      </trkpt>
      <trkpt lat="30.9018619917333126068115234375" lon="121.7581485025584697723388671875">
        <ele>2.400000095367431640625</ele>
        <time>2026-09-06T13:44:04.000Z</time>
        <extensions>
          <ns3:TrackPointExtension>
            <ns3:atemp>30.0</ns3:atemp>
            <ns3:hr>156</ns3:hr>
            <ns3:cad>87</ns3:cad>
          </ns3:TrackPointExtension>
        </extensions>
      </trkpt>
      <trkpt lat="30.9018572978675365447998046875" lon="121.7581213451921939849853515625">
        <ele>2.400000095367431640625</ele>
        <time>2026-09-06T13:44:05.000Z</time>
        <extensions>
          <ns3:TrackPointExtension>
            <ns3:atemp>30.0</ns3:atemp>
            <ns3:hr>156</ns3:hr>
            <ns3:cad>87</ns3:cad>
          </ns3:TrackPointExtension>
        </extensions>
      </trkpt>
      <trkpt lat="30.9018536098301410675048828125" lon="121.758087985217571258544921875">
        <ele>2.400000095367431640625</ele>
        <time>2026-09-06T13:44:06.000Z</time>
        <extensions>
          <ns3:TrackPointExtension>
            <ns3:atemp>30.0</ns3:atemp>
            <ns3:hr>157</ns3:hr>
            <ns3:cad>88</ns3:cad>
          </ns3:TrackPointExtension>
        </extensions>
      </trkpt>
      <trkpt lat="30.9018542803823947906494140625" lon="121.75805605016648769378662109375">
        <ele>2.400000095367431640625</ele>
        <time>2026-09-06T13:44:07.000Z</time>
        <extensions>
          <ns3:TrackPointExtension>
            <ns3:atemp>30.0</ns3:atemp>
            <ns3:hr>157</ns3:hr>
            <ns3:cad>89</ns3:cad>
          </ns3:TrackPointExtension>
        </extensions>
      </trkpt>
      <trkpt lat="30.90184816159307956695556640625" lon="121.7580298148095607757568359375">
        <ele>2.400000095367431640625</ele>
        <time>2026-09-06T13:44:08.000Z</time>
        <extensions>
          <ns3:TrackPointExtension>
            <ns3:atemp>30.0</ns3:atemp>
            <ns3:hr>157</ns3:hr>
            <ns3:cad>89</ns3:cad>
          </ns3:TrackPointExtension>
        </extensions>
      </trkpt>
      <trkpt lat="30.90184866450726985931396484375" lon="121.7579999752342700958251953125">
        <ele>2.400000095367431640625</ele>
        <time>2026-09-06T13:44:09.000Z</time>
        <extensions>
          <ns3:TrackPointExtension>
            <ns3:atemp>30.0</ns3:atemp>
            <ns3:hr>158</ns3:hr>
            <ns3:cad>88</ns3:cad>
          </ns3:TrackPointExtension>
        </extensions>
      </trkpt>
      <trkpt lat="30.90184430591762065887451171875" lon="121.75797491334378719329833984375">
        <ele>2.400000095367431640625</ele>
        <time>2026-09-06T13:44:10.000Z</time>
        <extensions>
          <ns3:TrackPointExtension>
            <ns3:atemp>30.0</ns3:atemp>
            <ns3:hr>159</ns3:hr>
            <ns3:cad>88</ns3:cad>
          </ns3:TrackPointExtension>
        </extensions>
      </trkpt>
      <trkpt lat="30.90184497646987438201904296875" lon="121.757945828139781951904296875">
        <ele>2.400000095367431640625</ele>
        <time>2026-09-06T13:44:11.000Z</time>
        <extensions>
          <ns3:TrackPointExtension>
            <ns3:atemp>30.0</ns3:atemp>
            <ns3:hr>159</ns3:hr>
            <ns3:cad>88</ns3:cad>
          </ns3:TrackPointExtension>
        </extensions>
      </trkpt>
      <trkpt lat="30.90183877386152744293212890625" lon="121.75791791640222072601318359375">
        <ele>2.400000095367431640625</ele>
        <time>2026-09-06T13:44:12.000Z</time>
        <extensions>
          <ns3:TrackPointExtension>
            <ns3:atemp>30.0</ns3:atemp>
            <ns3:hr>159</ns3:hr>
            <ns3:cad>89</ns3:cad>
          </ns3:TrackPointExtension>
        </extensions>
      </trkpt>
      <trkpt lat="30.90183936059474945068359375" lon="121.75788455642759799957275390625">
        <ele>2.400000095367431640625</ele>
        <time>2026-09-06T13:44:13.000Z</time>
        <extensions>
          <ns3:TrackPointExtension>
            <ns3:atemp>30.0</ns3:atemp>
            <ns3:hr>159</ns3:hr>
            <ns3:cad>89</ns3:cad>
          </ns3:TrackPointExtension>
        </extensions>
      </trkpt>
      <trkpt lat="30.90183441527187824249267578125" lon="121.757859326899051666259765625">
        <ele>2.400000095367431640625</ele>
        <time>2026-09-06T13:44:14.000Z</time>
        <extensions>
          <ns3:TrackPointExtension>
            <ns3:atemp>30.0</ns3:atemp>
            <ns3:hr>160</ns3:hr>
            <ns3:cad>88</ns3:cad>
          </ns3:TrackPointExtension>
        </extensions>
      </trkpt>
      <trkpt lat="30.90183776803314685821533203125" lon="121.75782336853444576263427734375">
        <ele>2.400000095367431640625</ele>
        <time>2026-09-06T13:44:15.000Z</time>
        <extensions>
          <ns3:TrackPointExtension>
            <ns3:atemp>30.0</ns3:atemp>
            <ns3:hr>160</ns3:hr>
            <ns3:cad>88</ns3:cad>
          </ns3:TrackPointExtension>
        </extensions>
      </trkpt>
      <trkpt lat="30.90183508582413196563720703125" lon="121.75779771991074085235595703125">
        <ele>2.400000095367431640625</ele>
        <time>2026-09-06T13:44:16.000Z</time>
        <extensions>
          <ns3:TrackPointExtension>
            <ns3:atemp>30.0</ns3:atemp>
            <ns3:hr>161</ns3:hr>
            <ns3:cad>89</ns3:cad>
          </ns3:TrackPointExtension>
        </extensions>
      </trkpt>
      <trkpt lat="30.90183776803314685821533203125" lon="121.75776184536516666412353515625">
        <ele>2.599999904632568359375</ele>
        <time>2026-09-06T13:44:17.000Z</time>
        <extensions>
          <ns3:TrackPointExtension>
            <ns3:atemp>30.0</ns3:atemp>
            <ns3:hr>161</ns3:hr>
            <ns3:cad>89</ns3:cad>
          </ns3:TrackPointExtension>
        </extensions>
      </trkpt>
      <trkpt lat="30.901831649243831634521484375" lon="121.757736615836620330810546875">
        <ele>2.599999904632568359375</ele>
        <time>2026-09-06T13:44:18.000Z</time>
        <extensions>
          <ns3:TrackPointExtension>
            <ns3:atemp>30.0</ns3:atemp>
            <ns3:hr>161</ns3:hr>
            <ns3:cad>88</ns3:cad>
          </ns3:TrackPointExtension>
        </extensions>
      </trkpt>
      <trkpt lat="30.901829637587070465087890625" lon="121.75769831053912639617919921875">
        <ele>2.599999904632568359375</ele>
        <time>2026-09-06T13:44:19.000Z</time>
        <extensions>
          <ns3:TrackPointExtension>
            <ns3:atemp>30.0</ns3:atemp>
            <ns3:hr>162</ns3:hr>
            <ns3:cad>88</ns3:cad>
          </ns3:TrackPointExtension>
        </extensions>
      </trkpt>
      <trkpt lat="30.90182351879775524139404296875" lon="121.75766997970640659332275390625">
        <ele>2.599999904632568359375</ele>
        <time>2026-09-06T13:44:20.000Z</time>
        <extensions>
          <ns3:TrackPointExtension>
            <ns3:atemp>30.0</ns3:atemp>
            <ns3:hr>162</ns3:hr>
            <ns3:cad>88</ns3:cad>
          </ns3:TrackPointExtension>
        </extensions>
      </trkpt>
      <trkpt lat="30.90182335115969181060791015625" lon="121.75763837993144989013671875">
        <ele>2.599999904632568359375</ele>
        <time>2026-09-06T13:44:21.000Z</time>
        <extensions>
          <ns3:TrackPointExtension>
            <ns3:atemp>30.0</ns3:atemp>
            <ns3:hr>161</ns3:hr>
            <ns3:cad>88</ns3:cad>
          </ns3:TrackPointExtension>
        </extensions>
      </trkpt>
      <trkpt lat="30.9018194116652011871337890625" lon="121.7576053552329540252685546875">
        <ele>2.7999999523162841796875</ele>
        <time>2026-09-06T13:44:22.000Z</time>
        <extensions>
          <ns3:TrackPointExtension>
            <ns3:atemp>30.0</ns3:atemp>
            <ns3:hr>161</ns3:hr>
            <ns3:cad>89</ns3:cad>
          </ns3:TrackPointExtension>
        </extensions>
      </trkpt>
      <trkpt lat="30.90181631036102771759033203125" lon="121.7575679719448089599609375">
        <ele>2.599999904632568359375</ele>
        <time>2026-09-06T13:44:23.000Z</time>
        <extensions>
          <ns3:TrackPointExtension>
            <ns3:atemp>30.0</ns3:atemp>
            <ns3:hr>162</ns3:hr>
            <ns3:cad>89</ns3:cad>
          </ns3:TrackPointExtension>
        </extensions>
      </trkpt>
      <trkpt lat="30.90181111358106136322021484375" lon="121.757540814578533172607421875">
        <ele>2.599999904632568359375</ele>
        <time>2026-09-06T13:44:24.000Z</time>
        <extensions>
          <ns3:TrackPointExtension>
            <ns3:atemp>30.0</ns3:atemp>
            <ns3:hr>163</ns3:hr>
            <ns3:cad>88</ns3:cad>
          </ns3:TrackPointExtension>
        </extensions>
      </trkpt>
      <trkpt lat="30.90180809609591960906982421875" lon="121.75750217400491237640380859375">
        <ele>2.599999904632568359375</ele>
        <time>2026-09-06T13:44:25.000Z</time>
        <extensions>
          <ns3:TrackPointExtension>
            <ns3:atemp>30.0</ns3:atemp>
            <ns3:hr>163</ns3:hr>
            <ns3:cad>88</ns3:cad>
          </ns3:TrackPointExtension>
        </extensions>
      </trkpt>
      <trkpt lat="30.90180457569658756256103515625" lon="121.7574740946292877197265625">
        <ele>2.599999904632568359375</ele>
        <time>2026-09-06T13:44:26.000Z</time>
        <extensions>
          <ns3:TrackPointExtension>
            <ns3:atemp>30.0</ns3:atemp>
            <ns3:hr>164</ns3:hr>
            <ns3:cad>88</ns3:cad>
          </ns3:TrackPointExtension>
        </extensions>
      </trkpt>
      <trkpt lat="30.90180591680109500885009765625" lon="121.7574363760650157928466796875">
        <ele>2.599999904632568359375</ele>
        <time>2026-09-06T13:44:27.000Z</time>
        <extensions>
          <ns3:TrackPointExtension>
            <ns3:atemp>30.0</ns3:atemp>
            <ns3:hr>164</ns3:hr>
            <ns3:cad>88</ns3:cad>
          </ns3:TrackPointExtension>
        </extensions>
      </trkpt>
      <trkpt lat="30.9018049947917461395263671875" lon="121.757410056889057159423828125">
        <ele>2.599999904632568359375</ele>
        <time>2026-09-06T13:44:28.000Z</time>
        <extensions>
          <ns3:TrackPointExtension>
            <ns3:atemp>30.0</ns3:atemp>
            <ns3:hr>165</ns3:hr>
            <ns3:cad>89</ns3:cad>
          </ns3:TrackPointExtension>
        </extensions>
      </trkpt>
      <trkpt lat="30.901805497705936431884765625" lon="121.757374517619609832763671875">
        <ele>2.599999904632568359375</ele>
        <time>2026-09-06T13:44:29.000Z</time>
        <extensions>
          <ns3:TrackPointExtension>
            <ns3:atemp>30.0</ns3:atemp>
            <ns3:hr>166</ns3:hr>
            <ns3:cad>89</ns3:cad>
          </ns3:TrackPointExtension>
        </extensions>
      </trkpt>
      <trkpt lat="30.9018046595156192779541015625" lon="121.75734492950141429901123046875">
        <ele>2.7999999523162841796875</ele>
        <time>2026-09-06T13:44:30.000Z</time>
        <extensions>
          <ns3:TrackPointExtension>
            <ns3:atemp>30.0</ns3:atemp>
            <ns3:hr>166</ns3:hr>
            <ns3:cad>88</ns3:cad>
          </ns3:TrackPointExtension>
        </extensions>
      </trkpt>
      <trkpt lat="30.901804827153682708740234375" lon="121.75731249153614044189453125">
        <ele>2.7999999523162841796875</ele>
        <time>2026-09-06T13:44:31.000Z</time>
        <extensions>
          <ns3:TrackPointExtension>
            <ns3:atemp>30.0</ns3:atemp>
            <ns3:hr>167</ns3:hr>
            <ns3:cad>88</ns3:cad>
          </ns3:TrackPointExtension>
        </extensions>
      </trkpt>
      <trkpt lat="30.9018066711723804473876953125" lon="121.757281981408596038818359375">
        <ele>2.7999999523162841796875</ele>
        <time>2026-09-06T13:44:32.000Z</time>
        <extensions>
          <ns3:TrackPointExtension>
            <ns3:atemp>30.0</ns3:atemp>
            <ns3:hr>167</ns3:hr>
            <ns3:cad>88</ns3:cad>
          </ns3:TrackPointExtension>
        </extensions>
      </trkpt>
      <trkpt lat="30.90181094594299793243408203125" lon="121.75725272856652736663818359375">
        <ele>2.7999999523162841796875</ele>
        <time>2026-09-06T13:44:33.000Z</time>
        <extensions>
          <ns3:TrackPointExtension>
            <ns3:atemp>30.0</ns3:atemp>
            <ns3:hr>167</ns3:hr>
            <ns3:cad>89</ns3:cad>
          </ns3:TrackPointExtension>
        </extensions>
      </trkpt>
      <trkpt lat="30.901807844638824462890625" lon="121.7572268284857273101806640625">
        <ele>2.7999999523162841796875</ele>
        <time>2026-09-06T13:44:34.000Z</time>
        <extensions>
          <ns3:TrackPointExtension>
            <ns3:atemp>30.0</ns3:atemp>
            <ns3:hr>167</ns3:hr>
            <ns3:cad>89</ns3:cad>
          </ns3:TrackPointExtension>
        </extensions>
      </trkpt>
      <trkpt lat="30.901809521019458770751953125" lon="121.757200844585895538330078125">
        <ele>2.7999999523162841796875</ele>
        <time>2026-09-06T13:44:35.000Z</time>
        <extensions>
          <ns3:TrackPointExtension>
            <ns3:atemp>30.0</ns3:atemp>
            <ns3:hr>167</ns3:hr>
            <ns3:cad>88</ns3:cad>
          </ns3:TrackPointExtension>
        </extensions>
      </trkpt>
      <trkpt lat="30.90180851519107818603515625" lon="121.757173351943492889404296875">
        <ele>2.7999999523162841796875</ele>
        <time>2026-09-06T13:44:36.000Z</time>
        <extensions>
          <ns3:TrackPointExtension>
            <ns3:atemp>30.0</ns3:atemp>
            <ns3:hr>167</ns3:hr>
            <ns3:cad>87</ns3:cad>
          </ns3:TrackPointExtension>
        </extensions>
      </trkpt>
      <trkpt lat="30.901805497705936431884765625" lon="121.75715365447103977203369140625">
        <ele>2.7999999523162841796875</ele>
        <time>2026-09-06T13:44:37.000Z</time>
        <extensions>
          <ns3:TrackPointExtension>
            <ns3:atemp>30.0</ns3:atemp>
            <ns3:hr>167</ns3:hr>
            <ns3:cad>87</ns3:cad>
          </ns3:TrackPointExtension>
        </extensions>
      </trkpt>
      <trkpt lat="30.90179736725986003875732421875" lon="121.75711928866803646087646484375">
        <ele>2.7999999523162841796875</ele>
        <time>2026-09-06T13:44:38.000Z</time>
        <extensions>
          <ns3:TrackPointExtension>
            <ns3:atemp>30.0</ns3:atemp>
            <ns3:hr>167</ns3:hr>
            <ns3:cad>88</ns3:cad>
          </ns3:TrackPointExtension>
        </extensions>
      </trkpt>
      <trkpt lat="30.9017935954034328460693359375" lon="121.757096238434314727783203125">
        <ele>3</ele>
        <time>2026-09-06T13:44:39.000Z</time>
        <extensions>
          <ns3:TrackPointExtension>
            <ns3:atemp>30.0</ns3:atemp>
            <ns3:hr>167</ns3:hr>
            <ns3:cad>88</ns3:cad>
          </ns3:TrackPointExtension>
        </extensions>
      </trkpt>
      <trkpt lat="30.9017930924892425537109375" lon="121.7570632137358188629150390625">
        <ele>3</ele>
        <time>2026-09-06T13:44:40.000Z</time>
        <extensions>
          <ns3:TrackPointExtension>
            <ns3:atemp>30.0</ns3:atemp>
            <ns3:hr>167</ns3:hr>
            <ns3:cad>88</ns3:cad>
          </ns3:TrackPointExtension>
        </extensions>
      </trkpt>
      <trkpt lat="30.90179049409925937652587890625" lon="121.75703831948339939117431640625">
        <ele>3</ele>
        <time>2026-09-06T13:44:41.000Z</time>
        <extensions>
          <ns3:TrackPointExtension>
            <ns3:atemp>30.0</ns3:atemp>
            <ns3:hr>167</ns3:hr>
            <ns3:cad>87</ns3:cad>
          </ns3:TrackPointExtension>
        </extensions>
      </trkpt>
      <trkpt lat="30.9017905779182910919189453125" lon="121.7570045404136180877685546875">
        <ele>3</ele>
        <time>2026-09-06T13:44:42.000Z</time>
        <extensions>
          <ns3:TrackPointExtension>
            <ns3:atemp>30.0</ns3:atemp>
            <ns3:hr>166</ns3:hr>
            <ns3:cad>87</ns3:cad>
          </ns3:TrackPointExtension>
        </extensions>
      </trkpt>
      <trkpt lat="30.90178948827087879180908203125" lon="121.7569763772189617156982421875">
        <ele>3.2000000476837158203125</ele>
        <time>2026-09-06T13:44:43.000Z</time>
        <extensions>
          <ns3:TrackPointExtension>
            <ns3:atemp>30.0</ns3:atemp>
            <ns3:hr>166</ns3:hr>
            <ns3:cad>88</ns3:cad>
          </ns3:TrackPointExtension>
        </extensions>
      </trkpt>
      <trkpt lat="30.9017868898808956146240234375" lon="121.7569458670914173126220703125">
        <ele>3.2000000476837158203125</ele>
        <time>2026-09-06T13:44:44.000Z</time>
        <extensions>
          <ns3:TrackPointExtension>
            <ns3:atemp>30.0</ns3:atemp>
            <ns3:hr>165</ns3:hr>
            <ns3:cad>88</ns3:cad>
          </ns3:TrackPointExtension>
        </extensions>
      </trkpt>
      <trkpt lat="30.9017905779182910919189453125" lon="121.75691627897322177886962890625">
        <ele>3.2000000476837158203125</ele>
        <time>2026-09-06T13:44:45.000Z</time>
        <extensions>
          <ns3:TrackPointExtension>
            <ns3:atemp>30.0</ns3:atemp>
            <ns3:hr>166</ns3:hr>
            <ns3:cad>88</ns3:cad>
          </ns3:TrackPointExtension>
        </extensions>
      </trkpt>
      <trkpt lat="30.9017904102802276611328125" lon="121.7568831704556941986083984375">
        <ele>3.2000000476837158203125</ele>
        <time>2026-09-06T13:44:46.000Z</time>
        <extensions>
          <ns3:TrackPointExtension>
            <ns3:atemp>30.0</ns3:atemp>
            <ns3:hr>166</ns3:hr>
            <ns3:cad>87</ns3:cad>
          </ns3:TrackPointExtension>
        </extensions>
      </trkpt>
      <trkpt lat="30.9017930924892425537109375" lon="121.7568560130894184112548828125">
        <ele>3.2000000476837158203125</ele>
        <time>2026-09-06T13:44:47.000Z</time>
        <extensions>
          <ns3:TrackPointExtension>
            <ns3:atemp>30.0</ns3:atemp>
            <ns3:hr>166</ns3:hr>
            <ns3:cad>87</ns3:cad>
          </ns3:TrackPointExtension>
        </extensions>
      </trkpt>
      <trkpt lat="30.901793427765369415283203125" lon="121.75682432949542999267578125">
        <ele>3.400000095367431640625</ele>
        <time>2026-09-06T13:44:48.000Z</time>
        <extensions>
          <ns3:TrackPointExtension>
            <ns3:atemp>30.0</ns3:atemp>
            <ns3:hr>166</ns3:hr>
            <ns3:cad>88</ns3:cad>
          </ns3:TrackPointExtension>
        </extensions>
      </trkpt>
      <trkpt lat="30.9017962776124477386474609375" lon="121.75679373554885387420654296875">
        <ele>3.400000095367431640625</ele>
        <time>2026-09-06T13:44:49.000Z</time>
        <extensions>
          <ns3:TrackPointExtension>
            <ns3:atemp>30.0</ns3:atemp>
            <ns3:hr>166</ns3:hr>
            <ns3:cad>88</ns3:cad>
          </ns3:TrackPointExtension>
        </extensions>
      </trkpt>
      <trkpt lat="30.90179317630827426910400390625" lon="121.7567691765725612640380859375">
        <ele>3.400000095367431640625</ele>
        <time>2026-09-06T13:44:50.000Z</time>
        <extensions>
          <ns3:TrackPointExtension>
            <ns3:atemp>30.0</ns3:atemp>
            <ns3:hr>166</ns3:hr>
            <ns3:cad>88</ns3:cad>
          </ns3:TrackPointExtension>
        </extensions>
      </trkpt>
      <trkpt lat="30.901792757213115692138671875" lon="121.756736822426319122314453125">
        <ele>3.400000095367431640625</ele>
        <time>2026-09-06T13:44:51.000Z</time>
        <extensions>
          <ns3:TrackPointExtension>
            <ns3:atemp>30.0</ns3:atemp>
            <ns3:hr>167</ns3:hr>
            <ns3:cad>88</ns3:cad>
          </ns3:TrackPointExtension>
        </extensions>
      </trkpt>
      <trkpt lat="30.9017892368137836456298828125" lon="121.75671125762164592742919921875">
        <ele>3.400000095367431640625</ele>
        <time>2026-09-06T13:44:52.000Z</time>
        <extensions>
          <ns3:TrackPointExtension>
            <ns3:atemp>30.0</ns3:atemp>
            <ns3:hr>166</ns3:hr>
            <ns3:cad>88</ns3:cad>
          </ns3:TrackPointExtension>
        </extensions>
      </trkpt>
      <trkpt lat="30.90179082937538623809814453125" lon="121.756676472723484039306640625">
        <ele>3.599999904632568359375</ele>
        <time>2026-09-06T13:44:53.000Z</time>
        <extensions>
          <ns3:TrackPointExtension>
            <ns3:atemp>30.0</ns3:atemp>
            <ns3:hr>166</ns3:hr>
            <ns3:cad>88</ns3:cad>
          </ns3:TrackPointExtension>
        </extensions>
      </trkpt>
      <trkpt lat="30.90178395621478557586669921875" lon="121.75665543414652347564697265625">
        <ele>3.599999904632568359375</ele>
        <time>2026-09-06T13:44:54.000Z</time>
        <extensions>
          <ns3:TrackPointExtension>
            <ns3:atemp>30.0</ns3:atemp>
            <ns3:hr>167</ns3:hr>
            <ns3:cad>88</ns3:cad>
          </ns3:TrackPointExtension>
        </extensions>
      </trkpt>
      <trkpt lat="30.90178496204316616058349609375" lon="121.75661922432482242584228515625">
        <ele>3.599999904632568359375</ele>
        <time>2026-09-06T13:44:55.000Z</time>
        <extensions>
          <ns3:TrackPointExtension>
            <ns3:atemp>30.0</ns3:atemp>
            <ns3:hr>167</ns3:hr>
            <ns3:cad>88</ns3:cad>
          </ns3:TrackPointExtension>
        </extensions>
      </trkpt>
      <trkpt lat="30.90178160928189754486083984375" lon="121.7565938271582126617431640625">
        <ele>3.7999999523162841796875</ele>
        <time>2026-09-06T13:44:56.000Z</time>
        <extensions>
          <ns3:TrackPointExtension>
            <ns3:atemp>30.0</ns3:atemp>
            <ns3:hr>167</ns3:hr>
            <ns3:cad>88</ns3:cad>
          </ns3:TrackPointExtension>
        </extensions>
      </trkpt>
      <trkpt lat="30.90178035199642181396484375" lon="121.75655669532716274261474609375">
        <ele>3.7999999523162841796875</ele>
        <time>2026-09-06T13:44:57.000Z</time>
        <extensions>
          <ns3:TrackPointExtension>
            <ns3:atemp>30.0</ns3:atemp>
            <ns3:hr>167</ns3:hr>
            <ns3:cad>88</ns3:cad>
          </ns3:TrackPointExtension>
        </extensions>
      </trkpt>
      <trkpt lat="30.90177926234900951385498046875" lon="121.75653590820729732513427734375">
        <ele>3.7999999523162841796875</ele>
        <time>2026-09-06T13:44:58.000Z</time>
        <extensions>
          <ns3:TrackPointExtension>
            <ns3:atemp>30.0</ns3:atemp>
            <ns3:hr>168</ns3:hr>
            <ns3:cad>87</ns3:cad>
          </ns3:TrackPointExtension>
        </extensions>
      </trkpt>
      <trkpt lat="30.901776663959026336669921875" lon="121.75650053657591342926025390625">
        <ele>4</ele>
        <time>2026-09-06T13:44:59.000Z</time>
        <extensions>
          <ns3:TrackPointExtension>
            <ns3:atemp>30.0</ns3:atemp>
            <ns3:hr>168</ns3:hr>
            <ns3:cad>87</ns3:cad>
          </ns3:TrackPointExtension>
        </extensions>
      </trkpt>
      <trkpt lat="30.90177121572196483612060546875" lon="121.7564754746854305267333984375">
        <ele>4</ele>
        <time>2026-09-06T13:45:00.000Z</time>
        <extensions>
          <ns3:TrackPointExtension>
            <ns3:atemp>30.0</ns3:atemp>
            <ns3:hr>168</ns3:hr>
            <ns3:cad>88</ns3:cad>
          </ns3:TrackPointExtension>
        </extensions>
      </trkpt>
      <trkpt lat="30.9017667733132839202880859375" lon="121.7564414441585540771484375">
        <ele>4</ele>
        <time>2026-09-06T13:45:01.000Z</time>
        <extensions>
          <ns3:TrackPointExtension>
            <ns3:atemp>30.0</ns3:atemp>
            <ns3:hr>168</ns3:hr>
            <ns3:cad>88</ns3:cad>
          </ns3:TrackPointExtension>
        </extensions>
      </trkpt>
      <trkpt lat="30.90176551602780818939208984375" lon="121.75641822628676891326904296875">
        <ele>4.19999980926513671875</ele>
        <time>2026-09-06T13:45:02.000Z</time>
        <extensions>
          <ns3:TrackPointExtension>
            <ns3:atemp>30.0</ns3:atemp>
            <ns3:hr>168</ns3:hr>
            <ns3:cad>88</ns3:cad>
          </ns3:TrackPointExtension>
        </extensions>
      </trkpt>
      <trkpt lat="30.9017630852758884429931640625" lon="121.75638570450246334075927734375">
        <ele>4.19999980926513671875</ele>
        <time>2026-09-06T13:45:03.000Z</time>
        <extensions>
          <ns3:TrackPointExtension>
            <ns3:atemp>30.0</ns3:atemp>
            <ns3:hr>168</ns3:hr>
            <ns3:cad>88</ns3:cad>
          </ns3:TrackPointExtension>
        </extensions>
      </trkpt>
      <trkpt lat="30.9017597325146198272705078125" lon="121.75635821186006069183349609375">
        <ele>4.19999980926513671875</ele>
        <time>2026-09-06T13:45:04.000Z</time>
        <extensions>
          <ns3:TrackPointExtension>
            <ns3:atemp>30.0</ns3:atemp>
            <ns3:hr>169</ns3:hr>
            <ns3:cad>88</ns3:cad>
          </ns3:TrackPointExtension>
        </extensions>
      </trkpt>
      <trkpt lat="30.90175478719174861907958984375" lon="121.75633138976991176605224609375">
        <ele>4.19999980926513671875</ele>
        <time>2026-09-06T13:45:05.000Z</time>
        <extensions>
          <ns3:TrackPointExtension>
            <ns3:atemp>30.0</ns3:atemp>
            <ns3:hr>169</ns3:hr>
            <ns3:cad>89</ns3:cad>
          </ns3:TrackPointExtension>
        </extensions>
      </trkpt>
      <trkpt lat="30.9017563797533512115478515625" lon="121.75629786215722560882568359375">
        <ele>4.400000095367431640625</ele>
        <time>2026-09-06T13:45:06.000Z</time>
        <extensions>
          <ns3:TrackPointExtension>
            <ns3:atemp>30.0</ns3:atemp>
            <ns3:hr>170</ns3:hr>
            <ns3:cad>89</ns3:cad>
          </ns3:TrackPointExtension>
        </extensions>
      </trkpt>
      <trkpt lat="30.9017536975443363189697265625" lon="121.7562743090093135833740234375">
        <ele>4.400000095367431640625</ele>
        <time>2026-09-06T13:45:07.000Z</time>
        <extensions>
          <ns3:TrackPointExtension>
            <ns3:atemp>30.0</ns3:atemp>
            <ns3:hr>170</ns3:hr>
            <ns3:cad>88</ns3:cad>
          </ns3:TrackPointExtension>
        </extensions>
      </trkpt>
      <trkpt lat="30.9017582237720489501953125" lon="121.756244637072086334228515625">
        <ele>4.400000095367431640625</ele>
        <time>2026-09-06T13:45:08.000Z</time>
        <extensions>
          <ns3:TrackPointExtension>
            <ns3:atemp>30.0</ns3:atemp>
            <ns3:hr>171</ns3:hr>
            <ns3:cad>87</ns3:cad>
          </ns3:TrackPointExtension>
        </extensions>
      </trkpt>
      <trkpt lat="30.9017567150294780731201171875" lon="121.7562216706573963165283203125">
        <ele>4.400000095367431640625</ele>
        <time>2026-09-06T13:45:09.000Z</time>
        <extensions>
          <ns3:TrackPointExtension>
            <ns3:atemp>30.0</ns3:atemp>
            <ns3:hr>172</ns3:hr>
            <ns3:cad>86</ns3:cad>
          </ns3:TrackPointExtension>
        </extensions>
      </trkpt>
      <trkpt lat="30.9017567150294780731201171875" lon="121.7561881430447101593017578125">
        <ele>4.599999904632568359375</ele>
        <time>2026-09-06T13:45:10.000Z</time>
        <extensions>
          <ns3:TrackPointExtension>
            <ns3:atemp>30.0</ns3:atemp>
            <ns3:hr>172</ns3:hr>
            <ns3:cad>86</ns3:cad>
          </ns3:TrackPointExtension>
        </extensions>
      </trkpt>
      <trkpt lat="30.9017547033727169036865234375" lon="121.75616123713552951812744140625">
        <ele>4.599999904632568359375</ele>
        <time>2026-09-06T13:45:11.000Z</time>
        <extensions>
          <ns3:TrackPointExtension>
            <ns3:atemp>30.0</ns3:atemp>
            <ns3:hr>172</ns3:hr>
            <ns3:cad>87</ns3:cad>
          </ns3:TrackPointExtension>
        </extensions>
      </trkpt>
      <trkpt lat="30.9017490036785602569580078125" lon="121.7561277933418750762939453125">
        <ele>4.599999904632568359375</ele>
        <time>2026-09-06T13:45:12.000Z</time>
        <extensions>
          <ns3:TrackPointExtension>
            <ns3:atemp>30.0</ns3:atemp>
            <ns3:hr>172</ns3:hr>
            <ns3:cad>87</ns3:cad>
          </ns3:TrackPointExtension>
        </extensions>
      </trkpt>
      <trkpt lat="30.90174456126987934112548828125" lon="121.75609719939529895782470703125">
        <ele>4.599999904632568359375</ele>
        <time>2026-09-06T13:45:13.000Z</time>
        <extensions>
          <ns3:TrackPointExtension>
            <ns3:atemp>30.0</ns3:atemp>
            <ns3:hr>172</ns3:hr>
            <ns3:cad>86</ns3:cad>
          </ns3:TrackPointExtension>
        </extensions>
      </trkpt>
      <trkpt lat="30.90174506418406963348388671875" lon="121.75606191158294677734375">
        <ele>4.80000019073486328125</ele>
        <time>2026-09-06T13:45:14.000Z</time>
        <extensions>
          <ns3:TrackPointExtension>
            <ns3:atemp>30.0</ns3:atemp>
            <ns3:hr>172</ns3:hr>
            <ns3:cad>86</ns3:cad>
          </ns3:TrackPointExtension>
        </extensions>
      </trkpt>
      <trkpt lat="30.9017456509172916412353515625" lon="121.75603114999830722808837890625">
        <ele>4.80000019073486328125</ele>
        <time>2026-09-06T13:45:15.000Z</time>
        <extensions>
          <ns3:TrackPointExtension>
            <ns3:atemp>30.0</ns3:atemp>
            <ns3:hr>172</ns3:hr>
            <ns3:cad>87</ns3:cad>
          </ns3:TrackPointExtension>
        </extensions>
      </trkpt>
      <trkpt lat="30.90174338780343532562255859375" lon="121.756002902984619140625">
        <ele>4.80000019073486328125</ele>
        <time>2026-09-06T13:45:16.000Z</time>
        <extensions>
          <ns3:TrackPointExtension>
            <ns3:atemp>30.0</ns3:atemp>
            <ns3:hr>172</ns3:hr>
            <ns3:cad>88</ns3:cad>
          </ns3:TrackPointExtension>
        </extensions>
      </trkpt>
      <trkpt lat="30.90174422599375247955322265625" lon="121.75597130320966243743896484375">
        <ele>5</ele>
        <time>2026-09-06T13:45:17.000Z</time>
        <extensions>
          <ns3:TrackPointExtension>
            <ns3:atemp>30.0</ns3:atemp>
            <ns3:hr>172</ns3:hr>
            <ns3:cad>88</ns3:cad>
          </ns3:TrackPointExtension>
        </extensions>
      </trkpt>
      <trkpt lat="30.90174087323248386383056640625" lon="121.75594582222402095794677734375">
        <ele>5</ele>
        <time>2026-09-06T13:45:18.000Z</time>
        <extensions>
          <ns3:TrackPointExtension>
            <ns3:atemp>30.0</ns3:atemp>
            <ns3:hr>172</ns3:hr>
            <ns3:cad>87</ns3:cad>
          </ns3:TrackPointExtension>
        </extensions>
      </trkpt>
      <trkpt lat="30.90174254961311817169189453125" lon="121.7559118755161762237548828125">
        <ele>5</ele>
        <time>2026-09-06T13:45:19.000Z</time>
        <extensions>
          <ns3:TrackPointExtension>
            <ns3:atemp>30.0</ns3:atemp>
            <ns3:hr>173</ns3:hr>
            <ns3:cad>87</ns3:cad>
          </ns3:TrackPointExtension>
        </extensions>
      </trkpt>
      <trkpt lat="30.90174087323248386383056640625" lon="121.75588949583470821380615234375">
        <ele>4.80000019073486328125</ele>
        <time>2026-09-06T13:45:20.000Z</time>
        <extensions>
          <ns3:TrackPointExtension>
            <ns3:atemp>30.0</ns3:atemp>
            <ns3:hr>173</ns3:hr>
            <ns3:cad>88</ns3:cad>
          </ns3:TrackPointExtension>
        </extensions>
      </trkpt>
      <trkpt lat="30.90174187906086444854736328125" lon="121.75585412420332431793212890625">
        <ele>4.80000019073486328125</ele>
        <time>2026-09-06T13:45:21.000Z</time>
        <extensions>
          <ns3:TrackPointExtension>
            <ns3:atemp>30.0</ns3:atemp>
            <ns3:hr>173</ns3:hr>
            <ns3:cad>88</ns3:cad>
          </ns3:TrackPointExtension>
        </extensions>
      </trkpt>
      <trkpt lat="30.90173534117639064788818359375" lon="121.75583149306476116180419921875">
        <ele>4.80000019073486328125</ele>
        <time>2026-09-06T13:45:22.000Z</time>
        <extensions>
          <ns3:TrackPointExtension>
            <ns3:atemp>30.0</ns3:atemp>
            <ns3:hr>173</ns3:hr>
            <ns3:cad>88</ns3:cad>
          </ns3:TrackPointExtension>
        </extensions>
      </trkpt>
      <trkpt lat="30.9017340838909149169921875" lon="121.755798049271106719970703125">
        <ele>4.80000019073486328125</ele>
        <time>2026-09-06T13:45:23.000Z</time>
        <extensions>
          <ns3:TrackPointExtension>
            <ns3:atemp>30.0</ns3:atemp>
            <ns3:hr>173</ns3:hr>
            <ns3:cad>88</ns3:cad>
          </ns3:TrackPointExtension>
        </extensions>
      </trkpt>
      <trkpt lat="30.9017329104244709014892578125" lon="121.75577223300933837890625">
        <ele>4.80000019073486328125</ele>
        <time>2026-09-06T13:45:24.000Z</time>
        <extensions>
          <ns3:TrackPointExtension>
            <ns3:atemp>30.0</ns3:atemp>
            <ns3:hr>174</ns3:hr>
            <ns3:cad>87</ns3:cad>
          </ns3:TrackPointExtension>
        </extensions>
      </trkpt>
      <trkpt lat="30.90173081494867801666259765625" lon="121.755743734538555145263671875">
        <ele>4.80000019073486328125</ele>
        <time>2026-09-06T13:45:25.000Z</time>
        <extensions>
          <ns3:TrackPointExtension>
            <ns3:atemp>30.0</ns3:atemp>
            <ns3:hr>173</ns3:hr>
            <ns3:cad>87</ns3:cad>
          </ns3:TrackPointExtension>
        </extensions>
      </trkpt>
      <trkpt lat="30.9017325751483440399169921875" lon="121.7557172477245330810546875">
        <ele>4.80000019073486328125</ele>
        <time>2026-09-06T13:45:26.000Z</time>
        <extensions>
          <ns3:TrackPointExtension>
            <ns3:atemp>30.0</ns3:atemp>
            <ns3:hr>173</ns3:hr>
            <ns3:cad>87</ns3:cad>
          </ns3:TrackPointExtension>
        </extensions>
      </trkpt>
      <trkpt lat="30.90172897092998027801513671875" lon="121.75569553859531879425048828125">
        <ele>4.80000019073486328125</ele>
        <time>2026-09-06T13:45:27.000Z</time>
        <extensions>
          <ns3:TrackPointExtension>
            <ns3:atemp>30.0</ns3:atemp>
            <ns3:hr>173</ns3:hr>
            <ns3:cad>87</ns3:cad>
          </ns3:TrackPointExtension>
        </extensions>
      </trkpt>
      <trkpt lat="30.90173014439642429351806640625" lon="121.7556654475629329681396484375">
        <ele>4.80000019073486328125</ele>
        <time>2026-09-06T13:45:28.000Z</time>
        <extensions>
          <ns3:TrackPointExtension>
            <ns3:atemp>30.0</ns3:atemp>
            <ns3:hr>172</ns3:hr>
            <ns3:cad>87</ns3:cad>
          </ns3:TrackPointExtension>
        </extensions>
      </trkpt>
      <trkpt lat="30.901729725301265716552734375" lon="121.75564281642436981201171875">
        <ele>4.599999904632568359375</ele>
        <time>2026-09-06T13:45:29.000Z</time>
        <extensions>
          <ns3:TrackPointExtension>
            <ns3:atemp>30.0</ns3:atemp>
            <ns3:hr>172</ns3:hr>
            <ns3:cad>87</ns3:cad>
          </ns3:TrackPointExtension>
        </extensions>
      </trkpt>
      <trkpt lat="30.901730395853519439697265625" lon="121.75561088137328624725341796875">
        <ele>4.599999904632568359375</ele>
        <time>2026-09-06T13:45:30.000Z</time>
        <extensions>
          <ns3:TrackPointExtension>
            <ns3:atemp>30.0</ns3:atemp>
            <ns3:hr>172</ns3:hr>
            <ns3:cad>86</ns3:cad>
          </ns3:TrackPointExtension>
        </extensions>
      </trkpt>
      <trkpt lat="30.90172612108290195465087890625" lon="121.75558984279632568359375">
        <ele>4.599999904632568359375</ele>
        <time>2026-09-06T13:45:31.000Z</time>
        <extensions>
          <ns3:TrackPointExtension>
            <ns3:atemp>30.0</ns3:atemp>
            <ns3:hr>172</ns3:hr>
            <ns3:cad>86</ns3:cad>
          </ns3:TrackPointExtension>
        </extensions>
      </trkpt>
      <trkpt lat="30.901728384196758270263671875" lon="121.7555531300604343414306640625">
        <ele>4.599999904632568359375</ele>
        <time>2026-09-06T13:45:32.000Z</time>
        <extensions>
          <ns3:TrackPointExtension>
            <ns3:atemp>30.0</ns3:atemp>
            <ns3:hr>172</ns3:hr>
            <ns3:cad>87</ns3:cad>
          </ns3:TrackPointExtension>
        </extensions>
      </trkpt>
      <trkpt lat="30.90172444470226764678955078125" lon="121.7555286549031734466552734375">
        <ele>4.599999904632568359375</ele>
        <time>2026-09-06T13:45:33.000Z</time>
        <extensions>
          <ns3:TrackPointExtension>
            <ns3:atemp>30.0</ns3:atemp>
            <ns3:hr>171</ns3:hr>
            <ns3:cad>87</ns3:cad>
          </ns3:TrackPointExtension>
        </extensions>
      </trkpt>
      <trkpt lat="30.901725031435489654541015625" lon="121.75549261271953582763671875">
        <ele>4.599999904632568359375</ele>
        <time>2026-09-06T13:45:34.000Z</time>
        <extensions>
          <ns3:TrackPointExtension>
            <ns3:atemp>30.0</ns3:atemp>
            <ns3:hr>172</ns3:hr>
            <ns3:cad>87</ns3:cad>
          </ns3:TrackPointExtension>
        </extensions>
      </trkpt>
      <trkpt lat="30.901720337569713592529296875" lon="121.75546688027679920196533203125">
        <ele>4.400000095367431640625</ele>
        <time>2026-09-06T13:45:35.000Z</time>
        <extensions>
          <ns3:TrackPointExtension>
            <ns3:atemp>30.0</ns3:atemp>
            <ns3:hr>172</ns3:hr>
            <ns3:cad>87</ns3:cad>
          </ns3:TrackPointExtension>
        </extensions>
      </trkpt>
      <trkpt lat="30.90171924792230129241943359375" lon="121.75543226301670074462890625">
        <ele>4.400000095367431640625</ele>
        <time>2026-09-06T13:45:36.000Z</time>
        <extensions>
          <ns3:TrackPointExtension>
            <ns3:atemp>30.0</ns3:atemp>
            <ns3:hr>172</ns3:hr>
            <ns3:cad>88</ns3:cad>
          </ns3:TrackPointExtension>
        </extensions>
      </trkpt>
      <trkpt lat="30.90171975083649158477783203125" lon="121.75540384836494922637939453125">
        <ele>4.400000095367431640625</ele>
        <time>2026-09-06T13:45:37.000Z</time>
        <extensions>
          <ns3:TrackPointExtension>
            <ns3:atemp>30.0</ns3:atemp>
            <ns3:hr>172</ns3:hr>
            <ns3:cad>89</ns3:cad>
          </ns3:TrackPointExtension>
        </extensions>
      </trkpt>
      <trkpt lat="30.90171857737004756927490234375" lon="121.75537149421870708465576171875">
        <ele>4.400000095367431640625</ele>
        <time>2026-09-06T13:45:38.000Z</time>
        <extensions>
          <ns3:TrackPointExtension>
            <ns3:atemp>30.0</ns3:atemp>
            <ns3:hr>172</ns3:hr>
            <ns3:cad>89</ns3:cad>
          </ns3:TrackPointExtension>
        </extensions>
      </trkpt>
      <trkpt lat="30.90171405114233493804931640625" lon="121.75534668378531932830810546875">
        <ele>4.400000095367431640625</ele>
        <time>2026-09-06T13:45:39.000Z</time>
        <extensions>
          <ns3:TrackPointExtension>
            <ns3:atemp>30.0</ns3:atemp>
            <ns3:hr>172</ns3:hr>
            <ns3:cad>89</ns3:cad>
          </ns3:TrackPointExtension>
        </extensions>
      </trkpt>
      <trkpt lat="30.90171120129525661468505859375" lon="121.75531080923974514007568359375">
        <ele>4.400000095367431640625</ele>
        <time>2026-09-06T13:45:40.000Z</time>
        <extensions>
          <ns3:TrackPointExtension>
            <ns3:atemp>30.0</ns3:atemp>
            <ns3:hr>172</ns3:hr>
            <ns3:cad>88</ns3:cad>
          </ns3:TrackPointExtension>
        </extensions>
      </trkpt>
      <trkpt lat="30.9017070941627025604248046875" lon="121.75528499297797679901123046875">
        <ele>4.400000095367431640625</ele>
        <time>2026-09-06T13:45:41.000Z</time>
        <extensions>
          <ns3:TrackPointExtension>
            <ns3:atemp>30.0</ns3:atemp>
            <ns3:hr>172</ns3:hr>
            <ns3:cad>88</ns3:cad>
          </ns3:TrackPointExtension>
        </extensions>
      </trkpt>
      <trkpt lat="30.90170701034367084503173828125" lon="121.75525196827948093414306640625">
        <ele>4.19999980926513671875</ele>
        <time>2026-09-06T13:45:42.000Z</time>
        <extensions>
          <ns3:TrackPointExtension>
            <ns3:atemp>30.0</ns3:atemp>
            <ns3:hr>172</ns3:hr>
            <ns3:cad>88</ns3:cad>
          </ns3:TrackPointExtension>
        </extensions>
      </trkpt>
      <trkpt lat="30.90170701034367084503173828125" lon="121.7552269063889980316162109375">
        <ele>4.19999980926513671875</ele>
        <time>2026-09-06T13:45:43.000Z</time>
        <extensions>
          <ns3:TrackPointExtension>
            <ns3:atemp>30.0</ns3:atemp>
            <ns3:hr>173</ns3:hr>
            <ns3:cad>89</ns3:cad>
          </ns3:TrackPointExtension>
        </extensions>
      </trkpt>
      <trkpt lat="30.90170525014400482177734375" lon="121.75520025193691253662109375">
        <ele>4.19999980926513671875</ele>
        <time>2026-09-06T13:45:44.000Z</time>
        <extensions>
          <ns3:TrackPointExtension>
            <ns3:atemp>30.0</ns3:atemp>
            <ns3:hr>172</ns3:hr>
            <ns3:cad>89</ns3:cad>
          </ns3:TrackPointExtension>
        </extensions>
      </trkpt>
      <trkpt lat="30.901706926524639129638671875" lon="121.755175106227397918701171875">
        <ele>4</ele>
        <time>2026-09-06T13:45:45.000Z</time>
        <extensions>
          <ns3:TrackPointExtension>
            <ns3:atemp>30.0</ns3:atemp>
            <ns3:hr>173</ns3:hr>
            <ns3:cad>89</ns3:cad>
          </ns3:TrackPointExtension>
        </extensions>
      </trkpt>
      <trkpt lat="30.9017013944685459136962890625" lon="121.75513998605310916900634765625">
        <ele>4</ele>
        <time>2026-09-06T13:45:46.000Z</time>
        <extensions>
          <ns3:TrackPointExtension>
            <ns3:atemp>30.0</ns3:atemp>
            <ns3:hr>173</ns3:hr>
            <ns3:cad>88</ns3:cad>
          </ns3:TrackPointExtension>
        </extensions>
      </trkpt>
      <trkpt lat="30.90169745497405529022216796875" lon="121.75511416979134082794189453125">
        <ele>4</ele>
        <time>2026-09-06T13:45:47.000Z</time>
        <extensions>
          <ns3:TrackPointExtension>
            <ns3:atemp>30.0</ns3:atemp>
            <ns3:hr>173</ns3:hr>
            <ns3:cad>88</ns3:cad>
          </ns3:TrackPointExtension>
        </extensions>
      </trkpt>
      <trkpt lat="30.90169594623148441314697265625" lon="121.7550800554454326629638671875">
        <ele>4</ele>
        <time>2026-09-06T13:45:48.000Z</time>
        <extensions>
          <ns3:TrackPointExtension>
            <ns3:atemp>30.0</ns3:atemp>
            <ns3:hr>173</ns3:hr>
            <ns3:cad>90</ns3:cad>
          </ns3:TrackPointExtension>
        </extensions>
      </trkpt>
      <trkpt lat="30.90169678442180156707763671875" lon="121.7550488747656345367431640625">
        <ele>4</ele>
        <time>2026-09-06T13:45:49.000Z</time>
        <extensions>
          <ns3:TrackPointExtension>
            <ns3:atemp>30.0</ns3:atemp>
            <ns3:hr>173</ns3:hr>
            <ns3:cad>90</ns3:cad>
          </ns3:TrackPointExtension>
        </extensions>
      </trkpt>
      <trkpt lat="30.90169318020343780517578125" lon="121.7550186999142169952392578125">
        <ele>3.7999999523162841796875</ele>
        <time>2026-09-06T13:45:50.000Z</time>
        <extensions>
          <ns3:TrackPointExtension>
            <ns3:atemp>30.0</ns3:atemp>
            <ns3:hr>174</ns3:hr>
            <ns3:cad>89</ns3:cad>
          </ns3:TrackPointExtension>
        </extensions>
      </trkpt>
      <trkpt lat="30.90169225819408893585205078125" lon="121.75498701632022857666015625">
        <ele>3.7999999523162841796875</ele>
        <time>2026-09-06T13:45:51.000Z</time>
        <extensions>
          <ns3:TrackPointExtension>
            <ns3:atemp>30.0</ns3:atemp>
            <ns3:hr>174</ns3:hr>
            <ns3:cad>89</ns3:cad>
          </ns3:TrackPointExtension>
        </extensions>
      </trkpt>
      <trkpt lat="30.90169183909893035888671875" lon="121.75495591945946216583251953125">
        <ele>3.7999999523162841796875</ele>
        <time>2026-09-06T13:45:52.000Z</time>
        <extensions>
          <ns3:TrackPointExtension>
            <ns3:atemp>30.0</ns3:atemp>
            <ns3:hr>173</ns3:hr>
            <ns3:cad>89</ns3:cad>
          </ns3:TrackPointExtension>
        </extensions>
      </trkpt>
      <trkpt lat="30.9016913361847400665283203125" lon="121.75492306239902973175048828125">
        <ele>3.7999999523162841796875</ele>
        <time>2026-09-06T13:45:53.000Z</time>
        <extensions>
          <ns3:TrackPointExtension>
            <ns3:atemp>30.0</ns3:atemp>
            <ns3:hr>173</ns3:hr>
            <ns3:cad>89</ns3:cad>
          </ns3:TrackPointExtension>
        </extensions>
      </trkpt>
      <trkpt lat="30.9016876481473445892333984375" lon="121.75489355809986591339111328125">
        <ele>3.7999999523162841796875</ele>
        <time>2026-09-06T13:45:54.000Z</time>
        <extensions>
          <ns3:TrackPointExtension>
            <ns3:atemp>30.0</ns3:atemp>
            <ns3:hr>173</ns3:hr>
            <ns3:cad>89</ns3:cad>
          </ns3:TrackPointExtension>
        </extensions>
      </trkpt>
      <trkpt lat="30.9016846306622028350830078125" lon="121.75486371852457523345947265625">
        <ele>3.7999999523162841796875</ele>
        <time>2026-09-06T13:45:55.000Z</time>
        <extensions>
          <ns3:TrackPointExtension>
            <ns3:atemp>30.0</ns3:atemp>
            <ns3:hr>173</ns3:hr>
            <ns3:cad>89</ns3:cad>
          </ns3:TrackPointExtension>
        </extensions>
      </trkpt>
      <trkpt lat="30.901679433882236480712890625" lon="121.754831783473491668701171875">
        <ele>3.7999999523162841796875</ele>
        <time>2026-09-06T13:45:56.000Z</time>
        <extensions>
          <ns3:TrackPointExtension>
            <ns3:atemp>30.0</ns3:atemp>
            <ns3:hr>173</ns3:hr>
            <ns3:cad>88</ns3:cad>
          </ns3:TrackPointExtension>
        </extensions>
      </trkpt>
      <trkpt lat="30.90167817659676074981689453125" lon="121.7547960765659809112548828125">
        <ele>3.599999904632568359375</ele>
        <time>2026-09-06T13:45:57.000Z</time>
        <extensions>
          <ns3:TrackPointExtension>
            <ns3:atemp>30.0</ns3:atemp>
            <ns3:hr>173</ns3:hr>
            <ns3:cad>88</ns3:cad>
          </ns3:TrackPointExtension>
        </extensions>
      </trkpt>
      <trkpt lat="30.90167147107422351837158203125" lon="121.75476330332458019256591796875">
        <ele>3.599999904632568359375</ele>
        <time>2026-09-06T13:45:58.000Z</time>
        <extensions>
          <ns3:TrackPointExtension>
            <ns3:atemp>30.0</ns3:atemp>
            <ns3:hr>173</ns3:hr>
            <ns3:cad>88</ns3:cad>
          </ns3:TrackPointExtension>
        </extensions>
      </trkpt>
      <trkpt lat="30.90167331509292125701904296875" lon="121.75472407601773738861083984375">
        <ele>3.599999904632568359375</ele>
        <time>2026-09-06T13:45:59.000Z</time>
        <extensions>
          <ns3:TrackPointExtension>
            <ns3:atemp>30.0</ns3:atemp>
            <ns3:hr>174</ns3:hr>
            <ns3:cad>89</ns3:cad>
          </ns3:TrackPointExtension>
        </extensions>
      </trkpt>
      <trkpt lat="30.90167297981679439544677734375" lon="121.754691638052463531494140625">
        <ele>3.599999904632568359375</ele>
        <time>2026-09-06T13:46:00.000Z</time>
        <extensions>
          <ns3:TrackPointExtension>
            <ns3:atemp>30.0</ns3:atemp>
            <ns3:hr>174</ns3:hr>
            <ns3:cad>89</ns3:cad>
          </ns3:TrackPointExtension>
        </extensions>
      </trkpt>
      <trkpt lat="30.9016765840351581573486328125" lon="121.75465735606849193572998046875">
        <ele>3.400000095367431640625</ele>
        <time>2026-09-06T13:46:01.000Z</time>
        <extensions>
          <ns3:TrackPointExtension>
            <ns3:atemp>30.0</ns3:atemp>
            <ns3:hr>174</ns3:hr>
            <ns3:cad>89</ns3:cad>
          </ns3:TrackPointExtension>
        </extensions>
      </trkpt>
      <trkpt lat="30.90167247690260410308837890625" lon="121.75462818704545497894287109375">
        <ele>3.400000095367431640625</ele>
        <time>2026-09-06T13:46:02.000Z</time>
        <extensions>
          <ns3:TrackPointExtension>
            <ns3:atemp>30.0</ns3:atemp>
            <ns3:hr>174</ns3:hr>
            <ns3:cad>90</ns3:cad>
          </ns3:TrackPointExtension>
        </extensions>
      </trkpt>
      <trkpt lat="30.90167197398841381072998046875" lon="121.75459298305213451385498046875">
        <ele>3.400000095367431640625</ele>
        <time>2026-09-06T13:46:03.000Z</time>
        <extensions>
          <ns3:TrackPointExtension>
            <ns3:atemp>30.0</ns3:atemp>
            <ns3:hr>174</ns3:hr>
            <ns3:cad>90</ns3:cad>
          </ns3:TrackPointExtension>
        </extensions>
      </trkpt>
      <trkpt lat="30.90166895650327205657958984375" lon="121.75456414930522441864013671875">
        <ele>3.400000095367431640625</ele>
        <time>2026-09-06T13:46:04.000Z</time>
        <extensions>
          <ns3:TrackPointExtension>
            <ns3:atemp>30.0</ns3:atemp>
            <ns3:hr>175</ns3:hr>
            <ns3:cad>90</ns3:cad>
          </ns3:TrackPointExtension>
        </extensions>
      </trkpt>
      <trkpt lat="30.9016695432364940643310546875" lon="121.75452861003577709197998046875">
        <ele>3.400000095367431640625</ele>
        <time>2026-09-06T13:46:05.000Z</time>
        <extensions>
          <ns3:TrackPointExtension>
            <ns3:atemp>30.0</ns3:atemp>
            <ns3:hr>175</ns3:hr>
            <ns3:cad>90</ns3:cad>
          </ns3:TrackPointExtension>
        </extensions>
      </trkpt>
      <trkpt lat="30.90166761539876461029052734375" lon="121.7545020394027233123779296875">
        <ele>3.400000095367431640625</ele>
        <time>2026-09-06T13:46:06.000Z</time>
        <extensions>
          <ns3:TrackPointExtension>
            <ns3:atemp>30.0</ns3:atemp>
            <ns3:hr>175</ns3:hr>
            <ns3:cad>90</ns3:cad>
          </ns3:TrackPointExtension>
        </extensions>
      </trkpt>
      <trkpt lat="30.901670046150684356689453125" lon="121.75446323119103908538818359375">
        <ele>3.599999904632568359375</ele>
        <time>2026-09-06T13:46:07.000Z</time>
        <extensions>
          <ns3:TrackPointExtension>
            <ns3:atemp>30.0</ns3:atemp>
            <ns3:hr>175</ns3:hr>
            <ns3:cad>88</ns3:cad>
          </ns3:TrackPointExtension>
        </extensions>
      </trkpt>
      <trkpt lat="30.901666693389415740966796875" lon="121.754439510405063629150390625">
        <ele>3.599999904632568359375</ele>
        <time>2026-09-06T13:46:08.000Z</time>
        <extensions>
          <ns3:TrackPointExtension>
            <ns3:atemp>30.0</ns3:atemp>
            <ns3:hr>175</ns3:hr>
            <ns3:cad>88</ns3:cad>
          </ns3:TrackPointExtension>
        </extensions>
      </trkpt>
      <trkpt lat="30.90166962705552577972412109375" lon="121.7544038034975528717041015625">
        <ele>3.599999904632568359375</ele>
        <time>2026-09-06T13:46:09.000Z</time>
        <extensions>
          <ns3:TrackPointExtension>
            <ns3:atemp>30.0</ns3:atemp>
            <ns3:hr>175</ns3:hr>
            <ns3:cad>89</ns3:cad>
          </ns3:TrackPointExtension>
        </extensions>
      </trkpt>
      <trkpt lat="30.901665352284908294677734375" lon="121.7543766461312770843505859375">
        <ele>3.400000095367431640625</ele>
        <time>2026-09-06T13:46:10.000Z</time>
        <extensions>
          <ns3:TrackPointExtension>
            <ns3:atemp>30.0</ns3:atemp>
            <ns3:hr>176</ns3:hr>
            <ns3:cad>89</ns3:cad>
          </ns3:TrackPointExtension>
        </extensions>
      </trkpt>
      <trkpt lat="30.90166845358908176422119140625" lon="121.75434202887117862701416015625">
        <ele>3.400000095367431640625</ele>
        <time>2026-09-06T13:46:11.000Z</time>
        <extensions>
          <ns3:TrackPointExtension>
            <ns3:atemp>30.0</ns3:atemp>
            <ns3:hr>176</ns3:hr>
            <ns3:cad>89</ns3:cad>
          </ns3:TrackPointExtension>
        </extensions>
      </trkpt>
      <trkpt lat="30.901668369770050048828125" lon="121.75431654788553714752197265625">
        <ele>3.400000095367431640625</ele>
        <time>2026-09-06T13:46:12.000Z</time>
        <extensions>
          <ns3:TrackPointExtension>
            <ns3:atemp>30.0</ns3:atemp>
            <ns3:hr>176</ns3:hr>
            <ns3:cad>88</ns3:cad>
          </ns3:TrackPointExtension>
        </extensions>
      </trkpt>
      <trkpt lat="30.901667363941669464111328125" lon="121.75428620539605617523193359375">
        <ele>3.400000095367431640625</ele>
        <time>2026-09-06T13:46:13.000Z</time>
        <extensions>
          <ns3:TrackPointExtension>
            <ns3:atemp>30.0</ns3:atemp>
            <ns3:hr>176</ns3:hr>
            <ns3:cad>88</ns3:cad>
          </ns3:TrackPointExtension>
        </extensions>
      </trkpt>
      <trkpt lat="30.9016641788184642791748046875" lon="121.754260472953319549560546875">
        <ele>3.400000095367431640625</ele>
        <time>2026-09-06T13:46:14.000Z</time>
        <extensions>
          <ns3:TrackPointExtension>
            <ns3:atemp>30.0</ns3:atemp>
            <ns3:hr>176</ns3:hr>
            <ns3:cad>88</ns3:cad>
          </ns3:TrackPointExtension>
        </extensions>
      </trkpt>
      <trkpt lat="30.90166225098073482513427734375" lon="121.75423004664480686187744140625">
        <ele>3.400000095367431640625</ele>
        <time>2026-09-06T13:46:15.000Z</time>
        <extensions>
          <ns3:TrackPointExtension>
            <ns3:atemp>30.0</ns3:atemp>
            <ns3:hr>175</ns3:hr>
            <ns3:cad>90</ns3:cad>
          </ns3:TrackPointExtension>
        </extensions>
      </trkpt>
      <trkpt lat="30.90165789239108562469482421875" lon="121.75420858897268772125244140625">
        <ele>3.400000095367431640625</ele>
        <time>2026-09-06T13:46:16.000Z</time>
        <extensions>
          <ns3:TrackPointExtension>
            <ns3:atemp>30.0</ns3:atemp>
            <ns3:hr>176</ns3:hr>
            <ns3:cad>90</ns3:cad>
          </ns3:TrackPointExtension>
        </extensions>
      </trkpt>
      <trkpt lat="30.90165621601045131683349609375" lon="121.75417489372193813323974609375">
        <ele>3.400000095367431640625</ele>
        <time>2026-09-06T13:46:17.000Z</time>
        <extensions>
          <ns3:TrackPointExtension>
            <ns3:atemp>30.0</ns3:atemp>
            <ns3:hr>176</ns3:hr>
            <ns3:cad>88</ns3:cad>
          </ns3:TrackPointExtension>
        </extensions>
      </trkpt>
      <trkpt lat="30.9016571380198001861572265625" lon="121.75414857454597949981689453125">
        <ele>3.400000095367431640625</ele>
        <time>2026-09-06T13:46:18.000Z</time>
        <extensions>
          <ns3:TrackPointExtension>
            <ns3:atemp>30.0</ns3:atemp>
            <ns3:hr>176</ns3:hr>
            <ns3:cad>88</ns3:cad>
          </ns3:TrackPointExtension>
        </extensions>
      </trkpt>
      <trkpt lat="30.9016584791243076324462890625" lon="121.75411202944815158843994140625">
        <ele>3.400000095367431640625</ele>
        <time>2026-09-06T13:46:19.000Z</time>
        <extensions>
          <ns3:TrackPointExtension>
            <ns3:atemp>30.0</ns3:atemp>
            <ns3:hr>176</ns3:hr>
            <ns3:cad>88</ns3:cad>
          </ns3:TrackPointExtension>
        </extensions>
      </trkpt>
      <trkpt lat="30.901657976210117340087890625" lon="121.75408420152962207794189453125">
        <ele>3.400000095367431640625</ele>
        <time>2026-09-06T13:46:20.000Z</time>
        <extensions>
          <ns3:TrackPointExtension>
            <ns3:atemp>30.0</ns3:atemp>
            <ns3:hr>176</ns3:hr>
            <ns3:cad>88</ns3:cad>
          </ns3:TrackPointExtension>
        </extensions>
      </trkpt>
      <trkpt lat="30.9016561321914196014404296875" lon="121.7540520988404750823974609375">
        <ele>3.400000095367431640625</ele>
        <time>2026-09-06T13:46:21.000Z</time>
        <extensions>
          <ns3:TrackPointExtension>
            <ns3:atemp>30.0</ns3:atemp>
            <ns3:hr>176</ns3:hr>
            <ns3:cad>88</ns3:cad>
          </ns3:TrackPointExtension>
        </extensions>
      </trkpt>
      <trkpt lat="30.901653952896595001220703125" lon="121.7540219239890575408935546875">
        <ele>3.400000095367431640625</ele>
        <time>2026-09-06T13:46:22.000Z</time>
        <extensions>
          <ns3:TrackPointExtension>
            <ns3:atemp>30.0</ns3:atemp>
            <ns3:hr>177</ns3:hr>
            <ns3:cad>88</ns3:cad>
          </ns3:TrackPointExtension>
        </extensions>
      </trkpt>
      <trkpt lat="30.9016494266688823699951171875" lon="121.7539937607944011688232421875">
        <ele>3.400000095367431640625</ele>
        <time>2026-09-06T13:46:23.000Z</time>
        <extensions>
          <ns3:TrackPointExtension>
            <ns3:atemp>30.0</ns3:atemp>
            <ns3:hr>176</ns3:hr>
            <ns3:cad>87</ns3:cad>
          </ns3:TrackPointExtension>
        </extensions>
      </trkpt>
      <trkpt lat="30.9016490913927555084228515625" lon="121.75395897589623928070068359375">
        <ele>3.400000095367431640625</ele>
        <time>2026-09-06T13:46:24.000Z</time>
        <extensions>
          <ns3:TrackPointExtension>
            <ns3:atemp>30.0</ns3:atemp>
            <ns3:hr>176</ns3:hr>
            <ns3:cad>87</ns3:cad>
          </ns3:TrackPointExtension>
        </extensions>
      </trkpt>
      <trkpt lat="30.90164397843182086944580078125" lon="121.753934919834136962890625">
        <ele>3.400000095367431640625</ele>
        <time>2026-09-06T13:46:25.000Z</time>
        <extensions>
          <ns3:TrackPointExtension>
            <ns3:atemp>30.0</ns3:atemp>
            <ns3:hr>177</ns3:hr>
            <ns3:cad>87</ns3:cad>
          </ns3:TrackPointExtension>
        </extensions>
      </trkpt>
      <trkpt lat="30.90164381079375743865966796875" lon="121.75389912910759449005126953125">
        <ele>3.400000095367431640625</ele>
        <time>2026-09-06T13:46:26.000Z</time>
        <extensions>
          <ns3:TrackPointExtension>
            <ns3:atemp>30.0</ns3:atemp>
            <ns3:hr>177</ns3:hr>
            <ns3:cad>88</ns3:cad>
          </ns3:TrackPointExtension>
        </extensions>
      </trkpt>
      <trkpt lat="30.9016397036612033843994140625" lon="121.753870882093906402587890625">
        <ele>3.400000095367431640625</ele>
        <time>2026-09-06T13:46:27.000Z</time>
        <extensions>
          <ns3:TrackPointExtension>
            <ns3:atemp>30.0</ns3:atemp>
            <ns3:hr>177</ns3:hr>
            <ns3:cad>88</ns3:cad>
          </ns3:TrackPointExtension>
        </extensions>
      </trkpt>
      <trkpt lat="30.901639200747013092041015625" lon="121.75383894704282283782958984375">
        <ele>3.400000095367431640625</ele>
        <time>2026-09-06T13:46:28.000Z</time>
        <extensions>
          <ns3:TrackPointExtension>
            <ns3:atemp>30.0</ns3:atemp>
            <ns3:hr>176</ns3:hr>
            <ns3:cad>88</ns3:cad>
          </ns3:TrackPointExtension>
        </extensions>
      </trkpt>
      <trkpt lat="30.90163777582347393035888671875" lon="121.75381832756102085113525390625">
        <ele>3.400000095367431640625</ele>
        <time>2026-09-06T13:46:29.000Z</time>
        <extensions>
          <ns3:TrackPointExtension>
            <ns3:atemp>30.0</ns3:atemp>
            <ns3:hr>176</ns3:hr>
            <ns3:cad>87</ns3:cad>
          </ns3:TrackPointExtension>
        </extensions>
      </trkpt>
      <trkpt lat="30.90163676999509334564208984375" lon="121.75378479994833469390869140625">
        <ele>3.599999904632568359375</ele>
        <time>2026-09-06T13:46:30.000Z</time>
        <extensions>
          <ns3:TrackPointExtension>
            <ns3:atemp>30.0</ns3:atemp>
            <ns3:hr>176</ns3:hr>
            <ns3:cad>87</ns3:cad>
          </ns3:TrackPointExtension>
        </extensions>
      </trkpt>
      <trkpt lat="30.90163509361445903778076171875" lon="121.75376049242913722991943359375">
        <ele>3.599999904632568359375</ele>
        <time>2026-09-06T13:46:31.000Z</time>
        <extensions>
          <ns3:TrackPointExtension>
            <ns3:atemp>30.0</ns3:atemp>
            <ns3:hr>175</ns3:hr>
            <ns3:cad>88</ns3:cad>
          </ns3:TrackPointExtension>
        </extensions>
      </trkpt>
      <trkpt lat="30.90163283050060272216796875" lon="121.75372294150292873382568359375">
        <ele>3.599999904632568359375</ele>
        <time>2026-09-06T13:46:32.000Z</time>
        <extensions>
          <ns3:TrackPointExtension>
            <ns3:atemp>30.0</ns3:atemp>
            <ns3:hr>175</ns3:hr>
            <ns3:cad>88</ns3:cad>
          </ns3:TrackPointExtension>
        </extensions>
      </trkpt>
      <trkpt lat="30.90163090266287326812744140625" lon="121.753697209060192108154296875">
        <ele>3.599999904632568359375</ele>
        <time>2026-09-06T13:46:33.000Z</time>
        <extensions>
          <ns3:TrackPointExtension>
            <ns3:atemp>30.0</ns3:atemp>
            <ns3:hr>175</ns3:hr>
            <ns3:cad>88</ns3:cad>
          </ns3:TrackPointExtension>
        </extensions>
      </trkpt>
      <trkpt lat="30.90162939392030239105224609375" lon="121.75366225652396678924560546875">
        <ele>3.599999904632568359375</ele>
        <time>2026-09-06T13:46:34.000Z</time>
        <extensions>
          <ns3:TrackPointExtension>
            <ns3:atemp>30.0</ns3:atemp>
            <ns3:hr>174</ns3:hr>
            <ns3:cad>87</ns3:cad>
          </ns3:TrackPointExtension>
        </extensions>
      </trkpt>
      <trkpt lat="30.90163375250995159149169921875" lon="121.7536330036818981170654296875">
        <ele>3.599999904632568359375</ele>
        <time>2026-09-06T13:46:35.000Z</time>
        <extensions>
          <ns3:TrackPointExtension>
            <ns3:atemp>30.0</ns3:atemp>
            <ns3:hr>174</ns3:hr>
            <ns3:cad>87</ns3:cad>
          </ns3:TrackPointExtension>
        </extensions>
      </trkpt>
      <trkpt lat="30.9016326628625392913818359375" lon="121.75360006280243396759033203125">
        <ele>3.599999904632568359375</ele>
        <time>2026-09-06T13:46:36.000Z</time>
        <extensions>
          <ns3:TrackPointExtension>
            <ns3:atemp>30.0</ns3:atemp>
            <ns3:hr>174</ns3:hr>
            <ns3:cad>88</ns3:cad>
          </ns3:TrackPointExtension>
        </extensions>
      </trkpt>
      <trkpt lat="30.90163039974868297576904296875" lon="121.75357189960777759552001953125">
        <ele>3.599999904632568359375</ele>
        <time>2026-09-06T13:46:37.000Z</time>
        <extensions>
          <ns3:TrackPointExtension>
            <ns3:atemp>30.0</ns3:atemp>
            <ns3:hr>174</ns3:hr>
            <ns3:cad>88</ns3:cad>
          </ns3:TrackPointExtension>
        </extensions>
      </trkpt>
      <trkpt lat="30.9016249515116214752197265625" lon="121.7535444907844066619873046875">
        <ele>3.599999904632568359375</ele>
        <time>2026-09-06T13:46:38.000Z</time>
        <extensions>
          <ns3:TrackPointExtension>
            <ns3:atemp>30.0</ns3:atemp>
            <ns3:hr>174</ns3:hr>
            <ns3:cad>88</ns3:cad>
          </ns3:TrackPointExtension>
        </extensions>
      </trkpt>
      <trkpt lat="30.90162319131195545196533203125" lon="121.75351104699075222015380859375">
        <ele>3.599999904632568359375</ele>
        <time>2026-09-06T13:46:39.000Z</time>
        <extensions>
          <ns3:TrackPointExtension>
            <ns3:atemp>30.0</ns3:atemp>
            <ns3:hr>174</ns3:hr>
            <ns3:cad>88</ns3:cad>
          </ns3:TrackPointExtension>
        </extensions>
      </trkpt>
      <trkpt lat="30.90161749161779880523681640625" lon="121.75348120741546154022216796875">
        <ele>3.599999904632568359375</ele>
        <time>2026-09-06T13:46:40.000Z</time>
        <extensions>
          <ns3:TrackPointExtension>
            <ns3:atemp>30.0</ns3:atemp>
            <ns3:hr>174</ns3:hr>
            <ns3:cad>87</ns3:cad>
          </ns3:TrackPointExtension>
        </extensions>
      </trkpt>
      <trkpt lat="30.9016172401607036590576171875" lon="121.75344633869826793670654296875">
        <ele>3.599999904632568359375</ele>
        <time>2026-09-06T13:46:41.000Z</time>
        <extensions>
          <ns3:TrackPointExtension>
            <ns3:atemp>30.0</ns3:atemp>
            <ns3:hr>173</ns3:hr>
            <ns3:cad>87</ns3:cad>
          </ns3:TrackPointExtension>
        </extensions>
      </trkpt>
      <trkpt lat="30.9016133844852447509765625" lon="121.75342136062681674957275390625">
        <ele>3.599999904632568359375</ele>
        <time>2026-09-06T13:46:42.000Z</time>
        <extensions>
          <ns3:TrackPointExtension>
            <ns3:atemp>30.0</ns3:atemp>
            <ns3:hr>173</ns3:hr>
            <ns3:cad>87</ns3:cad>
          </ns3:TrackPointExtension>
        </extensions>
      </trkpt>
      <trkpt lat="30.9016142226755619049072265625" lon="121.75338883884251117706298828125">
        <ele>3.599999904632568359375</ele>
        <time>2026-09-06T13:46:43.000Z</time>
        <extensions>
          <ns3:TrackPointExtension>
            <ns3:atemp>30.0</ns3:atemp>
            <ns3:hr>173</ns3:hr>
            <ns3:cad>88</ns3:cad>
          </ns3:TrackPointExtension>
        </extensions>
      </trkpt>
      <trkpt lat="30.90161246247589588165283203125" lon="121.7533641122281551361083984375">
        <ele>3.599999904632568359375</ele>
        <time>2026-09-06T13:46:44.000Z</time>
        <extensions>
          <ns3:TrackPointExtension>
            <ns3:atemp>30.0</ns3:atemp>
            <ns3:hr>173</ns3:hr>
            <ns3:cad>88</ns3:cad>
          </ns3:TrackPointExtension>
        </extensions>
      </trkpt>
      <trkpt lat="30.90161531232297420501708984375" lon="121.75333117134869098663330078125">
        <ele>3.599999904632568359375</ele>
        <time>2026-09-06T13:46:45.000Z</time>
        <extensions>
          <ns3:TrackPointExtension>
            <ns3:atemp>30.0</ns3:atemp>
            <ns3:hr>174</ns3:hr>
            <ns3:cad>88</ns3:cad>
          </ns3:TrackPointExtension>
        </extensions>
      </trkpt>
      <trkpt lat="30.9016135521233081817626953125" lon="121.75330619327723979949951171875">
        <ele>3.599999904632568359375</ele>
        <time>2026-09-06T13:46:46.000Z</time>
        <extensions>
          <ns3:TrackPointExtension>
            <ns3:atemp>30.0</ns3:atemp>
            <ns3:hr>173</ns3:hr>
            <ns3:cad>87</ns3:cad>
          </ns3:TrackPointExtension>
        </extensions>
      </trkpt>
      <trkpt lat="30.901613719761371612548828125" lon="121.753277443349361419677734375">
        <ele>3.599999904632568359375</ele>
        <time>2026-09-06T13:46:47.000Z</time>
        <extensions>
          <ns3:TrackPointExtension>
            <ns3:atemp>30.0</ns3:atemp>
            <ns3:hr>173</ns3:hr>
            <ns3:cad>88</ns3:cad>
          </ns3:TrackPointExtension>
        </extensions>
      </trkpt>
      <trkpt lat="30.90161112137138843536376953125" lon="121.7532511241734027862548828125">
        <ele>3.7999999523162841796875</ele>
        <time>2026-09-06T13:46:48.000Z</time>
        <extensions>
          <ns3:TrackPointExtension>
            <ns3:atemp>30.0</ns3:atemp>
            <ns3:hr>173</ns3:hr>
            <ns3:cad>89</ns3:cad>
          </ns3:TrackPointExtension>
        </extensions>
      </trkpt>
      <trkpt lat="30.90160726569592952728271484375" lon="121.75322053022682666778564453125">
        <ele>3.7999999523162841796875</ele>
        <time>2026-09-06T13:46:49.000Z</time>
        <extensions>
          <ns3:TrackPointExtension>
            <ns3:atemp>30.0</ns3:atemp>
            <ns3:hr>174</ns3:hr>
            <ns3:cad>89</ns3:cad>
          </ns3:TrackPointExtension>
        </extensions>
      </trkpt>
      <trkpt lat="30.9016051702201366424560546875" lon="121.753188930451869964599609375">
        <ele>3.7999999523162841796875</ele>
        <time>2026-09-06T13:46:50.000Z</time>
        <extensions>
          <ns3:TrackPointExtension>
            <ns3:atemp>30.0</ns3:atemp>
            <ns3:hr>173</ns3:hr>
            <ns3:cad>88</ns3:cad>
          </ns3:TrackPointExtension>
        </extensions>
      </trkpt>
      <trkpt lat="30.90159871615469455718994140625" lon="121.75315749831497669219970703125">
        <ele>3.7999999523162841796875</ele>
        <time>2026-09-06T13:46:51.000Z</time>
        <extensions>
          <ns3:TrackPointExtension>
            <ns3:atemp>30.0</ns3:atemp>
            <ns3:hr>173</ns3:hr>
            <ns3:cad>87</ns3:cad>
          </ns3:TrackPointExtension>
        </extensions>
      </trkpt>
      <trkpt lat="30.90159938670694828033447265625" lon="121.7531235516071319580078125">
        <ele>3.7999999523162841796875</ele>
        <time>2026-09-06T13:46:52.000Z</time>
        <extensions>
          <ns3:TrackPointExtension>
            <ns3:atemp>30.0</ns3:atemp>
            <ns3:hr>173</ns3:hr>
            <ns3:cad>87</ns3:cad>
          </ns3:TrackPointExtension>
        </extensions>
      </trkpt>
      <trkpt lat="30.90159469284117221832275390625" lon="121.753096394240856170654296875">
        <ele>3.7999999523162841796875</ele>
        <time>2026-09-06T13:46:53.000Z</time>
        <extensions>
          <ns3:TrackPointExtension>
            <ns3:atemp>30.0</ns3:atemp>
            <ns3:hr>173</ns3:hr>
            <ns3:cad>87</ns3:cad>
          </ns3:TrackPointExtension>
        </extensions>
      </trkpt>
      <trkpt lat="30.90159737505018711090087890625" lon="121.75306093879044055938720703125">
        <ele>3.7999999523162841796875</ele>
        <time>2026-09-06T13:46:54.000Z</time>
        <extensions>
          <ns3:TrackPointExtension>
            <ns3:atemp>30.0</ns3:atemp>
            <ns3:hr>173</ns3:hr>
            <ns3:cad>88</ns3:cad>
          </ns3:TrackPointExtension>
        </extensions>
      </trkpt>
      <trkpt lat="30.901591591536998748779296875" lon="121.75304048694670200347900390625">
        <ele>3.7999999523162841796875</ele>
        <time>2026-09-06T13:46:55.000Z</time>
        <extensions>
          <ns3:TrackPointExtension>
            <ns3:atemp>30.0</ns3:atemp>
            <ns3:hr>173</ns3:hr>
            <ns3:cad>88</ns3:cad>
          </ns3:TrackPointExtension>
        </extensions>
      </trkpt>
      <trkpt lat="30.90158983133733272552490234375" lon="121.75300260074436664581298828125">
        <ele>3.7999999523162841796875</ele>
        <time>2026-09-06T13:46:56.000Z</time>
        <extensions>
          <ns3:TrackPointExtension>
            <ns3:atemp>30.0</ns3:atemp>
            <ns3:hr>173</ns3:hr>
            <ns3:cad>87</ns3:cad>
          </ns3:TrackPointExtension>
        </extensions>
      </trkpt>
      <trkpt lat="30.90158664621412754058837890625" lon="121.7529760301113128662109375">
        <ele>3.7999999523162841796875</ele>
        <time>2026-09-06T13:46:57.000Z</time>
        <extensions>
          <ns3:TrackPointExtension>
            <ns3:atemp>30.0</ns3:atemp>
            <ns3:hr>172</ns3:hr>
            <ns3:cad>87</ns3:cad>
          </ns3:TrackPointExtension>
        </extensions>
      </trkpt>
      <trkpt lat="30.90158186852931976318359375" lon="121.7529419995844364166259765625">
        <ele>3.7999999523162841796875</ele>
        <time>2026-09-06T13:46:58.000Z</time>
        <extensions>
          <ns3:TrackPointExtension>
            <ns3:atemp>30.0</ns3:atemp>
            <ns3:hr>173</ns3:hr>
            <ns3:cad>87</ns3:cad>
          </ns3:TrackPointExtension>
        </extensions>
      </trkpt>
      <trkpt lat="30.90157977305352687835693359375" lon="121.75291232764720916748046875">
        <ele>3.7999999523162841796875</ele>
        <time>2026-09-06T13:46:59.000Z</time>
        <extensions>
          <ns3:TrackPointExtension>
            <ns3:atemp>30.0</ns3:atemp>
            <ns3:hr>173</ns3:hr>
            <ns3:cad>87</ns3:cad>
          </ns3:TrackPointExtension>
        </extensions>
      </trkpt>
      <trkpt lat="30.90157927013933658599853515625" lon="121.75287972204387187957763671875">
        <ele>3.7999999523162841796875</ele>
        <time>2026-09-06T13:47:00.000Z</time>
        <extensions>
          <ns3:TrackPointExtension>
            <ns3:atemp>30.0</ns3:atemp>
            <ns3:hr>172</ns3:hr>
            <ns3:cad>87</ns3:cad>
          </ns3:TrackPointExtension>
        </extensions>
      </trkpt>
      <trkpt lat="30.90157927013933658599853515625" lon="121.75284887664020061492919921875">
        <ele>3.7999999523162841796875</ele>
        <time>2026-09-06T13:47:01.000Z</time>
        <extensions>
          <ns3:TrackPointExtension>
            <ns3:atemp>30.0</ns3:atemp>
            <ns3:hr>173</ns3:hr>
            <ns3:cad>86</ns3:cad>
          </ns3:TrackPointExtension>
        </extensions>
      </trkpt>
      <trkpt lat="30.90157742612063884735107421875" lon="121.75282255746424198150634765625">
        <ele>3.7999999523162841796875</ele>
        <time>2026-09-06T13:47:02.000Z</time>
        <extensions>
          <ns3:TrackPointExtension>
            <ns3:atemp>30.0</ns3:atemp>
            <ns3:hr>173</ns3:hr>
            <ns3:cad>86</ns3:cad>
          </ns3:TrackPointExtension>
        </extensions>
      </trkpt>
      <trkpt lat="30.9015785157680511474609375" lon="121.75279120914638042449951171875">
        <ele>3.7999999523162841796875</ele>
        <time>2026-09-06T13:47:03.000Z</time>
        <extensions>
          <ns3:TrackPointExtension>
            <ns3:atemp>30.0</ns3:atemp>
            <ns3:hr>172</ns3:hr>
            <ns3:cad>88</ns3:cad>
          </ns3:TrackPointExtension>
        </extensions>
      </trkpt>
      <trkpt lat="30.90157516300678253173828125" lon="121.75276556052267551422119140625">
        <ele>3.7999999523162841796875</ele>
        <time>2026-09-06T13:47:04.000Z</time>
        <extensions>
          <ns3:TrackPointExtension>
            <ns3:atemp>30.0</ns3:atemp>
            <ns3:hr>173</ns3:hr>
            <ns3:cad>88</ns3:cad>
          </ns3:TrackPointExtension>
        </extensions>
      </trkpt>
      <trkpt lat="30.90157608501613140106201171875" lon="121.75273287110030651092529296875">
        <ele>3.7999999523162841796875</ele>
        <time>2026-09-06T13:47:05.000Z</time>
        <extensions>
          <ns3:TrackPointExtension>
            <ns3:atemp>30.0</ns3:atemp>
            <ns3:hr>173</ns3:hr>
            <ns3:cad>88</ns3:cad>
          </ns3:TrackPointExtension>
        </extensions>
      </trkpt>
      <trkpt lat="30.90157306753098964691162109375" lon="121.752710826694965362548828125">
        <ele>3.7999999523162841796875</ele>
        <time>2026-09-06T13:47:06.000Z</time>
        <extensions>
          <ns3:TrackPointExtension>
            <ns3:atemp>30.0</ns3:atemp>
            <ns3:hr>173</ns3:hr>
            <ns3:cad>88</ns3:cad>
          </ns3:TrackPointExtension>
        </extensions>
      </trkpt>
      <trkpt lat="30.90157440863549709320068359375" lon="121.75267822109162807464599609375">
        <ele>3.7999999523162841796875</ele>
        <time>2026-09-06T13:47:07.000Z</time>
        <extensions>
          <ns3:TrackPointExtension>
            <ns3:atemp>30.0</ns3:atemp>
            <ns3:hr>173</ns3:hr>
            <ns3:cad>88</ns3:cad>
          </ns3:TrackPointExtension>
        </extensions>
      </trkpt>
      <trkpt lat="30.90156988240778446197509765625" lon="121.75265491940081119537353515625">
        <ele>3.7999999523162841796875</ele>
        <time>2026-09-06T13:47:08.000Z</time>
        <extensions>
          <ns3:TrackPointExtension>
            <ns3:atemp>30.0</ns3:atemp>
            <ns3:hr>173</ns3:hr>
            <ns3:cad>88</ns3:cad>
          </ns3:TrackPointExtension>
        </extensions>
      </trkpt>
      <trkpt lat="30.90157172642648220062255859375" lon="121.7526208050549030303955078125">
        <ele>3.7999999523162841796875</ele>
        <time>2026-09-06T13:47:09.000Z</time>
        <extensions>
          <ns3:TrackPointExtension>
            <ns3:atemp>30.0</ns3:atemp>
            <ns3:hr>174</ns3:hr>
            <ns3:cad>88</ns3:cad>
          </ns3:TrackPointExtension>
        </extensions>
      </trkpt>
      <trkpt lat="30.9015669487416744232177734375" lon="121.7525980062782764434814453125">
        <ele>3.7999999523162841796875</ele>
        <time>2026-09-06T13:47:10.000Z</time>
        <extensions>
          <ns3:TrackPointExtension>
            <ns3:atemp>30.0</ns3:atemp>
            <ns3:hr>174</ns3:hr>
            <ns3:cad>88</ns3:cad>
          </ns3:TrackPointExtension>
        </extensions>
      </trkpt>
      <trkpt lat="30.90156854130327701568603515625" lon="121.7525629699230194091796875">
        <ele>3.7999999523162841796875</ele>
        <time>2026-09-06T13:47:11.000Z</time>
        <extensions>
          <ns3:TrackPointExtension>
            <ns3:atemp>30.0</ns3:atemp>
            <ns3:hr>174</ns3:hr>
            <ns3:cad>88</ns3:cad>
          </ns3:TrackPointExtension>
        </extensions>
      </trkpt>
      <trkpt lat="30.90156485326588153839111328125" lon="121.7525396682322025299072265625">
        <ele>4</ele>
        <time>2026-09-06T13:47:12.000Z</time>
        <extensions>
          <ns3:TrackPointExtension>
            <ns3:atemp>30.0</ns3:atemp>
            <ns3:hr>174</ns3:hr>
            <ns3:cad>87</ns3:cad>
          </ns3:TrackPointExtension>
        </extensions>
      </trkpt>
      <trkpt lat="30.9015619195997714996337890625" lon="121.75250194966793060302734375">
        <ele>3.7999999523162841796875</ele>
        <time>2026-09-06T13:47:13.000Z</time>
        <extensions>
          <ns3:TrackPointExtension>
            <ns3:atemp>30.0</ns3:atemp>
            <ns3:hr>174</ns3:hr>
            <ns3:cad>87</ns3:cad>
          </ns3:TrackPointExtension>
        </extensions>
      </trkpt>
      <trkpt lat="30.90156015940010547637939453125" lon="121.75247638486325740814208984375">
        <ele>4</ele>
        <time>2026-09-06T13:47:14.000Z</time>
        <extensions>
          <ns3:TrackPointExtension>
            <ns3:atemp>30.0</ns3:atemp>
            <ns3:hr>174</ns3:hr>
            <ns3:cad>87</ns3:cad>
          </ns3:TrackPointExtension>
        </extensions>
      </trkpt>
      <trkpt lat="30.90156066231429576873779296875" lon="121.7524484731256961822509765625">
        <ele>4</ele>
        <time>2026-09-06T13:47:15.000Z</time>
        <extensions>
          <ns3:TrackPointExtension>
            <ns3:atemp>30.0</ns3:atemp>
            <ns3:hr>173</ns3:hr>
            <ns3:cad>88</ns3:cad>
          </ns3:TrackPointExtension>
        </extensions>
      </trkpt>
      <trkpt lat="30.901560075581073760986328125" lon="121.75242089666426181793212890625">
        <ele>3.7999999523162841796875</ele>
        <time>2026-09-06T13:47:16.000Z</time>
        <extensions>
          <ns3:TrackPointExtension>
            <ns3:atemp>30.0</ns3:atemp>
            <ns3:hr>174</ns3:hr>
            <ns3:cad>88</ns3:cad>
          </ns3:TrackPointExtension>
        </extensions>
      </trkpt>
      <trkpt lat="30.90155714191496372222900390625" lon="121.75238787196576595306396484375">
        <ele>4</ele>
        <time>2026-09-06T13:47:17.000Z</time>
        <extensions>
          <ns3:TrackPointExtension>
            <ns3:atemp>30.0</ns3:atemp>
            <ns3:hr>174</ns3:hr>
            <ns3:cad>88</ns3:cad>
          </ns3:TrackPointExtension>
        </extensions>
      </trkpt>
      <trkpt lat="30.901555381715297698974609375" lon="121.75236138515174388885498046875">
        <ele>4</ele>
        <time>2026-09-06T13:47:18.000Z</time>
        <extensions>
          <ns3:TrackPointExtension>
            <ns3:atemp>30.0</ns3:atemp>
            <ns3:hr>174</ns3:hr>
            <ns3:cad>87</ns3:cad>
          </ns3:TrackPointExtension>
        </extensions>
      </trkpt>
      <trkpt lat="30.90155278332531452178955078125" lon="121.75232936628162860870361328125">
        <ele>4</ele>
        <time>2026-09-06T13:47:19.000Z</time>
        <extensions>
          <ns3:TrackPointExtension>
            <ns3:atemp>30.0</ns3:atemp>
            <ns3:hr>174</ns3:hr>
            <ns3:cad>87</ns3:cad>
          </ns3:TrackPointExtension>
        </extensions>
      </trkpt>
      <trkpt lat="30.901555381715297698974609375" lon="121.75230053253471851348876953125">
        <ele>4</ele>
        <time>2026-09-06T13:47:20.000Z</time>
        <extensions>
          <ns3:TrackPointExtension>
            <ns3:atemp>30.0</ns3:atemp>
            <ns3:hr>174</ns3:hr>
            <ns3:cad>89</ns3:cad>
          </ns3:TrackPointExtension>
        </extensions>
      </trkpt>
      <trkpt lat="30.90155127458274364471435546875" lon="121.7522714473307132720947265625">
        <ele>4</ele>
        <time>2026-09-06T13:47:21.000Z</time>
        <extensions>
          <ns3:TrackPointExtension>
            <ns3:atemp>30.0</ns3:atemp>
            <ns3:hr>174</ns3:hr>
            <ns3:cad>89</ns3:cad>
          </ns3:TrackPointExtension>
        </extensions>
      </trkpt>
      <trkpt lat="30.9015518613159656524658203125" lon="121.75223951227962970733642578125">
        <ele>4</ele>
        <time>2026-09-06T13:47:22.000Z</time>
        <extensions>
          <ns3:TrackPointExtension>
            <ns3:atemp>30.0</ns3:atemp>
            <ns3:hr>174</ns3:hr>
            <ns3:cad>88</ns3:cad>
          </ns3:TrackPointExtension>
        </extensions>
      </trkpt>
      <trkpt lat="30.90154674835503101348876953125" lon="121.7522161267697811126708984375">
        <ele>4</ele>
        <time>2026-09-06T13:47:23.000Z</time>
        <extensions>
          <ns3:TrackPointExtension>
            <ns3:atemp>30.0</ns3:atemp>
            <ns3:hr>174</ns3:hr>
            <ns3:cad>88</ns3:cad>
          </ns3:TrackPointExtension>
        </extensions>
      </trkpt>
      <trkpt lat="30.90154607780277729034423828125" lon="121.752183437347412109375">
        <ele>4</ele>
        <time>2026-09-06T13:47:24.000Z</time>
        <extensions>
          <ns3:TrackPointExtension>
            <ns3:atemp>30.0</ns3:atemp>
            <ns3:hr>174</ns3:hr>
            <ns3:cad>88</ns3:cad>
          </ns3:TrackPointExtension>
        </extensions>
      </trkpt>
      <trkpt lat="30.90154188685119152069091796875" lon="121.75215703435242176055908203125">
        <ele>4</ele>
        <time>2026-09-06T13:47:25.000Z</time>
        <extensions>
          <ns3:TrackPointExtension>
            <ns3:atemp>30.0</ns3:atemp>
            <ns3:hr>174</ns3:hr>
            <ns3:cad>88</ns3:cad>
          </ns3:TrackPointExtension>
        </extensions>
      </trkpt>
      <trkpt lat="30.90154071338474750518798828125" lon="121.75212082453072071075439453125">
        <ele>4</ele>
        <time>2026-09-06T13:47:26.000Z</time>
        <extensions>
          <ns3:TrackPointExtension>
            <ns3:atemp>30.0</ns3:atemp>
            <ns3:hr>174</ns3:hr>
            <ns3:cad>88</ns3:cad>
          </ns3:TrackPointExtension>
        </extensions>
      </trkpt>
      <trkpt lat="30.90154029428958892822265625" lon="121.75209668464958667755126953125">
        <ele>4</ele>
        <time>2026-09-06T13:47:27.000Z</time>
        <extensions>
          <ns3:TrackPointExtension>
            <ns3:atemp>30.0</ns3:atemp>
            <ns3:hr>174</ns3:hr>
            <ns3:cad>88</ns3:cad>
          </ns3:TrackPointExtension>
        </extensions>
      </trkpt>
      <trkpt lat="30.90153886936604976654052734375" lon="121.75206349231302738189697265625">
        <ele>4</ele>
        <time>2026-09-06T13:47:28.000Z</time>
        <extensions>
          <ns3:TrackPointExtension>
            <ns3:atemp>30.0</ns3:atemp>
            <ns3:hr>174</ns3:hr>
            <ns3:cad>87</ns3:cad>
          </ns3:TrackPointExtension>
        </extensions>
      </trkpt>
      <trkpt lat="30.9015381149947643280029296875" lon="121.75204488448798656463623046875">
        <ele>4</ele>
        <time>2026-09-06T13:47:29.000Z</time>
        <extensions>
          <ns3:TrackPointExtension>
            <ns3:atemp>30.0</ns3:atemp>
            <ns3:hr>174</ns3:hr>
            <ns3:cad>87</ns3:cad>
          </ns3:TrackPointExtension>
        </extensions>
      </trkpt>
      <trkpt lat="30.90153635479509830474853515625" lon="121.75201068632304668426513671875">
        <ele>4</ele>
        <time>2026-09-06T13:47:30.000Z</time>
        <extensions>
          <ns3:TrackPointExtension>
            <ns3:atemp>30.0</ns3:atemp>
            <ns3:hr>174</ns3:hr>
            <ns3:cad>87</ns3:cad>
          </ns3:TrackPointExtension>
        </extensions>
      </trkpt>
      <trkpt lat="30.9015356004238128662109375" lon="121.751982606947422027587890625">
        <ele>4</ele>
        <time>2026-09-06T13:47:31.000Z</time>
        <extensions>
          <ns3:TrackPointExtension>
            <ns3:atemp>30.0</ns3:atemp>
            <ns3:hr>174</ns3:hr>
            <ns3:cad>87</ns3:cad>
          </ns3:TrackPointExtension>
        </extensions>
      </trkpt>
      <trkpt lat="30.90153199620544910430908203125" lon="121.75194916315376758575439453125">
        <ele>4</ele>
        <time>2026-09-06T13:47:32.000Z</time>
        <extensions>
          <ns3:TrackPointExtension>
            <ns3:atemp>30.0</ns3:atemp>
            <ns3:hr>173</ns3:hr>
            <ns3:cad>88</ns3:cad>
          </ns3:TrackPointExtension>
        </extensions>
      </trkpt>
      <trkpt lat="30.90153601951897144317626953125" lon="121.751915551722049713134765625">
        <ele>4</ele>
        <time>2026-09-06T13:47:33.000Z</time>
        <extensions>
          <ns3:TrackPointExtension>
            <ns3:atemp>30.0</ns3:atemp>
            <ns3:hr>174</ns3:hr>
            <ns3:cad>88</ns3:cad>
          </ns3:TrackPointExtension>
        </extensions>
      </trkpt>
      <trkpt lat="30.90153367258608341217041015625" lon="121.7518882267177104949951171875">
        <ele>4.19999980926513671875</ele>
        <time>2026-09-06T13:47:34.000Z</time>
        <extensions>
          <ns3:TrackPointExtension>
            <ns3:atemp>30.0</ns3:atemp>
            <ns3:hr>174</ns3:hr>
            <ns3:cad>87</ns3:cad>
          </ns3:TrackPointExtension>
        </extensions>
      </trkpt>
      <trkpt lat="30.9015337564051151275634765625" lon="121.75185645930469036102294921875">
        <ele>4.19999980926513671875</ele>
        <time>2026-09-06T13:47:35.000Z</time>
        <extensions>
          <ns3:TrackPointExtension>
            <ns3:atemp>30.0</ns3:atemp>
            <ns3:hr>174</ns3:hr>
            <ns3:cad>87</ns3:cad>
          </ns3:TrackPointExtension>
        </extensions>
      </trkpt>
      <trkpt lat="30.90153099037706851959228515625" lon="121.7518298886716365814208984375">
        <ele>4</ele>
        <time>2026-09-06T13:47:36.000Z</time>
        <extensions>
          <ns3:TrackPointExtension>
            <ns3:atemp>30.0</ns3:atemp>
            <ns3:hr>174</ns3:hr>
            <ns3:cad>87</ns3:cad>
          </ns3:TrackPointExtension>
        </extensions>
      </trkpt>
      <trkpt lat="30.90153015218675136566162109375" lon="121.75180264748632907867431640625">
        <ele>4</ele>
        <time>2026-09-06T13:47:37.000Z</time>
        <extensions>
          <ns3:TrackPointExtension>
            <ns3:atemp>30.0</ns3:atemp>
            <ns3:hr>173</ns3:hr>
            <ns3:cad>89</ns3:cad>
          </ns3:TrackPointExtension>
        </extensions>
      </trkpt>
      <trkpt lat="30.9015253745019435882568359375" lon="121.75177867524325847625732421875">
        <ele>4</ele>
        <time>2026-09-06T13:47:38.000Z</time>
        <extensions>
          <ns3:TrackPointExtension>
            <ns3:atemp>30.0</ns3:atemp>
            <ns3:hr>173</ns3:hr>
            <ns3:cad>89</ns3:cad>
          </ns3:TrackPointExtension>
        </extensions>
      </trkpt>
      <trkpt lat="30.90152311138808727264404296875" lon="121.75173944793641567230224609375">
        <ele>4</ele>
        <time>2026-09-06T13:47:39.000Z</time>
        <extensions>
          <ns3:TrackPointExtension>
            <ns3:atemp>30.0</ns3:atemp>
            <ns3:hr>173</ns3:hr>
            <ns3:cad>88</ns3:cad>
          </ns3:TrackPointExtension>
        </extensions>
      </trkpt>
      <trkpt lat="30.9015200100839138031005859375" lon="121.75170960836112499237060546875">
        <ele>4</ele>
        <time>2026-09-06T13:47:40.000Z</time>
        <extensions>
          <ns3:TrackPointExtension>
            <ns3:atemp>30.0</ns3:atemp>
            <ns3:hr>173</ns3:hr>
            <ns3:cad>86</ns3:cad>
          </ns3:TrackPointExtension>
        </extensions>
      </trkpt>
      <trkpt lat="30.901519171893596649169921875" lon="121.7516723088920116424560546875">
        <ele>4.19999980926513671875</ele>
        <time>2026-09-06T13:47:41.000Z</time>
        <extensions>
          <ns3:TrackPointExtension>
            <ns3:atemp>30.0</ns3:atemp>
            <ns3:hr>174</ns3:hr>
            <ns3:cad>86</ns3:cad>
          </ns3:TrackPointExtension>
        </extensions>
      </trkpt>
      <trkpt lat="30.90152109973132610321044921875" lon="121.751641966402530670166015625">
        <ele>4.19999980926513671875</ele>
        <time>2026-09-06T13:47:42.000Z</time>
        <extensions>
          <ns3:TrackPointExtension>
            <ns3:atemp>30.0</ns3:atemp>
            <ns3:hr>173</ns3:hr>
            <ns3:cad>87</ns3:cad>
          </ns3:TrackPointExtension>
        </extensions>
      </trkpt>
      <trkpt lat="30.90152093209326267242431640625" lon="121.7516086064279079437255859375">
        <ele>4.19999980926513671875</ele>
        <time>2026-09-06T13:47:43.000Z</time>
        <extensions>
          <ns3:TrackPointExtension>
            <ns3:atemp>30.0</ns3:atemp>
            <ns3:hr>173</ns3:hr>
            <ns3:cad>88</ns3:cad>
          </ns3:TrackPointExtension>
        </extensions>
      </trkpt>
      <trkpt lat="30.90152177028357982635498046875" lon="121.7515770904719829559326171875">
        <ele>4.19999980926513671875</ele>
        <time>2026-09-06T13:47:44.000Z</time>
        <extensions>
          <ns3:TrackPointExtension>
            <ns3:atemp>30.0</ns3:atemp>
            <ns3:hr>173</ns3:hr>
            <ns3:cad>88</ns3:cad>
          </ns3:TrackPointExtension>
        </extensions>
      </trkpt>
      <trkpt lat="30.9015179984271526336669921875" lon="121.75154515542089939117431640625">
        <ele>4.19999980926513671875</ele>
        <time>2026-09-06T13:47:45.000Z</time>
        <extensions>
          <ns3:TrackPointExtension>
            <ns3:atemp>30.0</ns3:atemp>
            <ns3:hr>174</ns3:hr>
            <ns3:cad>87</ns3:cad>
          </ns3:TrackPointExtension>
        </extensions>
      </trkpt>
      <trkpt lat="30.90151640586555004119873046875" lon="121.75151749514043331146240234375">
        <ele>4.19999980926513671875</ele>
        <time>2026-09-06T13:47:46.000Z</time>
        <extensions>
          <ns3:TrackPointExtension>
            <ns3:atemp>30.0</ns3:atemp>
            <ns3:hr>173</ns3:hr>
            <ns3:cad>87</ns3:cad>
          </ns3:TrackPointExtension>
        </extensions>
      </trkpt>
      <trkpt lat="30.9015139751136302947998046875" lon="121.751495115458965301513671875">
        <ele>4.19999980926513671875</ele>
        <time>2026-09-06T13:47:47.000Z</time>
        <extensions>
          <ns3:TrackPointExtension>
            <ns3:atemp>30.0</ns3:atemp>
            <ns3:hr>173</ns3:hr>
            <ns3:cad>88</ns3:cad>
          </ns3:TrackPointExtension>
        </extensions>
      </trkpt>
      <trkpt lat="30.90151640586555004119873046875" lon="121.751466281712055206298828125">
        <ele>4.19999980926513671875</ele>
        <time>2026-09-06T13:47:48.000Z</time>
        <extensions>
          <ns3:TrackPointExtension>
            <ns3:atemp>30.0</ns3:atemp>
            <ns3:hr>174</ns3:hr>
            <ns3:cad>88</ns3:cad>
          </ns3:TrackPointExtension>
        </extensions>
      </trkpt>
      <trkpt lat="30.9015149809420108795166015625" lon="121.75143635831773281097412109375">
        <ele>4.19999980926513671875</ele>
        <time>2026-09-06T13:47:49.000Z</time>
        <extensions>
          <ns3:TrackPointExtension>
            <ns3:atemp>30.0</ns3:atemp>
            <ns3:hr>173</ns3:hr>
            <ns3:cad>88</ns3:cad>
          </ns3:TrackPointExtension>
        </extensions>
      </trkpt>
      <trkpt lat="30.9015122987329959869384765625" lon="121.75140618346631526947021484375">
        <ele>4</ele>
        <time>2026-09-06T13:47:50.000Z</time>
        <extensions>
          <ns3:TrackPointExtension>
            <ns3:atemp>30.0</ns3:atemp>
            <ns3:hr>173</ns3:hr>
            <ns3:cad>87</ns3:cad>
          </ns3:TrackPointExtension>
        </extensions>
      </trkpt>
      <trkpt lat="30.90150802396237850189208984375" lon="121.75138053484261035919189453125">
        <ele>4</ele>
        <time>2026-09-06T13:47:51.000Z</time>
        <extensions>
          <ns3:TrackPointExtension>
            <ns3:atemp>30.0</ns3:atemp>
            <ns3:hr>174</ns3:hr>
            <ns3:cad>87</ns3:cad>
          </ns3:TrackPointExtension>
        </extensions>
      </trkpt>
      <trkpt lat="30.90151011943817138671875" lon="121.7513467557728290557861328125">
        <ele>4.19999980926513671875</ele>
        <time>2026-09-06T13:47:52.000Z</time>
        <extensions>
          <ns3:TrackPointExtension>
            <ns3:atemp>30.0</ns3:atemp>
            <ns3:hr>174</ns3:hr>
            <ns3:cad>88</ns3:cad>
          </ns3:TrackPointExtension>
        </extensions>
      </trkpt>
      <trkpt lat="30.9015045873820781707763671875" lon="121.751325465738773345947265625">
        <ele>4.19999980926513671875</ele>
        <time>2026-09-06T13:47:53.000Z</time>
        <extensions>
          <ns3:TrackPointExtension>
            <ns3:atemp>30.0</ns3:atemp>
            <ns3:hr>174</ns3:hr>
            <ns3:cad>89</ns3:cad>
          </ns3:TrackPointExtension>
        </extensions>
      </trkpt>
      <trkpt lat="30.90150970034301280975341796875" lon="121.75129202194511890411376953125">
        <ele>4.19999980926513671875</ele>
        <time>2026-09-06T13:47:54.000Z</time>
        <extensions>
          <ns3:TrackPointExtension>
            <ns3:atemp>30.0</ns3:atemp>
            <ns3:hr>174</ns3:hr>
            <ns3:cad>89</ns3:cad>
          </ns3:TrackPointExtension>
        </extensions>
      </trkpt>
      <trkpt lat="30.90150651521980762481689453125" lon="121.75127056427299976348876953125">
        <ele>4.19999980926513671875</ele>
        <time>2026-09-06T13:47:55.000Z</time>
        <extensions>
          <ns3:TrackPointExtension>
            <ns3:atemp>30.0</ns3:atemp>
            <ns3:hr>174</ns3:hr>
            <ns3:cad>88</ns3:cad>
          </ns3:TrackPointExtension>
        </extensions>
      </trkpt>
      <trkpt lat="30.9015062637627124786376953125" lon="121.75123720429837703704833984375">
        <ele>4.19999980926513671875</ele>
        <time>2026-09-06T13:47:56.000Z</time>
        <extensions>
          <ns3:TrackPointExtension>
            <ns3:atemp>30.0</ns3:atemp>
            <ns3:hr>173</ns3:hr>
            <ns3:cad>88</ns3:cad>
          </ns3:TrackPointExtension>
        </extensions>
      </trkpt>
      <trkpt lat="30.90150483883917331695556640625" lon="121.75121314823627471923828125">
        <ele>4.19999980926513671875</ele>
        <time>2026-09-06T13:47:57.000Z</time>
        <extensions>
          <ns3:TrackPointExtension>
            <ns3:atemp>30.0</ns3:atemp>
            <ns3:hr>174</ns3:hr>
            <ns3:cad>88</ns3:cad>
          </ns3:TrackPointExtension>
        </extensions>
      </trkpt>
      <trkpt lat="30.90150483883917331695556640625" lon="121.75117693841457366943359375">
        <ele>4.19999980926513671875</ele>
        <time>2026-09-06T13:47:58.000Z</time>
        <extensions>
          <ns3:TrackPointExtension>
            <ns3:atemp>30.0</ns3:atemp>
            <ns3:hr>174</ns3:hr>
            <ns3:cad>89</ns3:cad>
          </ns3:TrackPointExtension>
        </extensions>
      </trkpt>
      <trkpt lat="30.90150198899209499359130859375" lon="121.7511543072760105133056640625">
        <ele>4.19999980926513671875</ele>
        <time>2026-09-06T13:47:59.000Z</time>
        <extensions>
          <ns3:TrackPointExtension>
            <ns3:atemp>30.0</ns3:atemp>
            <ns3:hr>174</ns3:hr>
            <ns3:cad>89</ns3:cad>
          </ns3:TrackPointExtension>
        </extensions>
      </trkpt>
      <trkpt lat="30.90150299482047557830810546875" lon="121.7511187680065631866455078125">
        <ele>4.19999980926513671875</ele>
        <time>2026-09-06T13:48:00.000Z</time>
        <extensions>
          <ns3:TrackPointExtension>
            <ns3:atemp>30.0</ns3:atemp>
            <ns3:hr>174</ns3:hr>
            <ns3:cad>88</ns3:cad>
          </ns3:TrackPointExtension>
        </extensions>
      </trkpt>
      <trkpt lat="30.9014975465834140777587890625" lon="121.75109135918319225311279296875">
        <ele>4.19999980926513671875</ele>
        <time>2026-09-06T13:48:01.000Z</time>
        <extensions>
          <ns3:TrackPointExtension>
            <ns3:atemp>30.0</ns3:atemp>
            <ns3:hr>174</ns3:hr>
            <ns3:cad>88</ns3:cad>
          </ns3:TrackPointExtension>
        </extensions>
      </trkpt>
      <trkpt lat="30.90149243362247943878173828125" lon="121.751049868762493133544921875">
        <ele>4.400000095367431640625</ele>
        <time>2026-09-06T13:48:02.000Z</time>
        <extensions>
          <ns3:TrackPointExtension>
            <ns3:atemp>31.0</ns3:atemp>
            <ns3:hr>174</ns3:hr>
            <ns3:cad>87</ns3:cad>
          </ns3:TrackPointExtension>
        </extensions>
      </trkpt>
      <trkpt lat="30.90148841030895709991455078125" lon="121.75102539360523223876953125">
        <ele>4.400000095367431640625</ele>
        <time>2026-09-06T13:48:03.000Z</time>
        <extensions>
          <ns3:TrackPointExtension>
            <ns3:atemp>30.0</ns3:atemp>
            <ns3:hr>174</ns3:hr>
            <ns3:cad>87</ns3:cad>
          </ns3:TrackPointExtension>
        </extensions>
      </trkpt>
      <trkpt lat="30.901489667594432830810546875" lon="121.75098909996449947357177734375">
        <ele>4.400000095367431640625</ele>
        <time>2026-09-06T13:48:04.000Z</time>
        <extensions>
          <ns3:TrackPointExtension>
            <ns3:atemp>30.0</ns3:atemp>
            <ns3:hr>174</ns3:hr>
            <ns3:cad>89</ns3:cad>
          </ns3:TrackPointExtension>
        </extensions>
      </trkpt>
      <trkpt lat="30.901488326489925384521484375" lon="121.7509616911411285400390625">
        <ele>4.400000095367431640625</ele>
        <time>2026-09-06T13:48:05.000Z</time>
        <extensions>
          <ns3:TrackPointExtension>
            <ns3:atemp>30.0</ns3:atemp>
            <ns3:hr>174</ns3:hr>
            <ns3:cad>89</ns3:cad>
          </ns3:TrackPointExtension>
        </extensions>
      </trkpt>
      <trkpt lat="30.9014873206615447998046875" lon="121.7509266547858715057373046875">
        <ele>4.19999980926513671875</ele>
        <time>2026-09-06T13:48:06.000Z</time>
        <extensions>
          <ns3:TrackPointExtension>
            <ns3:atemp>30.0</ns3:atemp>
            <ns3:hr>174</ns3:hr>
            <ns3:cad>88</ns3:cad>
          </ns3:TrackPointExtension>
        </extensions>
      </trkpt>
      <trkpt lat="30.901488326489925384521484375" lon="121.750898323953151702880859375">
        <ele>4.19999980926513671875</ele>
        <time>2026-09-06T13:48:07.000Z</time>
        <extensions>
          <ns3:TrackPointExtension>
            <ns3:atemp>30.0</ns3:atemp>
            <ns3:hr>174</ns3:hr>
            <ns3:cad>88</ns3:cad>
          </ns3:TrackPointExtension>
        </extensions>
      </trkpt>
      <trkpt lat="30.9014864824712276458740234375" lon="121.75086571834981441497802734375">
        <ele>4.19999980926513671875</ele>
        <time>2026-09-06T13:48:08.000Z</time>
        <extensions>
          <ns3:TrackPointExtension>
            <ns3:atemp>30.0</ns3:atemp>
            <ns3:hr>175</ns3:hr>
            <ns3:cad>89</ns3:cad>
          </ns3:TrackPointExtension>
        </extensions>
      </trkpt>
      <trkpt lat="30.90148572809994220733642578125" lon="121.75083369947969913482666015625">
        <ele>4.19999980926513671875</ele>
        <time>2026-09-06T13:48:09.000Z</time>
        <extensions>
          <ns3:TrackPointExtension>
            <ns3:atemp>30.0</ns3:atemp>
            <ns3:hr>176</ns3:hr>
            <ns3:cad>89</ns3:cad>
          </ns3:TrackPointExtension>
        </extensions>
      </trkpt>
      <trkpt lat="30.9014838002622127532958984375" lon="121.75079950131475925445556640625">
        <ele>4.19999980926513671875</ele>
        <time>2026-09-06T13:48:10.000Z</time>
        <extensions>
          <ns3:TrackPointExtension>
            <ns3:atemp>30.0</ns3:atemp>
            <ns3:hr>176</ns3:hr>
            <ns3:cad>89</ns3:cad>
          </ns3:TrackPointExtension>
        </extensions>
      </trkpt>
      <trkpt lat="30.9014848060905933380126953125" lon="121.75076496787369251251220703125">
        <ele>4.400000095367431640625</ele>
        <time>2026-09-06T13:48:11.000Z</time>
        <extensions>
          <ns3:TrackPointExtension>
            <ns3:atemp>30.0</ns3:atemp>
            <ns3:hr>176</ns3:hr>
            <ns3:cad>89</ns3:cad>
          </ns3:TrackPointExtension>
        </extensions>
      </trkpt>
      <trkpt lat="30.9014814533293247222900390625" lon="121.75073512829840183258056640625">
        <ele>4.400000095367431640625</ele>
        <time>2026-09-06T13:48:12.000Z</time>
        <extensions>
          <ns3:TrackPointExtension>
            <ns3:atemp>30.0</ns3:atemp>
            <ns3:hr>176</ns3:hr>
            <ns3:cad>88</ns3:cad>
          </ns3:TrackPointExtension>
        </extensions>
      </trkpt>
      <trkpt lat="30.9014819562435150146484375" lon="121.7506973259150981903076171875">
        <ele>4.400000095367431640625</ele>
        <time>2026-09-06T13:48:13.000Z</time>
        <extensions>
          <ns3:TrackPointExtension>
            <ns3:atemp>30.0</ns3:atemp>
            <ns3:hr>176</ns3:hr>
            <ns3:cad>88</ns3:cad>
          </ns3:TrackPointExtension>
        </extensions>
      </trkpt>
      <trkpt lat="30.90147566981613636016845703125" lon="121.75067159347236156463623046875">
        <ele>4.400000095367431640625</ele>
        <time>2026-09-06T13:48:14.000Z</time>
        <extensions>
          <ns3:TrackPointExtension>
            <ns3:atemp>30.0</ns3:atemp>
            <ns3:hr>176</ns3:hr>
            <ns3:cad>89</ns3:cad>
          </ns3:TrackPointExtension>
        </extensions>
      </trkpt>
      <trkpt lat="30.9014770947396755218505859375" lon="121.7506383173167705535888671875">
        <ele>4.400000095367431640625</ele>
        <time>2026-09-06T13:48:15.000Z</time>
        <extensions>
          <ns3:TrackPointExtension>
            <ns3:atemp>30.0</ns3:atemp>
            <ns3:hr>176</ns3:hr>
            <ns3:cad>89</ns3:cad>
          </ns3:TrackPointExtension>
        </extensions>
      </trkpt>
      <trkpt lat="30.9014720655977725982666015625" lon="121.75061325542628765106201171875">
        <ele>4.400000095367431640625</ele>
        <time>2026-09-06T13:48:16.000Z</time>
        <extensions>
          <ns3:TrackPointExtension>
            <ns3:atemp>30.0</ns3:atemp>
            <ns3:hr>176</ns3:hr>
            <ns3:cad>89</ns3:cad>
          </ns3:TrackPointExtension>
        </extensions>
      </trkpt>
      <trkpt lat="30.901472903788089752197265625" lon="121.7505808174610137939453125">
        <ele>4.400000095367431640625</ele>
        <time>2026-09-06T13:48:17.000Z</time>
        <extensions>
          <ns3:TrackPointExtension>
            <ns3:atemp>30.0</ns3:atemp>
            <ns3:hr>177</ns3:hr>
            <ns3:cad>88</ns3:cad>
          </ns3:TrackPointExtension>
        </extensions>
      </trkpt>
      <trkpt lat="30.90146611444652080535888671875" lon="121.75055575557053089141845703125">
        <ele>4.400000095367431640625</ele>
        <time>2026-09-06T13:48:18.000Z</time>
        <extensions>
          <ns3:TrackPointExtension>
            <ns3:atemp>30.0</ns3:atemp>
            <ns3:hr>176</ns3:hr>
            <ns3:cad>88</ns3:cad>
          </ns3:TrackPointExtension>
        </extensions>
      </trkpt>
      <trkpt lat="30.9014650247991085052490234375" lon="121.75052239559590816497802734375">
        <ele>4.400000095367431640625</ele>
        <time>2026-09-06T13:48:19.000Z</time>
        <extensions>
          <ns3:TrackPointExtension>
            <ns3:atemp>30.0</ns3:atemp>
            <ns3:hr>177</ns3:hr>
            <ns3:cad>89</ns3:cad>
          </ns3:TrackPointExtension>
        </extensions>
      </trkpt>
      <trkpt lat="30.9014604985713958740234375" lon="121.75049624405801296234130859375">
        <ele>4.400000095367431640625</ele>
        <time>2026-09-06T13:48:20.000Z</time>
        <extensions>
          <ns3:TrackPointExtension>
            <ns3:atemp>30.0</ns3:atemp>
            <ns3:hr>177</ns3:hr>
            <ns3:cad>90</ns3:cad>
          </ns3:TrackPointExtension>
        </extensions>
      </trkpt>
      <trkpt lat="30.9014603309333324432373046875" lon="121.7504599504172801971435546875">
        <ele>4.400000095367431640625</ele>
        <time>2026-09-06T13:48:21.000Z</time>
        <extensions>
          <ns3:TrackPointExtension>
            <ns3:atemp>30.0</ns3:atemp>
            <ns3:hr>177</ns3:hr>
            <ns3:cad>90</ns3:cad>
          </ns3:TrackPointExtension>
        </extensions>
      </trkpt>
      <trkpt lat="30.90145555324852466583251953125" lon="121.75042994320392608642578125">
        <ele>4.400000095367431640625</ele>
        <time>2026-09-06T13:48:22.000Z</time>
        <extensions>
          <ns3:TrackPointExtension>
            <ns3:atemp>30.0</ns3:atemp>
            <ns3:hr>177</ns3:hr>
            <ns3:cad>90</ns3:cad>
          </ns3:TrackPointExtension>
        </extensions>
      </trkpt>
      <trkpt lat="30.9014509432017803192138671875" lon="121.75038828514516353607177734375">
        <ele>4.400000095367431640625</ele>
        <time>2026-09-06T13:48:23.000Z</time>
        <extensions>
          <ns3:TrackPointExtension>
            <ns3:atemp>30.0</ns3:atemp>
            <ns3:hr>176</ns3:hr>
            <ns3:cad>90</ns3:cad>
          </ns3:TrackPointExtension>
        </extensions>
      </trkpt>
      <trkpt lat="30.9014402143657207489013671875" lon="121.75035911612212657928466796875">
        <ele>4.400000095367431640625</ele>
        <time>2026-09-06T13:48:24.000Z</time>
        <extensions>
          <ns3:TrackPointExtension>
            <ns3:atemp>30.0</ns3:atemp>
            <ns3:hr>177</ns3:hr>
            <ns3:cad>90</ns3:cad>
          </ns3:TrackPointExtension>
        </extensions>
      </trkpt>
      <trkpt lat="30.90143945999443531036376953125" lon="121.750312261283397674560546875">
        <ele>4.400000095367431640625</ele>
        <time>2026-09-06T13:48:25.000Z</time>
        <extensions>
          <ns3:TrackPointExtension>
            <ns3:atemp>31.0</ns3:atemp>
            <ns3:hr>177</ns3:hr>
            <ns3:cad>90</ns3:cad>
          </ns3:TrackPointExtension>
        </extensions>
      </trkpt>
      <trkpt lat="30.901436693966388702392578125" lon="121.75028082914650440216064453125">
        <ele>4.599999904632568359375</ele>
        <time>2026-09-06T13:48:26.000Z</time>
        <extensions>
          <ns3:TrackPointExtension>
            <ns3:atemp>30.0</ns3:atemp>
            <ns3:hr>177</ns3:hr>
            <ns3:cad>90</ns3:cad>
          </ns3:TrackPointExtension>
        </extensions>
      </trkpt>
      <trkpt lat="30.9014444053173065185546875" lon="121.750238500535488128662109375">
        <ele>4.599999904632568359375</ele>
        <time>2026-09-06T13:48:27.000Z</time>
        <extensions>
          <ns3:TrackPointExtension>
            <ns3:atemp>31.0</ns3:atemp>
            <ns3:hr>177</ns3:hr>
            <ns3:cad>89</ns3:cad>
          </ns3:TrackPointExtension>
        </extensions>
      </trkpt>
      <trkpt lat="30.9014435671269893646240234375" lon="121.750209331512451171875">
        <ele>4.599999904632568359375</ele>
        <time>2026-09-06T13:48:28.000Z</time>
        <extensions>
          <ns3:TrackPointExtension>
            <ns3:atemp>30.0</ns3:atemp>
            <ns3:hr>177</ns3:hr>
            <ns3:cad>89</ns3:cad>
          </ns3:TrackPointExtension>
        </extensions>
      </trkpt>
      <trkpt lat="30.9014452435076236724853515625" lon="121.75017236731946468353271484375">
        <ele>4.599999904632568359375</ele>
        <time>2026-09-06T13:48:29.000Z</time>
        <extensions>
          <ns3:TrackPointExtension>
            <ns3:atemp>30.0</ns3:atemp>
            <ns3:hr>177</ns3:hr>
            <ns3:cad>89</ns3:cad>
          </ns3:TrackPointExtension>
        </extensions>
      </trkpt>
      <trkpt lat="30.90143895708024501800537109375" lon="121.75014705397188663482666015625">
        <ele>4.80000019073486328125</ele>
        <time>2026-09-06T13:48:30.000Z</time>
        <extensions>
          <ns3:TrackPointExtension>
            <ns3:atemp>30.0</ns3:atemp>
            <ns3:hr>178</ns3:hr>
            <ns3:cad>89</ns3:cad>
          </ns3:TrackPointExtension>
        </extensions>
      </trkpt>
      <trkpt lat="30.90143292210996150970458984375" lon="121.75011319108307361602783203125">
        <ele>4.80000019073486328125</ele>
        <time>2026-09-06T13:48:31.000Z</time>
        <extensions>
          <ns3:TrackPointExtension>
            <ns3:atemp>30.0</ns3:atemp>
            <ns3:hr>177</ns3:hr>
            <ns3:cad>89</ns3:cad>
          </ns3:TrackPointExtension>
        </extensions>
      </trkpt>
      <trkpt lat="30.90142437256872653961181640625" lon="121.75008838064968585968017578125">
        <ele>4.80000019073486328125</ele>
        <time>2026-09-06T13:48:32.000Z</time>
        <extensions>
          <ns3:TrackPointExtension>
            <ns3:atemp>31.0</ns3:atemp>
            <ns3:hr>178</ns3:hr>
            <ns3:cad>89</ns3:cad>
          </ns3:TrackPointExtension>
        </extensions>
      </trkpt>
      <trkpt lat="30.901417918503284454345703125" lon="121.750058792531490325927734375">
        <ele>4.80000019073486328125</ele>
        <time>2026-09-06T13:48:33.000Z</time>
        <extensions>
          <ns3:TrackPointExtension>
            <ns3:atemp>30.0</ns3:atemp>
            <ns3:hr>178</ns3:hr>
            <ns3:cad>88</ns3:cad>
          </ns3:TrackPointExtension>
        </extensions>
      </trkpt>
      <trkpt lat="30.90141682885587215423583984375" lon="121.750030629336833953857421875">
        <ele>4.80000019073486328125</ele>
        <time>2026-09-06T13:48:34.000Z</time>
        <extensions>
          <ns3:TrackPointExtension>
            <ns3:atemp>30.0</ns3:atemp>
            <ns3:hr>178</ns3:hr>
            <ns3:cad>88</ns3:cad>
          </ns3:TrackPointExtension>
        </extensions>
      </trkpt>
      <trkpt lat="30.9014157392084598541259765625" lon="121.75000355578958988189697265625">
        <ele>4.80000019073486328125</ele>
        <time>2026-09-06T13:48:35.000Z</time>
        <extensions>
          <ns3:TrackPointExtension>
            <ns3:atemp>30.0</ns3:atemp>
            <ns3:hr>178</ns3:hr>
            <ns3:cad>88</ns3:cad>
          </ns3:TrackPointExtension>
        </extensions>
      </trkpt>
      <trkpt lat="30.9014187566936016082763671875" lon="121.74997488968074321746826171875">
        <ele>4.80000019073486328125</ele>
        <time>2026-09-06T13:48:36.000Z</time>
        <extensions>
          <ns3:TrackPointExtension>
            <ns3:atemp>30.0</ns3:atemp>
            <ns3:hr>178</ns3:hr>
            <ns3:cad>88</ns3:cad>
          </ns3:TrackPointExtension>
        </extensions>
      </trkpt>
      <trkpt lat="30.90141733177006244659423828125" lon="121.74994974397122859954833984375">
        <ele>4.599999904632568359375</ele>
        <time>2026-09-06T13:48:37.000Z</time>
        <extensions>
          <ns3:TrackPointExtension>
            <ns3:atemp>30.0</ns3:atemp>
            <ns3:hr>178</ns3:hr>
            <ns3:cad>88</ns3:cad>
          </ns3:TrackPointExtension>
        </extensions>
      </trkpt>
      <trkpt lat="30.90142303146421909332275390625" lon="121.74991923384368419647216796875">
        <ele>4.599999904632568359375</ele>
        <time>2026-09-06T13:48:38.000Z</time>
        <extensions>
          <ns3:TrackPointExtension>
            <ns3:atemp>31.0</ns3:atemp>
            <ns3:hr>178</ns3:hr>
            <ns3:cad>87</ns3:cad>
          </ns3:TrackPointExtension>
        </extensions>
      </trkpt>
      <trkpt lat="30.90142001397907733917236328125" lon="121.7498936690390110015869140625">
        <ele>4.599999904632568359375</ele>
        <time>2026-09-06T13:48:39.000Z</time>
        <extensions>
          <ns3:TrackPointExtension>
            <ns3:atemp>30.0</ns3:atemp>
            <ns3:hr>178</ns3:hr>
            <ns3:cad>87</ns3:cad>
          </ns3:TrackPointExtension>
        </extensions>
      </trkpt>
      <trkpt lat="30.90142319910228252410888671875" lon="121.74986089579761028289794921875">
        <ele>4.599999904632568359375</ele>
        <time>2026-09-06T13:48:40.000Z</time>
        <extensions>
          <ns3:TrackPointExtension>
            <ns3:atemp>30.0</ns3:atemp>
            <ns3:hr>178</ns3:hr>
            <ns3:cad>87</ns3:cad>
          </ns3:TrackPointExtension>
        </extensions>
      </trkpt>
      <trkpt lat="30.90141951106488704681396484375" lon="121.74983658827841281890869140625">
        <ele>4.599999904632568359375</ele>
        <time>2026-09-06T13:48:41.000Z</time>
        <extensions>
          <ns3:TrackPointExtension>
            <ns3:atemp>30.0</ns3:atemp>
            <ns3:hr>178</ns3:hr>
            <ns3:cad>87</ns3:cad>
          </ns3:TrackPointExtension>
        </extensions>
      </trkpt>
      <trkpt lat="30.90141984634101390838623046875" lon="121.74980741925537586212158203125">
        <ele>4.80000019073486328125</ele>
        <time>2026-09-06T13:48:42.000Z</time>
        <extensions>
          <ns3:TrackPointExtension>
            <ns3:atemp>30.0</ns3:atemp>
            <ns3:hr>178</ns3:hr>
            <ns3:cad>88</ns3:cad>
          </ns3:TrackPointExtension>
        </extensions>
      </trkpt>
      <trkpt lat="30.90141423046588897705078125" lon="121.74978076480329036712646484375">
        <ele>4.80000019073486328125</ele>
        <time>2026-09-06T13:48:43.000Z</time>
        <extensions>
          <ns3:TrackPointExtension>
            <ns3:atemp>30.0</ns3:atemp>
            <ns3:hr>178</ns3:hr>
            <ns3:cad>89</ns3:cad>
          </ns3:TrackPointExtension>
        </extensions>
      </trkpt>
      <trkpt lat="30.90141632594168186187744140625" lon="121.7497484944760799407958984375">
        <ele>4.80000019073486328125</ele>
        <time>2026-09-06T13:48:44.000Z</time>
        <extensions>
          <ns3:TrackPointExtension>
            <ns3:atemp>30.0</ns3:atemp>
            <ns3:hr>179</ns3:hr>
            <ns3:cad>89</ns3:cad>
          </ns3:TrackPointExtension>
        </extensions>
      </trkpt>
      <trkpt lat="30.9014122188091278076171875" lon="121.7497233487665653228759765625">
        <ele>4.80000019073486328125</ele>
        <time>2026-09-06T13:48:45.000Z</time>
        <extensions>
          <ns3:TrackPointExtension>
            <ns3:atemp>30.0</ns3:atemp>
            <ns3:hr>179</ns3:hr>
            <ns3:cad>89</ns3:cad>
          </ns3:TrackPointExtension>
        </extensions>
      </trkpt>
      <trkpt lat="30.90141314081847667694091796875" lon="121.74968898296356201171875">
        <ele>4.80000019073486328125</ele>
        <time>2026-09-06T13:48:46.000Z</time>
        <extensions>
          <ns3:TrackPointExtension>
            <ns3:atemp>30.0</ns3:atemp>
            <ns3:hr>179</ns3:hr>
            <ns3:cad>89</ns3:cad>
          </ns3:TrackPointExtension>
        </extensions>
      </trkpt>
      <trkpt lat="30.901409871876239776611328125" lon="121.74966744147241115570068359375">
        <ele>4.80000019073486328125</ele>
        <time>2026-09-06T13:48:47.000Z</time>
        <extensions>
          <ns3:TrackPointExtension>
            <ns3:atemp>30.0</ns3:atemp>
            <ns3:hr>179</ns3:hr>
            <ns3:cad>89</ns3:cad>
          </ns3:TrackPointExtension>
        </extensions>
      </trkpt>
      <trkpt lat="30.90140878222882747650146484375" lon="121.7496318183839321136474609375">
        <ele>4.80000019073486328125</ele>
        <time>2026-09-06T13:48:48.000Z</time>
        <extensions>
          <ns3:TrackPointExtension>
            <ns3:atemp>30.0</ns3:atemp>
            <ns3:hr>178</ns3:hr>
            <ns3:cad>89</ns3:cad>
          </ns3:TrackPointExtension>
        </extensions>
      </trkpt>
      <trkpt lat="30.90140677057206630706787109375" lon="121.74961178563535213470458984375">
        <ele>4.80000019073486328125</ele>
        <time>2026-09-06T13:48:49.000Z</time>
        <extensions>
          <ns3:TrackPointExtension>
            <ns3:atemp>30.0</ns3:atemp>
            <ns3:hr>179</ns3:hr>
            <ns3:cad>89</ns3:cad>
          </ns3:TrackPointExtension>
        </extensions>
      </trkpt>
      <trkpt lat="30.9014073573052883148193359375" lon="121.749577336013317108154296875">
        <ele>4.80000019073486328125</ele>
        <time>2026-09-06T13:48:50.000Z</time>
        <extensions>
          <ns3:TrackPointExtension>
            <ns3:atemp>30.0</ns3:atemp>
            <ns3:hr>179</ns3:hr>
            <ns3:cad>88</ns3:cad>
          </ns3:TrackPointExtension>
        </extensions>
      </trkpt>
      <trkpt lat="30.90140526182949542999267578125" lon="121.749554537236690521240234375">
        <ele>4.80000019073486328125</ele>
        <time>2026-09-06T13:48:51.000Z</time>
        <extensions>
          <ns3:TrackPointExtension>
            <ns3:atemp>31.0</ns3:atemp>
            <ns3:hr>179</ns3:hr>
            <ns3:cad>88</ns3:cad>
          </ns3:TrackPointExtension>
        </extensions>
      </trkpt>
      <trkpt lat="30.90140886604785919189453125" lon="121.74951874651014804840087890625">
        <ele>4.80000019073486328125</ele>
        <time>2026-09-06T13:48:52.000Z</time>
        <extensions>
          <ns3:TrackPointExtension>
            <ns3:atemp>30.0</ns3:atemp>
            <ns3:hr>178</ns3:hr>
            <ns3:cad>89</ns3:cad>
          </ns3:TrackPointExtension>
        </extensions>
      </trkpt>
      <trkpt lat="30.90140350162982940673828125" lon="121.74949108622968196868896484375">
        <ele>4.80000019073486328125</ele>
        <time>2026-09-06T13:48:53.000Z</time>
        <extensions>
          <ns3:TrackPointExtension>
            <ns3:atemp>30.0</ns3:atemp>
            <ns3:hr>178</ns3:hr>
            <ns3:cad>89</ns3:cad>
          </ns3:TrackPointExtension>
        </extensions>
      </trkpt>
      <trkpt lat="30.90140157379209995269775390625" lon="121.7494541220366954803466796875">
        <ele>4.80000019073486328125</ele>
        <time>2026-09-06T13:48:54.000Z</time>
        <extensions>
          <ns3:TrackPointExtension>
            <ns3:atemp>30.0</ns3:atemp>
            <ns3:hr>178</ns3:hr>
            <ns3:cad>88</ns3:cad>
          </ns3:TrackPointExtension>
        </extensions>
      </trkpt>
      <trkpt lat="30.90139805339276790618896484375" lon="121.74942788667976856231689453125">
        <ele>4.80000019073486328125</ele>
        <time>2026-09-06T13:48:55.000Z</time>
        <extensions>
          <ns3:TrackPointExtension>
            <ns3:atemp>30.0</ns3:atemp>
            <ns3:hr>178</ns3:hr>
            <ns3:cad>88</ns3:cad>
          </ns3:TrackPointExtension>
        </extensions>
      </trkpt>
      <trkpt lat="30.90139738284051418304443359375" lon="121.749391593039035797119140625">
        <ele>4.80000019073486328125</ele>
        <time>2026-09-06T13:48:56.000Z</time>
        <extensions>
          <ns3:TrackPointExtension>
            <ns3:atemp>30.0</ns3:atemp>
            <ns3:hr>178</ns3:hr>
            <ns3:cad>88</ns3:cad>
          </ns3:TrackPointExtension>
        </extensions>
      </trkpt>
      <trkpt lat="30.90139352716505527496337890625" lon="121.7493669502437114715576171875">
        <ele>4.80000019073486328125</ele>
        <time>2026-09-06T13:48:57.000Z</time>
        <extensions>
          <ns3:TrackPointExtension>
            <ns3:atemp>30.0</ns3:atemp>
            <ns3:hr>178</ns3:hr>
            <ns3:cad>88</ns3:cad>
          </ns3:TrackPointExtension>
        </extensions>
      </trkpt>
      <trkpt lat="30.9013912640511989593505859375" lon="121.74932881258428096771240234375">
        <ele>4.80000019073486328125</ele>
        <time>2026-09-06T13:48:58.000Z</time>
        <extensions>
          <ns3:TrackPointExtension>
            <ns3:atemp>30.0</ns3:atemp>
            <ns3:hr>178</ns3:hr>
            <ns3:cad>90</ns3:cad>
          </ns3:TrackPointExtension>
        </extensions>
      </trkpt>
      <trkpt lat="30.90138883329927921295166015625" lon="121.7493042536079883575439453125">
        <ele>4.80000019073486328125</ele>
        <time>2026-09-06T13:48:59.000Z</time>
        <extensions>
          <ns3:TrackPointExtension>
            <ns3:atemp>30.0</ns3:atemp>
            <ns3:hr>178</ns3:hr>
            <ns3:cad>90</ns3:cad>
          </ns3:TrackPointExtension>
        </extensions>
      </trkpt>
      <trkpt lat="30.901385731995105743408203125" lon="121.74926854670047760009765625">
        <ele>4.80000019073486328125</ele>
        <time>2026-09-06T13:49:00.000Z</time>
        <extensions>
          <ns3:TrackPointExtension>
            <ns3:atemp>30.0</ns3:atemp>
            <ns3:hr>177</ns3:hr>
            <ns3:cad>89</ns3:cad>
          </ns3:TrackPointExtension>
        </extensions>
      </trkpt>
      <trkpt lat="30.90138514526188373565673828125" lon="121.7492442391812801361083984375">
        <ele>5</ele>
        <time>2026-09-06T13:49:01.000Z</time>
        <extensions>
          <ns3:TrackPointExtension>
            <ns3:atemp>30.0</ns3:atemp>
            <ns3:hr>178</ns3:hr>
            <ns3:cad>89</ns3:cad>
          </ns3:TrackPointExtension>
        </extensions>
      </trkpt>
      <trkpt lat="30.9013885818421840667724609375" lon="121.74921297468245029449462890625">
        <ele>5</ele>
        <time>2026-09-06T13:49:02.000Z</time>
        <extensions>
          <ns3:TrackPointExtension>
            <ns3:atemp>30.0</ns3:atemp>
            <ns3:hr>178</ns3:hr>
            <ns3:cad>89</ns3:cad>
          </ns3:TrackPointExtension>
        </extensions>
      </trkpt>
      <trkpt lat="30.901389084756374359130859375" lon="121.7491892538964748382568359375">
        <ele>5</ele>
        <time>2026-09-06T13:49:03.000Z</time>
        <extensions>
          <ns3:TrackPointExtension>
            <ns3:atemp>30.0</ns3:atemp>
            <ns3:hr>177</ns3:hr>
            <ns3:cad>89</ns3:cad>
          </ns3:TrackPointExtension>
        </extensions>
      </trkpt>
      <trkpt lat="30.9013885818421840667724609375" lon="121.74915178678929805755615234375">
        <ele>4.80000019073486328125</ele>
        <time>2026-09-06T13:49:04.000Z</time>
        <extensions>
          <ns3:TrackPointExtension>
            <ns3:atemp>30.0</ns3:atemp>
            <ns3:hr>177</ns3:hr>
            <ns3:cad>89</ns3:cad>
          </ns3:TrackPointExtension>
        </extensions>
      </trkpt>
      <trkpt lat="30.901384390890598297119140625" lon="121.749128401279449462890625">
        <ele>4.80000019073486328125</ele>
        <time>2026-09-06T13:49:05.000Z</time>
        <extensions>
          <ns3:TrackPointExtension>
            <ns3:atemp>30.0</ns3:atemp>
            <ns3:hr>177</ns3:hr>
            <ns3:cad>90</ns3:cad>
          </ns3:TrackPointExtension>
        </extensions>
      </trkpt>
      <trkpt lat="30.901384055614471435546875" lon="121.7490913532674312591552734375">
        <ele>4.80000019073486328125</ele>
        <time>2026-09-06T13:49:06.000Z</time>
        <extensions>
          <ns3:TrackPointExtension>
            <ns3:atemp>30.0</ns3:atemp>
            <ns3:hr>178</ns3:hr>
            <ns3:cad>90</ns3:cad>
          </ns3:TrackPointExtension>
        </extensions>
      </trkpt>
      <trkpt lat="30.90138145722448825836181640625" lon="121.74906780011951923370361328125">
        <ele>4.80000019073486328125</ele>
        <time>2026-09-06T13:49:07.000Z</time>
        <extensions>
          <ns3:TrackPointExtension>
            <ns3:atemp>30.0</ns3:atemp>
            <ns3:hr>177</ns3:hr>
            <ns3:cad>90</ns3:cad>
          </ns3:TrackPointExtension>
        </extensions>
      </trkpt>
      <trkpt lat="30.9013812057673931121826171875" lon="121.7490356974303722381591796875">
        <ele>5</ele>
        <time>2026-09-06T13:49:08.000Z</time>
        <extensions>
          <ns3:TrackPointExtension>
            <ns3:atemp>30.0</ns3:atemp>
            <ns3:hr>177</ns3:hr>
            <ns3:cad>91</ns3:cad>
          </ns3:TrackPointExtension>
        </extensions>
      </trkpt>
      <trkpt lat="30.9013785235583782196044921875" lon="121.74900895915925502777099609375">
        <ele>5</ele>
        <time>2026-09-06T13:49:09.000Z</time>
        <extensions>
          <ns3:TrackPointExtension>
            <ns3:atemp>30.0</ns3:atemp>
            <ns3:hr>178</ns3:hr>
            <ns3:cad>91</ns3:cad>
          </ns3:TrackPointExtension>
        </extensions>
      </trkpt>
      <trkpt lat="30.901379697024822235107421875" lon="121.74897350370883941650390625">
        <ele>5</ele>
        <time>2026-09-06T13:49:10.000Z</time>
        <extensions>
          <ns3:TrackPointExtension>
            <ns3:atemp>30.0</ns3:atemp>
            <ns3:hr>177</ns3:hr>
            <ns3:cad>90</ns3:cad>
          </ns3:TrackPointExtension>
        </extensions>
      </trkpt>
      <trkpt lat="30.9013768471777439117431640625" lon="121.748947016894817352294921875">
        <ele>5</ele>
        <time>2026-09-06T13:49:11.000Z</time>
        <extensions>
          <ns3:TrackPointExtension>
            <ns3:atemp>30.0</ns3:atemp>
            <ns3:hr>177</ns3:hr>
            <ns3:cad>89</ns3:cad>
          </ns3:TrackPointExtension>
        </extensions>
      </trkpt>
      <trkpt lat="30.90137911029160022735595703125" lon="121.74891541711986064910888671875">
        <ele>5</ele>
        <time>2026-09-06T13:49:12.000Z</time>
        <extensions>
          <ns3:TrackPointExtension>
            <ns3:atemp>30.0</ns3:atemp>
            <ns3:hr>177</ns3:hr>
            <ns3:cad>89</ns3:cad>
          </ns3:TrackPointExtension>
        </extensions>
      </trkpt>
      <trkpt lat="30.90137542225420475006103515625" lon="121.74888809211552143096923828125">
        <ele>5</ele>
        <time>2026-09-06T13:49:13.000Z</time>
        <extensions>
          <ns3:TrackPointExtension>
            <ns3:atemp>30.0</ns3:atemp>
            <ns3:hr>178</ns3:hr>
            <ns3:cad>89</ns3:cad>
          </ns3:TrackPointExtension>
        </extensions>
      </trkpt>
      <trkpt lat="30.9013760089874267578125" lon="121.74885406158864498138427734375">
        <ele>5</ele>
        <time>2026-09-06T13:49:14.000Z</time>
        <extensions>
          <ns3:TrackPointExtension>
            <ns3:atemp>30.0</ns3:atemp>
            <ns3:hr>177</ns3:hr>
            <ns3:cad>90</ns3:cad>
          </ns3:TrackPointExtension>
        </extensions>
      </trkpt>
      <trkpt lat="30.9013741649687290191650390625" lon="121.74882589839398860931396484375">
        <ele>5</ele>
        <time>2026-09-06T13:49:15.000Z</time>
        <extensions>
          <ns3:TrackPointExtension>
            <ns3:atemp>30.0</ns3:atemp>
            <ns3:hr>177</ns3:hr>
            <ns3:cad>90</ns3:cad>
          </ns3:TrackPointExtension>
        </extensions>
      </trkpt>
      <trkpt lat="30.90137693099677562713623046875" lon="121.7487922869622707366943359375">
        <ele>5</ele>
        <time>2026-09-06T13:49:16.000Z</time>
        <extensions>
          <ns3:TrackPointExtension>
            <ns3:atemp>30.0</ns3:atemp>
            <ns3:hr>177</ns3:hr>
            <ns3:cad>90</ns3:cad>
          </ns3:TrackPointExtension>
        </extensions>
      </trkpt>
      <trkpt lat="30.9013741649687290191650390625" lon="121.74876831471920013427734375">
        <ele>5</ele>
        <time>2026-09-06T13:49:17.000Z</time>
        <extensions>
          <ns3:TrackPointExtension>
            <ns3:atemp>30.0</ns3:atemp>
            <ns3:hr>177</ns3:hr>
            <ns3:cad>89</ns3:cad>
          </ns3:TrackPointExtension>
        </extensions>
      </trkpt>
      <trkpt lat="30.9013721533119678497314453125" lon="121.7487319372594356536865234375">
        <ele>5</ele>
        <time>2026-09-06T13:49:18.000Z</time>
        <extensions>
          <ns3:TrackPointExtension>
            <ns3:atemp>30.0</ns3:atemp>
            <ns3:hr>177</ns3:hr>
            <ns3:cad>89</ns3:cad>
          </ns3:TrackPointExtension>
        </extensions>
      </trkpt>
      <trkpt lat="30.9013654477894306182861328125" lon="121.748706959187984466552734375">
        <ele>5</ele>
        <time>2026-09-06T13:49:19.000Z</time>
        <extensions>
          <ns3:TrackPointExtension>
            <ns3:atemp>30.0</ns3:atemp>
            <ns3:hr>177</ns3:hr>
            <ns3:cad>90</ns3:cad>
          </ns3:TrackPointExtension>
        </extensions>
      </trkpt>
      <trkpt lat="30.90136460959911346435546875" lon="121.7486685700714588165283203125">
        <ele>5</ele>
        <time>2026-09-06T13:49:20.000Z</time>
        <extensions>
          <ns3:TrackPointExtension>
            <ns3:atemp>30.0</ns3:atemp>
            <ns3:hr>177</ns3:hr>
            <ns3:cad>90</ns3:cad>
          </ns3:TrackPointExtension>
        </extensions>
      </trkpt>
      <trkpt lat="30.901363603770732879638671875" lon="121.74864334054291248321533203125">
        <ele>5</ele>
        <time>2026-09-06T13:49:21.000Z</time>
        <extensions>
          <ns3:TrackPointExtension>
            <ns3:atemp>30.0</ns3:atemp>
            <ns3:hr>177</ns3:hr>
            <ns3:cad>90</ns3:cad>
          </ns3:TrackPointExtension>
        </extensions>
      </trkpt>
      <trkpt lat="30.901368297636508941650390625" lon="121.74860880710184574127197265625">
        <ele>5</ele>
        <time>2026-09-06T13:49:22.000Z</time>
        <extensions>
          <ns3:TrackPointExtension>
            <ns3:atemp>30.0</ns3:atemp>
            <ns3:hr>177</ns3:hr>
            <ns3:cad>90</ns3:cad>
          </ns3:TrackPointExtension>
        </extensions>
      </trkpt>
      <trkpt lat="30.90136318467557430267333984375" lon="121.748581565916538238525390625">
        <ele>5</ele>
        <time>2026-09-06T13:49:23.000Z</time>
        <extensions>
          <ns3:TrackPointExtension>
            <ns3:atemp>30.0</ns3:atemp>
            <ns3:hr>177</ns3:hr>
            <ns3:cad>90</ns3:cad>
          </ns3:TrackPointExtension>
        </extensions>
      </trkpt>
      <trkpt lat="30.9013652801513671875" lon="121.748548038303852081298828125">
        <ele>5</ele>
        <time>2026-09-06T13:49:24.000Z</time>
        <extensions>
          <ns3:TrackPointExtension>
            <ns3:atemp>30.0</ns3:atemp>
            <ns3:hr>177</ns3:hr>
            <ns3:cad>90</ns3:cad>
          </ns3:TrackPointExtension>
        </extensions>
      </trkpt>
      <trkpt lat="30.90136192739009857177734375" lon="121.74852113239467144012451171875">
        <ele>5</ele>
        <time>2026-09-06T13:49:25.000Z</time>
        <extensions>
          <ns3:TrackPointExtension>
            <ns3:atemp>30.0</ns3:atemp>
            <ns3:hr>177</ns3:hr>
            <ns3:cad>90</ns3:cad>
          </ns3:TrackPointExtension>
        </extensions>
      </trkpt>
      <trkpt lat="30.9013614244759082794189453125" lon="121.7484845034778118133544921875">
        <ele>5</ele>
        <time>2026-09-06T13:49:26.000Z</time>
        <extensions>
          <ns3:TrackPointExtension>
            <ns3:atemp>30.0</ns3:atemp>
            <ns3:hr>177</ns3:hr>
            <ns3:cad>90</ns3:cad>
          </ns3:TrackPointExtension>
        </extensions>
      </trkpt>
      <trkpt lat="30.90135597623884677886962890625" lon="121.7484526522457599639892578125">
        <ele>5</ele>
        <time>2026-09-06T13:49:27.000Z</time>
        <extensions>
          <ns3:TrackPointExtension>
            <ns3:atemp>30.0</ns3:atemp>
            <ns3:hr>177</ns3:hr>
            <ns3:cad>90</ns3:cad>
          </ns3:TrackPointExtension>
        </extensions>
      </trkpt>
      <trkpt lat="30.9013545513153076171875" lon="121.74841837026178836822509765625">
        <ele>5</ele>
        <time>2026-09-06T13:49:28.000Z</time>
        <extensions>
          <ns3:TrackPointExtension>
            <ns3:atemp>30.0</ns3:atemp>
            <ns3:hr>177</ns3:hr>
            <ns3:cad>91</ns3:cad>
          </ns3:TrackPointExtension>
        </extensions>
      </trkpt>
      <trkpt lat="30.90135212056338787078857421875" lon="121.74838752485811710357666015625">
        <ele>5</ele>
        <time>2026-09-06T13:49:29.000Z</time>
        <extensions>
          <ns3:TrackPointExtension>
            <ns3:atemp>30.0</ns3:atemp>
            <ns3:hr>178</ns3:hr>
            <ns3:cad>91</ns3:cad>
          </ns3:TrackPointExtension>
        </extensions>
      </trkpt>
      <trkpt lat="30.901352204382419586181640625" lon="121.748356260359287261962890625">
        <ele>5.19999980926513671875</ele>
        <time>2026-09-06T13:49:30.000Z</time>
        <extensions>
          <ns3:TrackPointExtension>
            <ns3:atemp>30.0</ns3:atemp>
            <ns3:hr>178</ns3:hr>
            <ns3:cad>93</ns3:cad>
          </ns3:TrackPointExtension>
        </extensions>
      </trkpt>
      <trkpt lat="30.90134449303150177001953125" lon="121.748321056365966796875">
        <ele>5</ele>
        <time>2026-09-06T13:49:31.000Z</time>
        <extensions>
          <ns3:TrackPointExtension>
            <ns3:atemp>30.0</ns3:atemp>
            <ns3:hr>178</ns3:hr>
            <ns3:cad>93</ns3:cad>
          </ns3:TrackPointExtension>
        </extensions>
      </trkpt>
      <trkpt lat="30.9013416431844234466552734375" lon="121.74829046241939067840576171875">
        <ele>5</ele>
        <time>2026-09-06T13:49:32.000Z</time>
        <extensions>
          <ns3:TrackPointExtension>
            <ns3:atemp>30.0</ns3:atemp>
            <ns3:hr>179</ns3:hr>
            <ns3:cad>91</ns3:cad>
          </ns3:TrackPointExtension>
        </extensions>
      </trkpt>
      <trkpt lat="30.90133971534669399261474609375" lon="121.74826204776763916015625">
        <ele>5.19999980926513671875</ele>
        <time>2026-09-06T13:49:33.000Z</time>
        <extensions>
          <ns3:TrackPointExtension>
            <ns3:atemp>30.0</ns3:atemp>
            <ns3:hr>179</ns3:hr>
            <ns3:cad>91</ns3:cad>
          </ns3:TrackPointExtension>
        </extensions>
      </trkpt>
      <trkpt lat="30.901342146098613739013671875" lon="121.748232543468475341796875">
        <ele>5</ele>
        <time>2026-09-06T13:49:34.000Z</time>
        <extensions>
          <ns3:TrackPointExtension>
            <ns3:atemp>30.0</ns3:atemp>
            <ns3:hr>179</ns3:hr>
            <ns3:cad>91</ns3:cad>
          </ns3:TrackPointExtension>
        </extensions>
      </trkpt>
      <trkpt lat="30.901339463889598846435546875" lon="121.74819759093225002288818359375">
        <ele>5</ele>
        <time>2026-09-06T13:49:35.000Z</time>
        <extensions>
          <ns3:TrackPointExtension>
            <ns3:atemp>30.0</ns3:atemp>
            <ns3:hr>179</ns3:hr>
            <ns3:cad>93</ns3:cad>
          </ns3:TrackPointExtension>
        </extensions>
      </trkpt>
      <trkpt lat="30.90133845806121826171875" lon="121.748162806034088134765625">
        <ele>5</ele>
        <time>2026-09-06T13:49:36.000Z</time>
        <extensions>
          <ns3:TrackPointExtension>
            <ns3:atemp>30.0</ns3:atemp>
            <ns3:hr>179</ns3:hr>
            <ns3:cad>93</ns3:cad>
          </ns3:TrackPointExtension>
        </extensions>
      </trkpt>
      <trkpt lat="30.90133644640445709228515625" lon="121.74812952987849712371826171875">
        <ele>5</ele>
        <time>2026-09-06T13:49:37.000Z</time>
        <extensions>
          <ns3:TrackPointExtension>
            <ns3:atemp>30.0</ns3:atemp>
            <ns3:hr>180</ns3:hr>
            <ns3:cad>92</ns3:cad>
          </ns3:TrackPointExtension>
        </extensions>
      </trkpt>
      <trkpt lat="30.90133317746222019195556640625" lon="121.74810186959803104400634765625">
        <ele>5</ele>
        <time>2026-09-06T13:49:38.000Z</time>
        <extensions>
          <ns3:TrackPointExtension>
            <ns3:atemp>30.0</ns3:atemp>
            <ns3:hr>180</ns3:hr>
            <ns3:cad>92</ns3:cad>
          </ns3:TrackPointExtension>
        </extensions>
      </trkpt>
      <trkpt lat="30.90132974088191986083984375" lon="121.74806130118668079376220703125">
        <ele>5</ele>
        <time>2026-09-06T13:49:39.000Z</time>
        <extensions>
          <ns3:TrackPointExtension>
            <ns3:atemp>31.0</ns3:atemp>
            <ns3:hr>180</ns3:hr>
            <ns3:cad>91</ns3:cad>
          </ns3:TrackPointExtension>
        </extensions>
      </trkpt>
      <trkpt lat="30.90132513083517551422119140625" lon="121.748033724725246429443359375">
        <ele>5.19999980926513671875</ele>
        <time>2026-09-06T13:49:40.000Z</time>
        <extensions>
          <ns3:TrackPointExtension>
            <ns3:atemp>30.0</ns3:atemp>
            <ns3:hr>180</ns3:hr>
            <ns3:cad>91</ns3:cad>
          </ns3:TrackPointExtension>
        </extensions>
      </trkpt>
      <trkpt lat="30.9013258852064609527587890625" lon="121.74799944274127483367919921875">
        <ele>5.19999980926513671875</ele>
        <time>2026-09-06T13:49:41.000Z</time>
        <extensions>
          <ns3:TrackPointExtension>
            <ns3:atemp>30.0</ns3:atemp>
            <ns3:hr>180</ns3:hr>
            <ns3:cad>92</ns3:cad>
          </ns3:TrackPointExtension>
        </extensions>
      </trkpt>
      <trkpt lat="30.90132194571197032928466796875" lon="121.7479765601456165313720703125">
        <ele>5.19999980926513671875</ele>
        <time>2026-09-06T13:49:42.000Z</time>
        <extensions>
          <ns3:TrackPointExtension>
            <ns3:atemp>30.0</ns3:atemp>
            <ns3:hr>179</ns3:hr>
            <ns3:cad>92</ns3:cad>
          </ns3:TrackPointExtension>
        </extensions>
      </trkpt>
      <trkpt lat="30.9013218618929386138916015625" lon="121.74794026650488376617431640625">
        <ele>5</ele>
        <time>2026-09-06T13:49:43.000Z</time>
        <extensions>
          <ns3:TrackPointExtension>
            <ns3:atemp>30.0</ns3:atemp>
            <ns3:hr>180</ns3:hr>
            <ns3:cad>92</ns3:cad>
          </ns3:TrackPointExtension>
        </extensions>
      </trkpt>
      <trkpt lat="30.90131976641714572906494140625" lon="121.74791579134762287139892578125">
        <ele>5</ele>
        <time>2026-09-06T13:49:44.000Z</time>
        <extensions>
          <ns3:TrackPointExtension>
            <ns3:atemp>30.0</ns3:atemp>
            <ns3:hr>180</ns3:hr>
            <ns3:cad>92</ns3:cad>
          </ns3:TrackPointExtension>
        </extensions>
      </trkpt>
      <trkpt lat="30.90132236480712890625" lon="121.7478779889643192291259765625">
        <ele>5</ele>
        <time>2026-09-06T13:49:45.000Z</time>
        <extensions>
          <ns3:TrackPointExtension>
            <ns3:atemp>30.0</ns3:atemp>
            <ns3:hr>180</ns3:hr>
            <ns3:cad>92</ns3:cad>
          </ns3:TrackPointExtension>
        </extensions>
      </trkpt>
      <trkpt lat="30.90131574310362339019775390625" lon="121.7478538490831851959228515625">
        <ele>5.19999980926513671875</ele>
        <time>2026-09-06T13:49:46.000Z</time>
        <extensions>
          <ns3:TrackPointExtension>
            <ns3:atemp>30.0</ns3:atemp>
            <ns3:hr>180</ns3:hr>
            <ns3:cad>92</ns3:cad>
          </ns3:TrackPointExtension>
        </extensions>
      </trkpt>
      <trkpt lat="30.90131364762783050537109375" lon="121.7478208243846893310546875">
        <ele>5.19999980926513671875</ele>
        <time>2026-09-06T13:49:47.000Z</time>
        <extensions>
          <ns3:TrackPointExtension>
            <ns3:atemp>30.0</ns3:atemp>
            <ns3:hr>181</ns3:hr>
            <ns3:cad>92</ns3:cad>
          </ns3:TrackPointExtension>
        </extensions>
      </trkpt>
      <trkpt lat="30.901309289038181304931640625" lon="121.7477961815893650054931640625">
        <ele>5.19999980926513671875</ele>
        <time>2026-09-06T13:49:48.000Z</time>
        <extensions>
          <ns3:TrackPointExtension>
            <ns3:atemp>30.0</ns3:atemp>
            <ns3:hr>180</ns3:hr>
            <ns3:cad>92</ns3:cad>
          </ns3:TrackPointExtension>
        </extensions>
      </trkpt>
      <trkpt lat="30.9013101272284984588623046875" lon="121.7477591335773468017578125">
        <ele>5.19999980926513671875</ele>
        <time>2026-09-06T13:49:49.000Z</time>
        <extensions>
          <ns3:TrackPointExtension>
            <ns3:atemp>30.0</ns3:atemp>
            <ns3:hr>180</ns3:hr>
            <ns3:cad>92</ns3:cad>
          </ns3:TrackPointExtension>
        </extensions>
      </trkpt>
      <trkpt lat="30.90130518190562725067138671875" lon="121.747731305658817291259765625">
        <ele>5.19999980926513671875</ele>
        <time>2026-09-06T13:49:50.000Z</time>
        <extensions>
          <ns3:TrackPointExtension>
            <ns3:atemp>30.0</ns3:atemp>
            <ns3:hr>181</ns3:hr>
            <ns3:cad>91</ns3:cad>
          </ns3:TrackPointExtension>
        </extensions>
      </trkpt>
      <trkpt lat="30.90130769647657871246337890625" lon="121.747700460255146026611328125">
        <ele>5.19999980926513671875</ele>
        <time>2026-09-06T13:49:51.000Z</time>
        <extensions>
          <ns3:TrackPointExtension>
            <ns3:atemp>30.0</ns3:atemp>
            <ns3:hr>181</ns3:hr>
            <ns3:cad>91</ns3:cad>
          </ns3:TrackPointExtension>
        </extensions>
      </trkpt>
      <trkpt lat="30.9013027511537075042724609375" lon="121.74767808057367801666259765625">
        <ele>5.19999980926513671875</ele>
        <time>2026-09-06T13:49:52.000Z</time>
        <extensions>
          <ns3:TrackPointExtension>
            <ns3:atemp>30.0</ns3:atemp>
            <ns3:hr>181</ns3:hr>
            <ns3:cad>90</ns3:cad>
          </ns3:TrackPointExtension>
        </extensions>
      </trkpt>
      <trkpt lat="30.90130451135337352752685546875" lon="121.74764488823711872100830078125">
        <ele>5.19999980926513671875</ele>
        <time>2026-09-06T13:49:53.000Z</time>
        <extensions>
          <ns3:TrackPointExtension>
            <ns3:atemp>30.0</ns3:atemp>
            <ns3:hr>181</ns3:hr>
            <ns3:cad>90</ns3:cad>
          </ns3:TrackPointExtension>
        </extensions>
      </trkpt>
      <trkpt lat="30.90130065567791461944580078125" lon="121.747613959014415740966796875">
        <ele>5.19999980926513671875</ele>
        <time>2026-09-06T13:49:54.000Z</time>
        <extensions>
          <ns3:TrackPointExtension>
            <ns3:atemp>30.0</ns3:atemp>
            <ns3:hr>181</ns3:hr>
            <ns3:cad>90</ns3:cad>
          </ns3:TrackPointExtension>
        </extensions>
      </trkpt>
      <trkpt lat="30.90130291879177093505859375" lon="121.7475765757262706756591796875">
        <ele>5.19999980926513671875</ele>
        <time>2026-09-06T13:49:55.000Z</time>
        <extensions>
          <ns3:TrackPointExtension>
            <ns3:atemp>30.0</ns3:atemp>
            <ns3:hr>181</ns3:hr>
            <ns3:cad>90</ns3:cad>
          </ns3:TrackPointExtension>
        </extensions>
      </trkpt>
      <trkpt lat="30.9013014100492000579833984375" lon="121.74754120409488677978515625">
        <ele>5.19999980926513671875</ele>
        <time>2026-09-06T13:49:56.000Z</time>
        <extensions>
          <ns3:TrackPointExtension>
            <ns3:atemp>30.0</ns3:atemp>
            <ns3:hr>181</ns3:hr>
            <ns3:cad>91</ns3:cad>
          </ns3:TrackPointExtension>
        </extensions>
      </trkpt>
      <trkpt lat="30.9013040922582149505615234375" lon="121.74750574864447116851806640625">
        <ele>5.19999980926513671875</ele>
        <time>2026-09-06T13:49:57.000Z</time>
        <extensions>
          <ns3:TrackPointExtension>
            <ns3:atemp>30.0</ns3:atemp>
            <ns3:hr>181</ns3:hr>
            <ns3:cad>92</ns3:cad>
          </ns3:TrackPointExtension>
        </extensions>
      </trkpt>
      <trkpt lat="30.901301242411136627197265625" lon="121.7474723048508167266845703125">
        <ele>5.19999980926513671875</ele>
        <time>2026-09-06T13:49:58.000Z</time>
        <extensions>
          <ns3:TrackPointExtension>
            <ns3:atemp>30.0</ns3:atemp>
            <ns3:hr>181</ns3:hr>
            <ns3:cad>92</ns3:cad>
          </ns3:TrackPointExtension>
        </extensions>
      </trkpt>
      <trkpt lat="30.90130384080111980438232421875" lon="121.74743886105716228485107421875">
        <ele>5.19999980926513671875</ele>
        <time>2026-09-06T13:49:59.000Z</time>
        <extensions>
          <ns3:TrackPointExtension>
            <ns3:atemp>30.0</ns3:atemp>
            <ns3:hr>181</ns3:hr>
            <ns3:cad>92</ns3:cad>
          </ns3:TrackPointExtension>
        </extensions>
      </trkpt>
      <trkpt lat="30.90130149386823177337646484375" lon="121.7474025674164295196533203125">
        <ele>5.19999980926513671875</ele>
        <time>2026-09-06T13:50:00.000Z</time>
        <extensions>
          <ns3:TrackPointExtension>
            <ns3:atemp>30.0</ns3:atemp>
            <ns3:hr>182</ns3:hr>
            <ns3:cad>91</ns3:cad>
          </ns3:TrackPointExtension>
        </extensions>
      </trkpt>
      <trkpt lat="30.90130032040178775787353515625" lon="121.74736954271793365478515625">
        <ele>5.19999980926513671875</ele>
        <time>2026-09-06T13:50:01.000Z</time>
        <extensions>
          <ns3:TrackPointExtension>
            <ns3:atemp>30.0</ns3:atemp>
            <ns3:hr>182</ns3:hr>
            <ns3:cad>91</ns3:cad>
          </ns3:TrackPointExtension>
        </extensions>
      </trkpt>
      <trkpt lat="30.90129294432699680328369140625" lon="121.74733894877135753631591796875">
        <ele>5.400000095367431640625</ele>
        <time>2026-09-06T13:50:02.000Z</time>
        <extensions>
          <ns3:TrackPointExtension>
            <ns3:atemp>30.0</ns3:atemp>
            <ns3:hr>182</ns3:hr>
            <ns3:cad>91</ns3:cad>
          </ns3:TrackPointExtension>
        </extensions>
      </trkpt>
      <trkpt lat="30.90129026211798191070556640625" lon="121.747307516634464263916015625">
        <ele>5.400000095367431640625</ele>
        <time>2026-09-06T13:50:03.000Z</time>
        <extensions>
          <ns3:TrackPointExtension>
            <ns3:atemp>30.0</ns3:atemp>
            <ns3:hr>182</ns3:hr>
            <ns3:cad>90</ns3:cad>
          </ns3:TrackPointExtension>
        </extensions>
      </trkpt>
      <trkpt lat="30.9012856520712375640869140625" lon="121.74727432429790496826171875">
        <ele>5.400000095367431640625</ele>
        <time>2026-09-06T13:50:04.000Z</time>
        <extensions>
          <ns3:TrackPointExtension>
            <ns3:atemp>30.0</ns3:atemp>
            <ns3:hr>182</ns3:hr>
            <ns3:cad>90</ns3:cad>
          </ns3:TrackPointExtension>
        </extensions>
      </trkpt>
      <trkpt lat="30.90128414332866668701171875" lon="121.7472406290471553802490234375">
        <ele>5.400000095367431640625</ele>
        <time>2026-09-06T13:50:05.000Z</time>
        <extensions>
          <ns3:TrackPointExtension>
            <ns3:atemp>30.0</ns3:atemp>
            <ns3:hr>182</ns3:hr>
            <ns3:cad>90</ns3:cad>
          </ns3:TrackPointExtension>
        </extensions>
      </trkpt>
      <trkpt lat="30.90127877891063690185546875" lon="121.74720852635800838470458984375">
        <ele>5.19999980926513671875</ele>
        <time>2026-09-06T13:50:06.000Z</time>
        <extensions>
          <ns3:TrackPointExtension>
            <ns3:atemp>30.0</ns3:atemp>
            <ns3:hr>183</ns3:hr>
            <ns3:cad>90</ns3:cad>
          </ns3:TrackPointExtension>
        </extensions>
      </trkpt>
      <trkpt lat="30.90127743780612945556640625" lon="121.74717114306986331939697265625">
        <ele>5.19999980926513671875</ele>
        <time>2026-09-06T13:50:07.000Z</time>
        <extensions>
          <ns3:TrackPointExtension>
            <ns3:atemp>30.0</ns3:atemp>
            <ns3:hr>183</ns3:hr>
            <ns3:cad>90</ns3:cad>
          </ns3:TrackPointExtension>
        </extensions>
      </trkpt>
      <trkpt lat="30.9012755937874317169189453125" lon="121.747135855257511138916015625">
        <ele>5.19999980926513671875</ele>
        <time>2026-09-06T13:50:08.000Z</time>
        <extensions>
          <ns3:TrackPointExtension>
            <ns3:atemp>30.0</ns3:atemp>
            <ns3:hr>183</ns3:hr>
            <ns3:cad>90</ns3:cad>
          </ns3:TrackPointExtension>
        </extensions>
      </trkpt>
      <trkpt lat="30.90127433650195598602294921875" lon="121.74710408784449100494384765625">
        <ele>5.19999980926513671875</ele>
        <time>2026-09-06T13:50:09.000Z</time>
        <extensions>
          <ns3:TrackPointExtension>
            <ns3:atemp>30.0</ns3:atemp>
            <ns3:hr>183</ns3:hr>
            <ns3:cad>90</ns3:cad>
          </ns3:TrackPointExtension>
        </extensions>
      </trkpt>
      <trkpt lat="30.9012715704739093780517578125" lon="121.74707005731761455535888671875">
        <ele>5.400000095367431640625</ele>
        <time>2026-09-06T13:50:10.000Z</time>
        <extensions>
          <ns3:TrackPointExtension>
            <ns3:atemp>30.0</ns3:atemp>
            <ns3:hr>183</ns3:hr>
            <ns3:cad>90</ns3:cad>
          </ns3:TrackPointExtension>
        </extensions>
      </trkpt>
      <trkpt lat="30.90126679278910160064697265625" lon="121.74704122357070446014404296875">
        <ele>5.400000095367431640625</ele>
        <time>2026-09-06T13:50:11.000Z</time>
        <extensions>
          <ns3:TrackPointExtension>
            <ns3:atemp>30.0</ns3:atemp>
            <ns3:hr>183</ns3:hr>
            <ns3:cad>90</ns3:cad>
          </ns3:TrackPointExtension>
        </extensions>
      </trkpt>
      <trkpt lat="30.90126444585621356964111328125" lon="121.7470052652060985565185546875">
        <ele>5.19999980926513671875</ele>
        <time>2026-09-06T13:50:12.000Z</time>
        <extensions>
          <ns3:TrackPointExtension>
            <ns3:atemp>30.0</ns3:atemp>
            <ns3:hr>184</ns3:hr>
            <ns3:cad>90</ns3:cad>
          </ns3:TrackPointExtension>
        </extensions>
      </trkpt>
      <trkpt lat="30.901260673999786376953125" lon="121.74697659909725189208984375">
        <ele>5.19999980926513671875</ele>
        <time>2026-09-06T13:50:13.000Z</time>
        <extensions>
          <ns3:TrackPointExtension>
            <ns3:atemp>30.0</ns3:atemp>
            <ns3:hr>184</ns3:hr>
            <ns3:cad>92</ns3:cad>
          </ns3:TrackPointExtension>
        </extensions>
      </trkpt>
      <trkpt lat="30.90126000344753265380859375" lon="121.7469405569136142730712890625">
        <ele>5.19999980926513671875</ele>
        <time>2026-09-06T13:50:14.000Z</time>
        <extensions>
          <ns3:TrackPointExtension>
            <ns3:atemp>30.0</ns3:atemp>
            <ns3:hr>184</ns3:hr>
            <ns3:cad>92</ns3:cad>
          </ns3:TrackPointExtension>
        </extensions>
      </trkpt>
      <trkpt lat="30.90125455521047115325927734375" lon="121.74691515974700450897216796875">
        <ele>5.19999980926513671875</ele>
        <time>2026-09-06T13:50:15.000Z</time>
        <extensions>
          <ns3:TrackPointExtension>
            <ns3:atemp>30.0</ns3:atemp>
            <ns3:hr>184</ns3:hr>
            <ns3:cad>92</ns3:cad>
          </ns3:TrackPointExtension>
        </extensions>
      </trkpt>
      <trkpt lat="30.90125706978142261505126953125" lon="121.74688112922012805938720703125">
        <ele>5.19999980926513671875</ele>
        <time>2026-09-06T13:50:16.000Z</time>
        <extensions>
          <ns3:TrackPointExtension>
            <ns3:atemp>30.0</ns3:atemp>
            <ns3:hr>184</ns3:hr>
            <ns3:cad>92</ns3:cad>
          </ns3:TrackPointExtension>
        </extensions>
      </trkpt>
      <trkpt lat="30.90125371702015399932861328125" lon="121.746853552758693695068359375">
        <ele>5.19999980926513671875</ele>
        <time>2026-09-06T13:50:17.000Z</time>
        <extensions>
          <ns3:TrackPointExtension>
            <ns3:atemp>30.0</ns3:atemp>
            <ns3:hr>184</ns3:hr>
            <ns3:cad>92</ns3:cad>
          </ns3:TrackPointExtension>
        </extensions>
      </trkpt>
      <trkpt lat="30.9012512862682342529296875" lon="121.74681910313665866851806640625">
        <ele>5.19999980926513671875</ele>
        <time>2026-09-06T13:50:18.000Z</time>
        <extensions>
          <ns3:TrackPointExtension>
            <ns3:atemp>30.0</ns3:atemp>
            <ns3:hr>185</ns3:hr>
            <ns3:cad>92</ns3:cad>
          </ns3:TrackPointExtension>
        </extensions>
      </trkpt>
      <trkpt lat="30.90124935843050479888916015625" lon="121.74679378978908061981201171875">
        <ele>5.19999980926513671875</ele>
        <time>2026-09-06T13:50:19.000Z</time>
        <extensions>
          <ns3:TrackPointExtension>
            <ns3:atemp>30.0</ns3:atemp>
            <ns3:hr>185</ns3:hr>
            <ns3:cad>92</ns3:cad>
          </ns3:TrackPointExtension>
        </extensions>
      </trkpt>
      <trkpt lat="30.901252292096614837646484375" lon="121.7467541433870792388916015625">
        <ele>5.19999980926513671875</ele>
        <time>2026-09-06T13:50:20.000Z</time>
        <extensions>
          <ns3:TrackPointExtension>
            <ns3:atemp>30.0</ns3:atemp>
            <ns3:hr>185</ns3:hr>
            <ns3:cad>92</ns3:cad>
          </ns3:TrackPointExtension>
        </extensions>
      </trkpt>
      <trkpt lat="30.90124717913568019866943359375" lon="121.7467266507446765899658203125">
        <ele>5.19999980926513671875</ele>
        <time>2026-09-06T13:50:21.000Z</time>
        <extensions>
          <ns3:TrackPointExtension>
            <ns3:atemp>30.0</ns3:atemp>
            <ns3:hr>185</ns3:hr>
            <ns3:cad>92</ns3:cad>
          </ns3:TrackPointExtension>
        </extensions>
      </trkpt>
      <trkpt lat="30.90125036425888538360595703125" lon="121.74669094383716583251953125">
        <ele>5.19999980926513671875</ele>
        <time>2026-09-06T13:50:22.000Z</time>
        <extensions>
          <ns3:TrackPointExtension>
            <ns3:atemp>30.0</ns3:atemp>
            <ns3:hr>184</ns3:hr>
            <ns3:cad>91</ns3:cad>
          </ns3:TrackPointExtension>
        </extensions>
      </trkpt>
      <trkpt lat="30.9012460894882678985595703125" lon="121.74666169099509716033935546875">
        <ele>5.19999980926513671875</ele>
        <time>2026-09-06T13:50:23.000Z</time>
        <extensions>
          <ns3:TrackPointExtension>
            <ns3:atemp>30.0</ns3:atemp>
            <ns3:hr>185</ns3:hr>
            <ns3:cad>91</ns3:cad>
          </ns3:TrackPointExtension>
        </extensions>
      </trkpt>
      <trkpt lat="30.90124919079244136810302734375" lon="121.74662330187857151031494140625">
        <ele>5.400000095367431640625</ele>
        <time>2026-09-06T13:50:24.000Z</time>
        <extensions>
          <ns3:TrackPointExtension>
            <ns3:atemp>30.0</ns3:atemp>
            <ns3:hr>185</ns3:hr>
            <ns3:cad>92</ns3:cad>
          </ns3:TrackPointExtension>
        </extensions>
      </trkpt>
      <trkpt lat="30.901246257126331329345703125" lon="121.74659044481813907623291015625">
        <ele>5.400000095367431640625</ele>
        <time>2026-09-06T13:50:25.000Z</time>
        <extensions>
          <ns3:TrackPointExtension>
            <ns3:atemp>30.0</ns3:atemp>
            <ns3:hr>185</ns3:hr>
            <ns3:cad>92</ns3:cad>
          </ns3:TrackPointExtension>
        </extensions>
      </trkpt>
      <trkpt lat="30.901247598230838775634765625" lon="121.7465556599199771881103515625">
        <ele>5.400000095367431640625</ele>
        <time>2026-09-06T13:50:26.000Z</time>
        <extensions>
          <ns3:TrackPointExtension>
            <ns3:atemp>30.0</ns3:atemp>
            <ns3:hr>185</ns3:hr>
            <ns3:cad>92</ns3:cad>
          </ns3:TrackPointExtension>
        </extensions>
      </trkpt>
      <trkpt lat="30.90124198235571384429931640625" lon="121.746525652706623077392578125">
        <ele>5.400000095367431640625</ele>
        <time>2026-09-06T13:50:27.000Z</time>
        <extensions>
          <ns3:TrackPointExtension>
            <ns3:atemp>30.0</ns3:atemp>
            <ns3:hr>185</ns3:hr>
            <ns3:cad>92</ns3:cad>
          </ns3:TrackPointExtension>
        </extensions>
      </trkpt>
      <trkpt lat="30.90124256908893585205078125" lon="121.74649489112198352813720703125">
        <ele>5.400000095367431640625</ele>
        <time>2026-09-06T13:50:28.000Z</time>
        <extensions>
          <ns3:TrackPointExtension>
            <ns3:atemp>30.0</ns3:atemp>
            <ns3:hr>185</ns3:hr>
            <ns3:cad>91</ns3:cad>
          </ns3:TrackPointExtension>
        </extensions>
      </trkpt>
      <trkpt lat="30.901242904365062713623046875" lon="121.74646161496639251708984375">
        <ele>5.400000095367431640625</ele>
        <time>2026-09-06T13:50:29.000Z</time>
        <extensions>
          <ns3:TrackPointExtension>
            <ns3:atemp>30.0</ns3:atemp>
            <ns3:hr>185</ns3:hr>
            <ns3:cad>91</ns3:cad>
          </ns3:TrackPointExtension>
        </extensions>
      </trkpt>
      <trkpt lat="30.9012447483837604522705078125" lon="121.74643169157207012176513671875">
        <ele>5.400000095367431640625</ele>
        <time>2026-09-06T13:50:30.000Z</time>
        <extensions>
          <ns3:TrackPointExtension>
            <ns3:atemp>30.0</ns3:atemp>
            <ns3:hr>185</ns3:hr>
            <ns3:cad>92</ns3:cad>
          </ns3:TrackPointExtension>
        </extensions>
      </trkpt>
      <trkpt lat="30.9012424014508724212646484375" lon="121.7463990859687328338623046875">
        <ele>5.400000095367431640625</ele>
        <time>2026-09-06T13:50:31.000Z</time>
        <extensions>
          <ns3:TrackPointExtension>
            <ns3:atemp>30.0</ns3:atemp>
            <ns3:hr>185</ns3:hr>
            <ns3:cad>92</ns3:cad>
          </ns3:TrackPointExtension>
        </extensions>
      </trkpt>
      <trkpt lat="30.90124147944152355194091796875" lon="121.7463732697069644927978515625">
        <ele>5.400000095367431640625</ele>
        <time>2026-09-06T13:50:32.000Z</time>
        <extensions>
          <ns3:TrackPointExtension>
            <ns3:atemp>30.0</ns3:atemp>
            <ns3:hr>185</ns3:hr>
            <ns3:cad>92</ns3:cad>
          </ns3:TrackPointExtension>
        </extensions>
      </trkpt>
      <trkpt lat="30.90123712085187435150146484375" lon="121.74634569324553012847900390625">
        <ele>5.400000095367431640625</ele>
        <time>2026-09-06T13:50:33.000Z</time>
        <extensions>
          <ns3:TrackPointExtension>
            <ns3:atemp>30.0</ns3:atemp>
            <ns3:hr>186</ns3:hr>
            <ns3:cad>92</ns3:cad>
          </ns3:TrackPointExtension>
        </extensions>
      </trkpt>
      <trkpt lat="30.90123586356639862060546875" lon="121.7463109083473682403564453125">
        <ele>5.400000095367431640625</ele>
        <time>2026-09-06T13:50:34.000Z</time>
        <extensions>
          <ns3:TrackPointExtension>
            <ns3:atemp>30.0</ns3:atemp>
            <ns3:hr>185</ns3:hr>
            <ns3:cad>90</ns3:cad>
          </ns3:TrackPointExtension>
        </extensions>
      </trkpt>
      <trkpt lat="30.90123184025287628173828125" lon="121.74627578817307949066162109375">
        <ele>5.400000095367431640625</ele>
        <time>2026-09-06T13:50:35.000Z</time>
        <extensions>
          <ns3:TrackPointExtension>
            <ns3:atemp>30.0</ns3:atemp>
            <ns3:hr>185</ns3:hr>
            <ns3:cad>90</ns3:cad>
          </ns3:TrackPointExtension>
        </extensions>
      </trkpt>
      <trkpt lat="30.90123443864285945892333984375" lon="121.746242009103298187255859375">
        <ele>5.400000095367431640625</ele>
        <time>2026-09-06T13:50:36.000Z</time>
        <extensions>
          <ns3:TrackPointExtension>
            <ns3:atemp>30.0</ns3:atemp>
            <ns3:hr>186</ns3:hr>
            <ns3:cad>90</ns3:cad>
          </ns3:TrackPointExtension>
        </extensions>
      </trkpt>
      <trkpt lat="30.90123343281447887420654296875" lon="121.74620680510997772216796875">
        <ele>5.400000095367431640625</ele>
        <time>2026-09-06T13:50:37.000Z</time>
        <extensions>
          <ns3:TrackPointExtension>
            <ns3:atemp>30.0</ns3:atemp>
            <ns3:hr>186</ns3:hr>
            <ns3:cad>90</ns3:cad>
          </ns3:TrackPointExtension>
        </extensions>
      </trkpt>
      <trkpt lat="30.90123184025287628173828125" lon="121.74617771990597248077392578125">
        <ele>5.400000095367431640625</ele>
        <time>2026-09-06T13:50:38.000Z</time>
        <extensions>
          <ns3:TrackPointExtension>
            <ns3:atemp>30.0</ns3:atemp>
            <ns3:hr>186</ns3:hr>
            <ns3:cad>90</ns3:cad>
          </ns3:TrackPointExtension>
        </extensions>
      </trkpt>
      <trkpt lat="30.90122538618743419647216796875" lon="121.7461431026458740234375">
        <ele>5.400000095367431640625</ele>
        <time>2026-09-06T13:50:39.000Z</time>
        <extensions>
          <ns3:TrackPointExtension>
            <ns3:atemp>30.0</ns3:atemp>
            <ns3:hr>185</ns3:hr>
            <ns3:cad>90</ns3:cad>
          </ns3:TrackPointExtension>
        </extensions>
      </trkpt>
      <trkpt lat="30.9012216143310070037841796875" lon="121.74611250869929790496826171875">
        <ele>5.400000095367431640625</ele>
        <time>2026-09-06T13:50:40.000Z</time>
        <extensions>
          <ns3:TrackPointExtension>
            <ns3:atemp>30.0</ns3:atemp>
            <ns3:hr>186</ns3:hr>
            <ns3:cad>92</ns3:cad>
          </ns3:TrackPointExtension>
        </extensions>
      </trkpt>
      <trkpt lat="30.9012212790548801422119140625" lon="121.74607428722083568572998046875">
        <ele>5.400000095367431640625</ele>
        <time>2026-09-06T13:50:41.000Z</time>
        <extensions>
          <ns3:TrackPointExtension>
            <ns3:atemp>30.0</ns3:atemp>
            <ns3:hr>186</ns3:hr>
            <ns3:cad>92</ns3:cad>
          </ns3:TrackPointExtension>
        </extensions>
      </trkpt>
      <trkpt lat="30.90122035704553127288818359375" lon="121.74604545347392559051513671875">
        <ele>5.400000095367431640625</ele>
        <time>2026-09-06T13:50:42.000Z</time>
        <extensions>
          <ns3:TrackPointExtension>
            <ns3:atemp>30.0</ns3:atemp>
            <ns3:hr>186</ns3:hr>
            <ns3:cad>91</ns3:cad>
          </ns3:TrackPointExtension>
        </extensions>
      </trkpt>
      <trkpt lat="30.90122102759778499603271484375" lon="121.74600672908127307891845703125">
        <ele>5.400000095367431640625</ele>
        <time>2026-09-06T13:50:43.000Z</time>
        <extensions>
          <ns3:TrackPointExtension>
            <ns3:atemp>30.0</ns3:atemp>
            <ns3:hr>186</ns3:hr>
            <ns3:cad>91</ns3:cad>
          </ns3:TrackPointExtension>
        </extensions>
      </trkpt>
      <trkpt lat="30.90121666900813579559326171875" lon="121.745981164276599884033203125">
        <ele>5.400000095367431640625</ele>
        <time>2026-09-06T13:50:44.000Z</time>
        <extensions>
          <ns3:TrackPointExtension>
            <ns3:atemp>30.0</ns3:atemp>
            <ns3:hr>186</ns3:hr>
            <ns3:cad>91</ns3:cad>
          </ns3:TrackPointExtension>
        </extensions>
      </trkpt>
      <trkpt lat="30.90121650137007236480712890625" lon="121.74594663083553314208984375">
        <ele>5.400000095367431640625</ele>
        <time>2026-09-06T13:50:45.000Z</time>
        <extensions>
          <ns3:TrackPointExtension>
            <ns3:atemp>30.0</ns3:atemp>
            <ns3:hr>186</ns3:hr>
            <ns3:cad>92</ns3:cad>
          </ns3:TrackPointExtension>
        </extensions>
      </trkpt>
      <trkpt lat="30.901214741170406341552734375" lon="121.74591570161283016204833984375">
        <ele>5.400000095367431640625</ele>
        <time>2026-09-06T13:50:46.000Z</time>
        <extensions>
          <ns3:TrackPointExtension>
            <ns3:atemp>30.0</ns3:atemp>
            <ns3:hr>186</ns3:hr>
            <ns3:cad>93</ns3:cad>
          </ns3:TrackPointExtension>
        </extensions>
      </trkpt>
      <trkpt lat="30.9012139029800891876220703125" lon="121.7458797432482242584228515625">
        <ele>5.400000095367431640625</ele>
        <time>2026-09-06T13:50:47.000Z</time>
        <extensions>
          <ns3:TrackPointExtension>
            <ns3:atemp>30.0</ns3:atemp>
            <ns3:hr>185</ns3:hr>
            <ns3:cad>93</ns3:cad>
          </ns3:TrackPointExtension>
        </extensions>
      </trkpt>
      <trkpt lat="30.9012071974575519561767578125" lon="121.74584831111133098602294921875">
        <ele>5.400000095367431640625</ele>
        <time>2026-09-06T13:50:48.000Z</time>
        <extensions>
          <ns3:TrackPointExtension>
            <ns3:atemp>30.0</ns3:atemp>
            <ns3:hr>186</ns3:hr>
            <ns3:cad>92</ns3:cad>
          </ns3:TrackPointExtension>
        </extensions>
      </trkpt>
      <trkpt lat="30.90120644308626651763916015625" lon="121.7458136938512325286865234375">
        <ele>5.599999904632568359375</ele>
        <time>2026-09-06T13:50:49.000Z</time>
        <extensions>
          <ns3:TrackPointExtension>
            <ns3:atemp>30.0</ns3:atemp>
            <ns3:hr>186</ns3:hr>
            <ns3:cad>91</ns3:cad>
          </ns3:TrackPointExtension>
        </extensions>
      </trkpt>
      <trkpt lat="30.90120258741080760955810546875" lon="121.7457841895520687103271484375">
        <ele>5.599999904632568359375</ele>
        <time>2026-09-06T13:50:50.000Z</time>
        <extensions>
          <ns3:TrackPointExtension>
            <ns3:atemp>30.0</ns3:atemp>
            <ns3:hr>186</ns3:hr>
            <ns3:cad>91</ns3:cad>
          </ns3:TrackPointExtension>
        </extensions>
      </trkpt>
      <trkpt lat="30.90120174922049045562744140625" lon="121.745754182338714599609375">
        <ele>5.599999904632568359375</ele>
        <time>2026-09-06T13:50:51.000Z</time>
        <extensions>
          <ns3:TrackPointExtension>
            <ns3:atemp>30.0</ns3:atemp>
            <ns3:hr>185</ns3:hr>
            <ns3:cad>91</ns3:cad>
          </ns3:TrackPointExtension>
        </extensions>
      </trkpt>
      <trkpt lat="30.9011974744498729705810546875" lon="121.74572610296308994293212890625">
        <ele>5.599999904632568359375</ele>
        <time>2026-09-06T13:50:52.000Z</time>
        <extensions>
          <ns3:TrackPointExtension>
            <ns3:atemp>30.0</ns3:atemp>
            <ns3:hr>186</ns3:hr>
            <ns3:cad>91</ns3:cad>
          </ns3:TrackPointExtension>
        </extensions>
      </trkpt>
      <trkpt lat="30.9011988155543804168701171875" lon="121.74569450318813323974609375">
        <ele>5.599999904632568359375</ele>
        <time>2026-09-06T13:50:53.000Z</time>
        <extensions>
          <ns3:TrackPointExtension>
            <ns3:atemp>30.0</ns3:atemp>
            <ns3:hr>186</ns3:hr>
            <ns3:cad>91</ns3:cad>
          </ns3:TrackPointExtension>
        </extensions>
      </trkpt>
      <trkpt lat="30.9011957980692386627197265625" lon="121.74566541798412799835205078125">
        <ele>5.599999904632568359375</ele>
        <time>2026-09-06T13:50:54.000Z</time>
        <extensions>
          <ns3:TrackPointExtension>
            <ns3:atemp>30.0</ns3:atemp>
            <ns3:hr>186</ns3:hr>
            <ns3:cad>91</ns3:cad>
          </ns3:TrackPointExtension>
        </extensions>
      </trkpt>
      <trkpt lat="30.901196636259555816650390625" lon="121.74563348293304443359375">
        <ele>5.599999904632568359375</ele>
        <time>2026-09-06T13:50:55.000Z</time>
        <extensions>
          <ns3:TrackPointExtension>
            <ns3:atemp>30.0</ns3:atemp>
            <ns3:hr>186</ns3:hr>
            <ns3:cad>91</ns3:cad>
          </ns3:TrackPointExtension>
        </extensions>
      </trkpt>
      <trkpt lat="30.90119521133601665496826171875" lon="121.74560406245291233062744140625">
        <ele>5.400000095367431640625</ele>
        <time>2026-09-06T13:50:56.000Z</time>
        <extensions>
          <ns3:TrackPointExtension>
            <ns3:atemp>30.0</ns3:atemp>
            <ns3:hr>186</ns3:hr>
            <ns3:cad>91</ns3:cad>
          </ns3:TrackPointExtension>
        </extensions>
      </trkpt>
      <trkpt lat="30.9011934511363506317138671875" lon="121.74557187594473361968994140625">
        <ele>5.400000095367431640625</ele>
        <time>2026-09-06T13:50:57.000Z</time>
        <extensions>
          <ns3:TrackPointExtension>
            <ns3:atemp>30.0</ns3:atemp>
            <ns3:hr>186</ns3:hr>
            <ns3:cad>91</ns3:cad>
          </ns3:TrackPointExtension>
        </extensions>
      </trkpt>
      <trkpt lat="30.901191942393779754638671875" lon="121.745543293654918670654296875">
        <ele>5.400000095367431640625</ele>
        <time>2026-09-06T13:50:58.000Z</time>
        <extensions>
          <ns3:TrackPointExtension>
            <ns3:atemp>30.0</ns3:atemp>
            <ns3:hr>186</ns3:hr>
            <ns3:cad>90</ns3:cad>
          </ns3:TrackPointExtension>
        </extensions>
      </trkpt>
      <trkpt lat="30.9011924453079700469970703125" lon="121.74551471136510372161865234375">
        <ele>5.400000095367431640625</ele>
        <time>2026-09-06T13:50:59.000Z</time>
        <extensions>
          <ns3:TrackPointExtension>
            <ns3:atemp>30.0</ns3:atemp>
            <ns3:hr>186</ns3:hr>
            <ns3:cad>90</ns3:cad>
          </ns3:TrackPointExtension>
        </extensions>
      </trkpt>
      <trkpt lat="30.9011907689273357391357421875" lon="121.74548688344657421112060546875">
        <ele>5.400000095367431640625</ele>
        <time>2026-09-06T13:51:00.000Z</time>
        <extensions>
          <ns3:TrackPointExtension>
            <ns3:atemp>30.0</ns3:atemp>
            <ns3:hr>186</ns3:hr>
            <ns3:cad>90</ns3:cad>
          </ns3:TrackPointExtension>
        </extensions>
      </trkpt>
      <trkpt lat="30.90119169093668460845947265625" lon="121.7454579658806324005126953125">
        <ele>5.599999904632568359375</ele>
        <time>2026-09-06T13:51:01.000Z</time>
        <extensions>
          <ns3:TrackPointExtension>
            <ns3:atemp>30.0</ns3:atemp>
            <ns3:hr>187</ns3:hr>
            <ns3:cad>90</ns3:cad>
          </ns3:TrackPointExtension>
        </extensions>
      </trkpt>
      <trkpt lat="30.90118666179478168487548828125" lon="121.74542569555342197418212890625">
        <ele>5.599999904632568359375</ele>
        <time>2026-09-06T13:51:02.000Z</time>
        <extensions>
          <ns3:TrackPointExtension>
            <ns3:atemp>30.0</ns3:atemp>
            <ns3:hr>186</ns3:hr>
            <ns3:cad>90</ns3:cad>
          </ns3:TrackPointExtension>
        </extensions>
      </trkpt>
      <trkpt lat="30.9011843986809253692626953125" lon="121.7453935928642749786376953125">
        <ele>5.599999904632568359375</ele>
        <time>2026-09-06T13:51:03.000Z</time>
        <extensions>
          <ns3:TrackPointExtension>
            <ns3:atemp>30.0</ns3:atemp>
            <ns3:hr>186</ns3:hr>
            <ns3:cad>90</ns3:cad>
          </ns3:TrackPointExtension>
        </extensions>
      </trkpt>
      <trkpt lat="30.9011793695390224456787109375" lon="121.7453634180128574371337890625">
        <ele>5.599999904632568359375</ele>
        <time>2026-09-06T13:51:04.000Z</time>
        <extensions>
          <ns3:TrackPointExtension>
            <ns3:atemp>30.0</ns3:atemp>
            <ns3:hr>187</ns3:hr>
            <ns3:cad>90</ns3:cad>
          </ns3:TrackPointExtension>
        </extensions>
      </trkpt>
      <trkpt lat="30.901176519691944122314453125" lon="121.74533382989466190338134765625">
        <ele>5.599999904632568359375</ele>
        <time>2026-09-06T13:51:05.000Z</time>
        <extensions>
          <ns3:TrackPointExtension>
            <ns3:atemp>30.0</ns3:atemp>
            <ns3:hr>186</ns3:hr>
            <ns3:cad>90</ns3:cad>
          </ns3:TrackPointExtension>
        </extensions>
      </trkpt>
      <trkpt lat="30.90117710642516613006591796875" lon="121.745305247604846954345703125">
        <ele>5.599999904632568359375</ele>
        <time>2026-09-06T13:51:06.000Z</time>
        <extensions>
          <ns3:TrackPointExtension>
            <ns3:atemp>30.0</ns3:atemp>
            <ns3:hr>186</ns3:hr>
            <ns3:cad>90</ns3:cad>
          </ns3:TrackPointExtension>
        </extensions>
      </trkpt>
      <trkpt lat="30.9011797048151493072509765625" lon="121.7452728934586048126220703125">
        <ele>5.599999904632568359375</ele>
        <time>2026-09-06T13:51:07.000Z</time>
        <extensions>
          <ns3:TrackPointExtension>
            <ns3:atemp>30.0</ns3:atemp>
            <ns3:hr>186</ns3:hr>
            <ns3:cad>90</ns3:cad>
          </ns3:TrackPointExtension>
        </extensions>
      </trkpt>
      <trkpt lat="30.901179872453212738037109375" lon="121.7452380247414112091064453125">
        <ele>5.599999904632568359375</ele>
        <time>2026-09-06T13:51:08.000Z</time>
        <extensions>
          <ns3:TrackPointExtension>
            <ns3:atemp>30.0</ns3:atemp>
            <ns3:hr>186</ns3:hr>
            <ns3:cad>90</ns3:cad>
          </ns3:TrackPointExtension>
        </extensions>
      </trkpt>
      <trkpt lat="30.901180543005466461181640625" lon="121.74520340748131275177001953125">
        <ele>5.599999904632568359375</ele>
        <time>2026-09-06T13:51:09.000Z</time>
        <extensions>
          <ns3:TrackPointExtension>
            <ns3:atemp>30.0</ns3:atemp>
            <ns3:hr>186</ns3:hr>
            <ns3:cad>90</ns3:cad>
          </ns3:TrackPointExtension>
        </extensions>
      </trkpt>
      <trkpt lat="30.9011761844158172607421875" lon="121.7451759986579418182373046875">
        <ele>5.599999904632568359375</ele>
        <time>2026-09-06T13:51:10.000Z</time>
        <extensions>
          <ns3:TrackPointExtension>
            <ns3:atemp>30.0</ns3:atemp>
            <ns3:hr>186</ns3:hr>
            <ns3:cad>90</ns3:cad>
          </ns3:TrackPointExtension>
        </extensions>
      </trkpt>
      <trkpt lat="30.90117174200713634490966796875" lon="121.74515060149133205413818359375">
        <ele>5.599999904632568359375</ele>
        <time>2026-09-06T13:51:11.000Z</time>
        <extensions>
          <ns3:TrackPointExtension>
            <ns3:atemp>30.0</ns3:atemp>
            <ns3:hr>186</ns3:hr>
            <ns3:cad>90</ns3:cad>
          </ns3:TrackPointExtension>
        </extensions>
      </trkpt>
      <trkpt lat="30.90116889216005802154541015625" lon="121.7451196722686290740966796875">
        <ele>5.599999904632568359375</ele>
        <time>2026-09-06T13:51:12.000Z</time>
        <extensions>
          <ns3:TrackPointExtension>
            <ns3:atemp>30.0</ns3:atemp>
            <ns3:hr>186</ns3:hr>
            <ns3:cad>90</ns3:cad>
          </ns3:TrackPointExtension>
        </extensions>
      </trkpt>
      <trkpt lat="30.90116872452199459075927734375" lon="121.7450891621410846710205078125">
        <ele>5.80000019073486328125</ele>
        <time>2026-09-06T13:51:13.000Z</time>
        <extensions>
          <ns3:TrackPointExtension>
            <ns3:atemp>30.0</ns3:atemp>
            <ns3:hr>186</ns3:hr>
            <ns3:cad>90</ns3:cad>
          </ns3:TrackPointExtension>
        </extensions>
      </trkpt>
      <trkpt lat="30.9011686407029628753662109375" lon="121.74505345523357391357421875">
        <ele>5.80000019073486328125</ele>
        <time>2026-09-06T13:51:14.000Z</time>
        <extensions>
          <ns3:TrackPointExtension>
            <ns3:atemp>30.0</ns3:atemp>
            <ns3:hr>186</ns3:hr>
            <ns3:cad>90</ns3:cad>
          </ns3:TrackPointExtension>
        </extensions>
      </trkpt>
      <trkpt lat="30.90116939507424831390380859375" lon="121.74502529203891754150390625">
        <ele>5.80000019073486328125</ele>
        <time>2026-09-06T13:51:15.000Z</time>
        <extensions>
          <ns3:TrackPointExtension>
            <ns3:atemp>30.0</ns3:atemp>
            <ns3:hr>186</ns3:hr>
            <ns3:cad>89</ns3:cad>
          </ns3:TrackPointExtension>
        </extensions>
      </trkpt>
      <trkpt lat="30.901167131960391998291015625" lon="121.744988076388835906982421875">
        <ele>5.80000019073486328125</ele>
        <time>2026-09-06T13:51:16.000Z</time>
        <extensions>
          <ns3:TrackPointExtension>
            <ns3:atemp>30.0</ns3:atemp>
            <ns3:hr>186</ns3:hr>
            <ns3:cad>89</ns3:cad>
          </ns3:TrackPointExtension>
        </extensions>
      </trkpt>
      <trkpt lat="30.901163779199123382568359375" lon="121.7449634335935115814208984375">
        <ele>5.80000019073486328125</ele>
        <time>2026-09-06T13:51:17.000Z</time>
        <extensions>
          <ns3:TrackPointExtension>
            <ns3:atemp>30.0</ns3:atemp>
            <ns3:hr>186</ns3:hr>
            <ns3:cad>90</ns3:cad>
          </ns3:TrackPointExtension>
        </extensions>
      </trkpt>
      <trkpt lat="30.901159755885601043701171875" lon="121.7449305765330791473388671875">
        <ele>5.80000019073486328125</ele>
        <time>2026-09-06T13:51:18.000Z</time>
        <extensions>
          <ns3:TrackPointExtension>
            <ns3:atemp>30.0</ns3:atemp>
            <ns3:hr>186</ns3:hr>
            <ns3:cad>90</ns3:cad>
          </ns3:TrackPointExtension>
        </extensions>
      </trkpt>
      <trkpt lat="30.90116051025688648223876953125" lon="121.74489788711071014404296875">
        <ele>5.80000019073486328125</ele>
        <time>2026-09-06T13:51:19.000Z</time>
        <extensions>
          <ns3:TrackPointExtension>
            <ns3:atemp>30.0</ns3:atemp>
            <ns3:hr>186</ns3:hr>
            <ns3:cad>91</ns3:cad>
          </ns3:TrackPointExtension>
        </extensions>
      </trkpt>
      <trkpt lat="30.90115430764853954315185546875" lon="121.744864024221897125244140625">
        <ele>5.80000019073486328125</ele>
        <time>2026-09-06T13:51:20.000Z</time>
        <extensions>
          <ns3:TrackPointExtension>
            <ns3:atemp>30.0</ns3:atemp>
            <ns3:hr>186</ns3:hr>
            <ns3:cad>91</ns3:cad>
          </ns3:TrackPointExtension>
        </extensions>
      </trkpt>
      <trkpt lat="30.90115112252533435821533203125" lon="121.7448366992175579071044921875">
        <ele>5.80000019073486328125</ele>
        <time>2026-09-06T13:51:21.000Z</time>
        <extensions>
          <ns3:TrackPointExtension>
            <ns3:atemp>30.0</ns3:atemp>
            <ns3:hr>186</ns3:hr>
            <ns3:cad>91</ns3:cad>
          </ns3:TrackPointExtension>
        </extensions>
      </trkpt>
      <trkpt lat="30.90114173479378223419189453125" lon="121.74480535089969635009765625">
        <ele>5.80000019073486328125</ele>
        <time>2026-09-06T13:51:22.000Z</time>
        <extensions>
          <ns3:TrackPointExtension>
            <ns3:atemp>30.0</ns3:atemp>
            <ns3:hr>186</ns3:hr>
            <ns3:cad>91</ns3:cad>
          </ns3:TrackPointExtension>
        </extensions>
      </trkpt>
      <trkpt lat="30.9011367894709110260009765625" lon="121.7447807081043720245361328125">
        <ele>5.80000019073486328125</ele>
        <time>2026-09-06T13:51:23.000Z</time>
        <extensions>
          <ns3:TrackPointExtension>
            <ns3:atemp>30.0</ns3:atemp>
            <ns3:hr>186</ns3:hr>
            <ns3:cad>91</ns3:cad>
          </ns3:TrackPointExtension>
        </extensions>
      </trkpt>
      <trkpt lat="30.901133604347705841064453125" lon="121.74474642612040042877197265625">
        <ele>5.80000019073486328125</ele>
        <time>2026-09-06T13:51:24.000Z</time>
        <extensions>
          <ns3:TrackPointExtension>
            <ns3:atemp>30.0</ns3:atemp>
            <ns3:hr>186</ns3:hr>
            <ns3:cad>90</ns3:cad>
          </ns3:TrackPointExtension>
        </extensions>
      </trkpt>
      <trkpt lat="30.901131927967071533203125" lon="121.74471708945930004119873046875">
        <ele>5.80000019073486328125</ele>
        <time>2026-09-06T13:51:25.000Z</time>
        <extensions>
          <ns3:TrackPointExtension>
            <ns3:atemp>30.0</ns3:atemp>
            <ns3:hr>185</ns3:hr>
            <ns3:cad>90</ns3:cad>
          </ns3:TrackPointExtension>
        </extensions>
      </trkpt>
      <trkpt lat="30.9011300839483737945556640625" lon="121.7446811310946941375732421875">
        <ele>6</ele>
        <time>2026-09-06T13:51:26.000Z</time>
        <extensions>
          <ns3:TrackPointExtension>
            <ns3:atemp>30.0</ns3:atemp>
            <ns3:hr>186</ns3:hr>
            <ns3:cad>90</ns3:cad>
          </ns3:TrackPointExtension>
        </extensions>
      </trkpt>
      <trkpt lat="30.90112832374870777130126953125" lon="121.74465355463325977325439453125">
        <ele>5.80000019073486328125</ele>
        <time>2026-09-06T13:51:27.000Z</time>
        <extensions>
          <ns3:TrackPointExtension>
            <ns3:atemp>30.0</ns3:atemp>
            <ns3:hr>186</ns3:hr>
            <ns3:cad>90</ns3:cad>
          </ns3:TrackPointExtension>
        </extensions>
      </trkpt>
      <trkpt lat="30.90112857520580291748046875" lon="121.74462572671473026275634765625">
        <ele>5.80000019073486328125</ele>
        <time>2026-09-06T13:51:28.000Z</time>
        <extensions>
          <ns3:TrackPointExtension>
            <ns3:atemp>30.0</ns3:atemp>
            <ns3:hr>186</ns3:hr>
            <ns3:cad>89</ns3:cad>
          </ns3:TrackPointExtension>
        </extensions>
      </trkpt>
      <trkpt lat="30.90112798847258090972900390625" lon="121.744599156081676483154296875">
        <ele>5.80000019073486328125</ele>
        <time>2026-09-06T13:51:29.000Z</time>
        <extensions>
          <ns3:TrackPointExtension>
            <ns3:atemp>30.0</ns3:atemp>
            <ns3:hr>186</ns3:hr>
            <ns3:cad>89</ns3:cad>
          </ns3:TrackPointExtension>
        </extensions>
      </trkpt>
      <trkpt lat="30.9011274017393589019775390625" lon="121.74457141198217868804931640625">
        <ele>5.80000019073486328125</ele>
        <time>2026-09-06T13:51:30.000Z</time>
        <extensions>
          <ns3:TrackPointExtension>
            <ns3:atemp>30.0</ns3:atemp>
            <ns3:hr>185</ns3:hr>
            <ns3:cad>89</ns3:cad>
          </ns3:TrackPointExtension>
        </extensions>
      </trkpt>
      <trkpt lat="30.90113067068159580230712890625" lon="121.74454274587333202362060546875">
        <ele>5.599999904632568359375</ele>
        <time>2026-09-06T13:51:31.000Z</time>
        <extensions>
          <ns3:TrackPointExtension>
            <ns3:atemp>30.0</ns3:atemp>
            <ns3:hr>186</ns3:hr>
            <ns3:cad>89</ns3:cad>
          </ns3:TrackPointExtension>
        </extensions>
      </trkpt>
      <trkpt lat="30.90112748555839061737060546875" lon="121.744511984288692474365234375">
        <ele>5.80000019073486328125</ele>
        <time>2026-09-06T13:51:32.000Z</time>
        <extensions>
          <ns3:TrackPointExtension>
            <ns3:atemp>30.0</ns3:atemp>
            <ns3:hr>185</ns3:hr>
            <ns3:cad>89</ns3:cad>
          </ns3:TrackPointExtension>
        </extensions>
      </trkpt>
      <trkpt lat="30.90111943893134593963623046875" lon="121.74448993988335132598876953125">
        <ele>5.80000019073486328125</ele>
        <time>2026-09-06T13:51:33.000Z</time>
        <extensions>
          <ns3:TrackPointExtension>
            <ns3:atemp>30.0</ns3:atemp>
            <ns3:hr>185</ns3:hr>
            <ns3:cad>89</ns3:cad>
          </ns3:TrackPointExtension>
        </extensions>
      </trkpt>
      <trkpt lat="30.9011198580265045166015625" lon="121.74446160905063152313232421875">
        <ele>5.80000019073486328125</ele>
        <time>2026-09-06T13:51:34.000Z</time>
        <extensions>
          <ns3:TrackPointExtension>
            <ns3:atemp>30.0</ns3:atemp>
            <ns3:hr>185</ns3:hr>
            <ns3:cad>89</ns3:cad>
          </ns3:TrackPointExtension>
        </extensions>
      </trkpt>
      <trkpt lat="30.9011206962168216705322265625" lon="121.74443026073276996612548828125">
        <ele>5.80000019073486328125</ele>
        <time>2026-09-06T13:51:35.000Z</time>
        <extensions>
          <ns3:TrackPointExtension>
            <ns3:atemp>30.0</ns3:atemp>
            <ns3:hr>184</ns3:hr>
            <ns3:cad>89</ns3:cad>
          </ns3:TrackPointExtension>
        </extensions>
      </trkpt>
      <trkpt lat="30.90111725963652133941650390625" lon="121.74440897069871425628662109375">
        <ele>5.80000019073486328125</ele>
        <time>2026-09-06T13:51:36.000Z</time>
        <extensions>
          <ns3:TrackPointExtension>
            <ns3:atemp>30.0</ns3:atemp>
            <ns3:hr>184</ns3:hr>
            <ns3:cad>89</ns3:cad>
          </ns3:TrackPointExtension>
        </extensions>
      </trkpt>
      <trkpt lat="30.90111658908426761627197265625" lon="121.74437527544796466827392578125">
        <ele>5.80000019073486328125</ele>
        <time>2026-09-06T13:51:37.000Z</time>
        <extensions>
          <ns3:TrackPointExtension>
            <ns3:atemp>30.0</ns3:atemp>
            <ns3:hr>183</ns3:hr>
            <ns3:cad>89</ns3:cad>
          </ns3:TrackPointExtension>
        </extensions>
      </trkpt>
      <trkpt lat="30.90111390687525272369384765625" lon="121.74434979446232318878173828125">
        <ele>5.599999904632568359375</ele>
        <time>2026-09-06T13:51:38.000Z</time>
        <extensions>
          <ns3:TrackPointExtension>
            <ns3:atemp>30.0</ns3:atemp>
            <ns3:hr>183</ns3:hr>
            <ns3:cad>89</ns3:cad>
          </ns3:TrackPointExtension>
        </extensions>
      </trkpt>
      <trkpt lat="30.90111239813268184661865234375" lon="121.74431324936449527740478515625">
        <ele>5.80000019073486328125</ele>
        <time>2026-09-06T13:51:39.000Z</time>
        <extensions>
          <ns3:TrackPointExtension>
            <ns3:atemp>30.0</ns3:atemp>
            <ns3:hr>182</ns3:hr>
            <ns3:cad>89</ns3:cad>
          </ns3:TrackPointExtension>
        </extensions>
      </trkpt>
      <trkpt lat="30.9011092968285083770751953125" lon="121.74428592436015605926513671875">
        <ele>5.80000019073486328125</ele>
        <time>2026-09-06T13:51:40.000Z</time>
        <extensions>
          <ns3:TrackPointExtension>
            <ns3:atemp>30.0</ns3:atemp>
            <ns3:hr>182</ns3:hr>
            <ns3:cad>89</ns3:cad>
          </ns3:TrackPointExtension>
        </extensions>
      </trkpt>
      <trkpt lat="30.90110938064754009246826171875" lon="121.74424552358686923980712890625">
        <ele>5.80000019073486328125</ele>
        <time>2026-09-06T13:51:41.000Z</time>
        <extensions>
          <ns3:TrackPointExtension>
            <ns3:atemp>30.0</ns3:atemp>
            <ns3:hr>182</ns3:hr>
            <ns3:cad>88</ns3:cad>
          </ns3:TrackPointExtension>
        </extensions>
      </trkpt>
      <trkpt lat="30.9011049382388591766357421875" lon="121.7442214675247669219970703125">
        <ele>5.80000019073486328125</ele>
        <time>2026-09-06T13:51:42.000Z</time>
        <extensions>
          <ns3:TrackPointExtension>
            <ns3:atemp>30.0</ns3:atemp>
            <ns3:hr>181</ns3:hr>
            <ns3:cad>88</ns3:cad>
          </ns3:TrackPointExtension>
        </extensions>
      </trkpt>
      <trkpt lat="30.90110183693468570709228515625" lon="121.74417796544730663299560546875">
        <ele>5.80000019073486328125</ele>
        <time>2026-09-06T13:51:43.000Z</time>
        <extensions>
          <ns3:TrackPointExtension>
            <ns3:atemp>30.0</ns3:atemp>
            <ns3:hr>181</ns3:hr>
            <ns3:cad>87</ns3:cad>
          </ns3:TrackPointExtension>
        </extensions>
      </trkpt>
      <trkpt lat="30.901102758944034576416015625" lon="121.74414628185331821441650390625">
        <ele>5.599999904632568359375</ele>
        <time>2026-09-06T13:51:44.000Z</time>
        <extensions>
          <ns3:TrackPointExtension>
            <ns3:atemp>30.0</ns3:atemp>
            <ns3:hr>181</ns3:hr>
            <ns3:cad>87</ns3:cad>
          </ns3:TrackPointExtension>
        </extensions>
      </trkpt>
      <trkpt lat="30.90110242366790771484375" lon="121.744107641279697418212890625">
        <ele>5.80000019073486328125</ele>
        <time>2026-09-06T13:51:45.000Z</time>
        <extensions>
          <ns3:TrackPointExtension>
            <ns3:atemp>30.0</ns3:atemp>
            <ns3:hr>181</ns3:hr>
            <ns3:cad>87</ns3:cad>
          </ns3:TrackPointExtension>
        </extensions>
      </trkpt>
      <trkpt lat="30.90110166929662227630615234375" lon="121.7440786398947238922119140625">
        <ele>5.80000019073486328125</ele>
        <time>2026-09-06T13:51:46.000Z</time>
        <extensions>
          <ns3:TrackPointExtension>
            <ns3:atemp>30.0</ns3:atemp>
            <ns3:hr>180</ns3:hr>
            <ns3:cad>87</ns3:cad>
          </ns3:TrackPointExtension>
        </extensions>
      </trkpt>
      <trkpt lat="30.90109613724052906036376953125" lon="121.74404167570173740386962890625">
        <ele>5.80000019073486328125</ele>
        <time>2026-09-06T13:51:47.000Z</time>
        <extensions>
          <ns3:TrackPointExtension>
            <ns3:atemp>30.0</ns3:atemp>
            <ns3:hr>180</ns3:hr>
            <ns3:cad>87</ns3:cad>
          </ns3:TrackPointExtension>
        </extensions>
      </trkpt>
      <trkpt lat="30.9010945446789264678955078125" lon="121.74401485361158847808837890625">
        <ele>5.80000019073486328125</ele>
        <time>2026-09-06T13:51:48.000Z</time>
        <extensions>
          <ns3:TrackPointExtension>
            <ns3:atemp>30.0</ns3:atemp>
            <ns3:hr>180</ns3:hr>
            <ns3:cad>87</ns3:cad>
          </ns3:TrackPointExtension>
        </extensions>
      </trkpt>
      <trkpt lat="30.90109169483184814453125" lon="121.74398400820791721343994140625">
        <ele>5.80000019073486328125</ele>
        <time>2026-09-06T13:51:49.000Z</time>
        <extensions>
          <ns3:TrackPointExtension>
            <ns3:atemp>30.0</ns3:atemp>
            <ns3:hr>180</ns3:hr>
            <ns3:cad>87</ns3:cad>
          </ns3:TrackPointExtension>
        </extensions>
      </trkpt>
      <trkpt lat="30.90108691714704036712646484375" lon="121.7439569346606731414794921875">
        <ele>5.599999904632568359375</ele>
        <time>2026-09-06T13:51:50.000Z</time>
        <extensions>
          <ns3:TrackPointExtension>
            <ns3:atemp>30.0</ns3:atemp>
            <ns3:hr>179</ns3:hr>
            <ns3:cad>89</ns3:cad>
          </ns3:TrackPointExtension>
        </extensions>
      </trkpt>
      <trkpt lat="30.90108540840446949005126953125" lon="121.74392432905733585357666015625">
        <ele>5.599999904632568359375</ele>
        <time>2026-09-06T13:51:51.000Z</time>
        <extensions>
          <ns3:TrackPointExtension>
            <ns3:atemp>30.0</ns3:atemp>
            <ns3:hr>179</ns3:hr>
            <ns3:cad>89</ns3:cad>
          </ns3:TrackPointExtension>
        </extensions>
      </trkpt>
      <trkpt lat="30.90108691714704036712646484375" lon="121.743894405663013458251953125">
        <ele>5.599999904632568359375</ele>
        <time>2026-09-06T13:51:52.000Z</time>
        <extensions>
          <ns3:TrackPointExtension>
            <ns3:atemp>30.0</ns3:atemp>
            <ns3:hr>179</ns3:hr>
            <ns3:cad>89</ns3:cad>
          </ns3:TrackPointExtension>
        </extensions>
      </trkpt>
      <trkpt lat="30.9010868333280086517333984375" lon="121.7438617162406444549560546875">
        <ele>5.599999904632568359375</ele>
        <time>2026-09-06T13:51:53.000Z</time>
        <extensions>
          <ns3:TrackPointExtension>
            <ns3:atemp>30.0</ns3:atemp>
            <ns3:hr>179</ns3:hr>
            <ns3:cad>88</ns3:cad>
          </ns3:TrackPointExtension>
        </extensions>
      </trkpt>
      <trkpt lat="30.90109412558376789093017578125" lon="121.743833385407924652099609375">
        <ele>5.599999904632568359375</ele>
        <time>2026-09-06T13:51:54.000Z</time>
        <extensions>
          <ns3:TrackPointExtension>
            <ns3:atemp>30.0</ns3:atemp>
            <ns3:hr>179</ns3:hr>
            <ns3:cad>88</ns3:cad>
          </ns3:TrackPointExtension>
        </extensions>
      </trkpt>
      <trkpt lat="30.90109278447926044464111328125" lon="121.743797846138477325439453125">
        <ele>5.599999904632568359375</ele>
        <time>2026-09-06T13:51:55.000Z</time>
        <extensions>
          <ns3:TrackPointExtension>
            <ns3:atemp>30.0</ns3:atemp>
            <ns3:hr>179</ns3:hr>
            <ns3:cad>88</ns3:cad>
          </ns3:TrackPointExtension>
        </extensions>
      </trkpt>
      <trkpt lat="30.9010962210595607757568359375" lon="121.74377010203897953033447265625">
        <ele>5.599999904632568359375</ele>
        <time>2026-09-06T13:51:56.000Z</time>
        <extensions>
          <ns3:TrackPointExtension>
            <ns3:atemp>30.0</ns3:atemp>
            <ns3:hr>179</ns3:hr>
            <ns3:cad>90</ns3:cad>
          </ns3:TrackPointExtension>
        </extensions>
      </trkpt>
      <trkpt lat="30.9010930359363555908203125" lon="121.7437383346259593963623046875">
        <ele>5.599999904632568359375</ele>
        <time>2026-09-06T13:51:57.000Z</time>
        <extensions>
          <ns3:TrackPointExtension>
            <ns3:atemp>30.0</ns3:atemp>
            <ns3:hr>179</ns3:hr>
            <ns3:cad>90</ns3:cad>
          </ns3:TrackPointExtension>
        </extensions>
      </trkpt>
      <trkpt lat="30.901092030107975006103515625" lon="121.7437148652970790863037109375">
        <ele>5.599999904632568359375</ele>
        <time>2026-09-06T13:51:58.000Z</time>
        <extensions>
          <ns3:TrackPointExtension>
            <ns3:atemp>30.0</ns3:atemp>
            <ns3:hr>180</ns3:hr>
            <ns3:cad>90</ns3:cad>
          </ns3:TrackPointExtension>
        </extensions>
      </trkpt>
      <trkpt lat="30.901089347898960113525390625" lon="121.74367882311344146728515625">
        <ele>5.599999904632568359375</ele>
        <time>2026-09-06T13:51:59.000Z</time>
        <extensions>
          <ns3:TrackPointExtension>
            <ns3:atemp>30.0</ns3:atemp>
            <ns3:hr>179</ns3:hr>
            <ns3:cad>90</ns3:cad>
          </ns3:TrackPointExtension>
        </extensions>
      </trkpt>
      <trkpt lat="30.90108306147158145904541015625" lon="121.74365141429007053375244140625">
        <ele>5.599999904632568359375</ele>
        <time>2026-09-06T13:52:00.000Z</time>
        <extensions>
          <ns3:TrackPointExtension>
            <ns3:atemp>30.0</ns3:atemp>
            <ns3:hr>180</ns3:hr>
            <ns3:cad>90</ns3:cad>
          </ns3:TrackPointExtension>
        </extensions>
      </trkpt>
      <trkpt lat="30.901079289615154266357421875" lon="121.743618808686733245849609375">
        <ele>5.599999904632568359375</ele>
        <time>2026-09-06T13:52:01.000Z</time>
        <extensions>
          <ns3:TrackPointExtension>
            <ns3:atemp>30.0</ns3:atemp>
            <ns3:hr>180</ns3:hr>
            <ns3:cad>91</ns3:cad>
          </ns3:TrackPointExtension>
        </extensions>
      </trkpt>
      <trkpt lat="30.9010697342455387115478515625" lon="121.74359542317688465118408203125">
        <ele>5.599999904632568359375</ele>
        <time>2026-09-06T13:52:02.000Z</time>
        <extensions>
          <ns3:TrackPointExtension>
            <ns3:atemp>30.0</ns3:atemp>
            <ns3:hr>180</ns3:hr>
            <ns3:cad>91</ns3:cad>
          </ns3:TrackPointExtension>
        </extensions>
      </trkpt>
      <trkpt lat="30.90106487274169921875" lon="121.7435614764690399169921875">
        <ele>5.599999904632568359375</ele>
        <time>2026-09-06T13:52:03.000Z</time>
        <extensions>
          <ns3:TrackPointExtension>
            <ns3:atemp>30.0</ns3:atemp>
            <ns3:hr>180</ns3:hr>
            <ns3:cad>91</ns3:cad>
          </ns3:TrackPointExtension>
        </extensions>
      </trkpt>
      <trkpt lat="30.90106931515038013458251953125" lon="121.74353121779859066009521484375">
        <ele>5.599999904632568359375</ele>
        <time>2026-09-06T13:52:04.000Z</time>
        <extensions>
          <ns3:TrackPointExtension>
            <ns3:atemp>30.0</ns3:atemp>
            <ns3:hr>179</ns3:hr>
            <ns3:cad>90</ns3:cad>
          </ns3:TrackPointExtension>
        </extensions>
      </trkpt>
      <trkpt lat="30.90106830932199954986572265625" lon="121.74349148757755756378173828125">
        <ele>5.599999904632568359375</ele>
        <time>2026-09-06T13:52:05.000Z</time>
        <extensions>
          <ns3:TrackPointExtension>
            <ns3:atemp>30.0</ns3:atemp>
            <ns3:hr>180</ns3:hr>
            <ns3:cad>90</ns3:cad>
          </ns3:TrackPointExtension>
        </extensions>
      </trkpt>
      <trkpt lat="30.90106512419879436492919921875" lon="121.74346667714416980743408203125">
        <ele>5.599999904632568359375</ele>
        <time>2026-09-06T13:52:06.000Z</time>
        <extensions>
          <ns3:TrackPointExtension>
            <ns3:atemp>30.0</ns3:atemp>
            <ns3:hr>180</ns3:hr>
            <ns3:cad>90</ns3:cad>
          </ns3:TrackPointExtension>
        </extensions>
      </trkpt>
      <trkpt lat="30.90106344781816005706787109375" lon="121.743431724607944488525390625">
        <ele>5.599999904632568359375</ele>
        <time>2026-09-06T13:52:07.000Z</time>
        <extensions>
          <ns3:TrackPointExtension>
            <ns3:atemp>30.0</ns3:atemp>
            <ns3:hr>180</ns3:hr>
            <ns3:cad>90</ns3:cad>
          </ns3:TrackPointExtension>
        </extensions>
      </trkpt>
      <trkpt lat="30.9010596759617328643798828125" lon="121.7434084229171276092529296875">
        <ele>5.599999904632568359375</ele>
        <time>2026-09-06T13:52:08.000Z</time>
        <extensions>
          <ns3:TrackPointExtension>
            <ns3:atemp>30.0</ns3:atemp>
            <ns3:hr>179</ns3:hr>
            <ns3:cad>92</ns3:cad>
          </ns3:TrackPointExtension>
        </extensions>
      </trkpt>
      <trkpt lat="30.90105556882917881011962890625" lon="121.743370033800601959228515625">
        <ele>5.599999904632568359375</ele>
        <time>2026-09-06T13:52:09.000Z</time>
        <extensions>
          <ns3:TrackPointExtension>
            <ns3:atemp>30.0</ns3:atemp>
            <ns3:hr>180</ns3:hr>
            <ns3:cad>92</ns3:cad>
          </ns3:TrackPointExtension>
        </extensions>
      </trkpt>
      <trkpt lat="30.90105347335338592529296875" lon="121.743341200053691864013671875">
        <ele>5.599999904632568359375</ele>
        <time>2026-09-06T13:52:10.000Z</time>
        <extensions>
          <ns3:TrackPointExtension>
            <ns3:atemp>30.0</ns3:atemp>
            <ns3:hr>180</ns3:hr>
            <ns3:cad>91</ns3:cad>
          </ns3:TrackPointExtension>
        </extensions>
      </trkpt>
      <trkpt lat="30.90105875395238399505615234375" lon="121.7433024756610393524169921875">
        <ele>5.599999904632568359375</ele>
        <time>2026-09-06T13:52:11.000Z</time>
        <extensions>
          <ns3:TrackPointExtension>
            <ns3:atemp>30.0</ns3:atemp>
            <ns3:hr>179</ns3:hr>
            <ns3:cad>91</ns3:cad>
          </ns3:TrackPointExtension>
        </extensions>
      </trkpt>
      <trkpt lat="30.90105347335338592529296875" lon="121.74327456392347812652587890625">
        <ele>5.599999904632568359375</ele>
        <time>2026-09-06T13:52:12.000Z</time>
        <extensions>
          <ns3:TrackPointExtension>
            <ns3:atemp>30.0</ns3:atemp>
            <ns3:hr>179</ns3:hr>
            <ns3:cad>91</ns3:cad>
          </ns3:TrackPointExtension>
        </extensions>
      </trkpt>
      <trkpt lat="30.901054479181766510009765625" lon="121.74324137158691883087158203125">
        <ele>5.599999904632568359375</ele>
        <time>2026-09-06T13:52:13.000Z</time>
        <extensions>
          <ns3:TrackPointExtension>
            <ns3:atemp>30.0</ns3:atemp>
            <ns3:hr>179</ns3:hr>
            <ns3:cad>92</ns3:cad>
          </ns3:TrackPointExtension>
        </extensions>
      </trkpt>
      <trkpt lat="30.901051796972751617431640625" lon="121.74321287311613559722900390625">
        <ele>5.599999904632568359375</ele>
        <time>2026-09-06T13:52:14.000Z</time>
        <extensions>
          <ns3:TrackPointExtension>
            <ns3:atemp>30.0</ns3:atemp>
            <ns3:hr>179</ns3:hr>
            <ns3:cad>92</ns3:cad>
          </ns3:TrackPointExtension>
        </extensions>
      </trkpt>
      <trkpt lat="30.901053138077259063720703125" lon="121.74318370409309864044189453125">
        <ele>5.599999904632568359375</ele>
        <time>2026-09-06T13:52:15.000Z</time>
        <extensions>
          <ns3:TrackPointExtension>
            <ns3:atemp>30.0</ns3:atemp>
            <ns3:hr>179</ns3:hr>
            <ns3:cad>91</ns3:cad>
          </ns3:TrackPointExtension>
        </extensions>
      </trkpt>
      <trkpt lat="30.9010496176779270172119140625" lon="121.74315637908875942230224609375">
        <ele>5.599999904632568359375</ele>
        <time>2026-09-06T13:52:16.000Z</time>
        <extensions>
          <ns3:TrackPointExtension>
            <ns3:atemp>30.0</ns3:atemp>
            <ns3:hr>179</ns3:hr>
            <ns3:cad>91</ns3:cad>
          </ns3:TrackPointExtension>
        </extensions>
      </trkpt>
      <trkpt lat="30.90104903094470500946044921875" lon="121.74312989227473735809326171875">
        <ele>5.599999904632568359375</ele>
        <time>2026-09-06T13:52:17.000Z</time>
        <extensions>
          <ns3:TrackPointExtension>
            <ns3:atemp>30.0</ns3:atemp>
            <ns3:hr>180</ns3:hr>
            <ns3:cad>91</ns3:cad>
          </ns3:TrackPointExtension>
        </extensions>
      </trkpt>
      <trkpt lat="30.9010459296405315399169921875" lon="121.74310340546071529388427734375">
        <ele>5.599999904632568359375</ele>
        <time>2026-09-06T13:52:18.000Z</time>
        <extensions>
          <ns3:TrackPointExtension>
            <ns3:atemp>30.0</ns3:atemp>
            <ns3:hr>180</ns3:hr>
            <ns3:cad>92</ns3:cad>
          </ns3:TrackPointExtension>
        </extensions>
      </trkpt>
      <trkpt lat="30.90104366652667522430419921875" lon="121.74307071603834629058837890625">
        <ele>5.599999904632568359375</ele>
        <time>2026-09-06T13:52:19.000Z</time>
        <extensions>
          <ns3:TrackPointExtension>
            <ns3:atemp>30.0</ns3:atemp>
            <ns3:hr>181</ns3:hr>
            <ns3:cad>92</ns3:cad>
          </ns3:TrackPointExtension>
        </extensions>
      </trkpt>
      <trkpt lat="30.9010388888418674468994140625" lon="121.743042469024658203125">
        <ele>5.599999904632568359375</ele>
        <time>2026-09-06T13:52:20.000Z</time>
        <extensions>
          <ns3:TrackPointExtension>
            <ns3:atemp>30.0</ns3:atemp>
            <ns3:hr>181</ns3:hr>
            <ns3:cad>90</ns3:cad>
          </ns3:TrackPointExtension>
        </extensions>
      </trkpt>
      <trkpt lat="30.901038385927677154541015625" lon="121.7430094443261623382568359375">
        <ele>5.80000019073486328125</ele>
        <time>2026-09-06T13:52:21.000Z</time>
        <extensions>
          <ns3:TrackPointExtension>
            <ns3:atemp>30.0</ns3:atemp>
            <ns3:hr>181</ns3:hr>
            <ns3:cad>90</ns3:cad>
          </ns3:TrackPointExtension>
        </extensions>
      </trkpt>
      <trkpt lat="30.90103511698544025421142578125" lon="121.7429809458553791046142578125">
        <ele>5.80000019073486328125</ele>
        <time>2026-09-06T13:52:22.000Z</time>
        <extensions>
          <ns3:TrackPointExtension>
            <ns3:atemp>30.0</ns3:atemp>
            <ns3:hr>182</ns3:hr>
            <ns3:cad>90</ns3:cad>
          </ns3:TrackPointExtension>
        </extensions>
      </trkpt>
      <trkpt lat="30.90103226713836193084716796875" lon="121.74294934608042240142822265625">
        <ele>5.80000019073486328125</ele>
        <time>2026-09-06T13:52:23.000Z</time>
        <extensions>
          <ns3:TrackPointExtension>
            <ns3:atemp>30.0</ns3:atemp>
            <ns3:hr>182</ns3:hr>
            <ns3:cad>90</ns3:cad>
          </ns3:TrackPointExtension>
        </extensions>
      </trkpt>
      <trkpt lat="30.90103126130998134613037109375" lon="121.74291766248643398284912109375">
        <ele>5.80000019073486328125</ele>
        <time>2026-09-06T13:52:24.000Z</time>
        <extensions>
          <ns3:TrackPointExtension>
            <ns3:atemp>30.0</ns3:atemp>
            <ns3:hr>182</ns3:hr>
            <ns3:cad>90</ns3:cad>
          </ns3:TrackPointExtension>
        </extensions>
      </trkpt>
      <trkpt lat="30.90102891437709331512451171875" lon="121.74288782291114330291748046875">
        <ele>5.599999904632568359375</ele>
        <time>2026-09-06T13:52:25.000Z</time>
        <extensions>
          <ns3:TrackPointExtension>
            <ns3:atemp>30.0</ns3:atemp>
            <ns3:hr>182</ns3:hr>
            <ns3:cad>90</ns3:cad>
          </ns3:TrackPointExtension>
        </extensions>
      </trkpt>
      <trkpt lat="30.90102799236774444580078125" lon="121.74285362474620342254638671875">
        <ele>5.599999904632568359375</ele>
        <time>2026-09-06T13:52:26.000Z</time>
        <extensions>
          <ns3:TrackPointExtension>
            <ns3:atemp>30.0</ns3:atemp>
            <ns3:hr>182</ns3:hr>
            <ns3:cad>91</ns3:cad>
          </ns3:TrackPointExtension>
        </extensions>
      </trkpt>
      <trkpt lat="30.9010221250355243682861328125" lon="121.74281875602900981903076171875">
        <ele>5.599999904632568359375</ele>
        <time>2026-09-06T13:52:27.000Z</time>
        <extensions>
          <ns3:TrackPointExtension>
            <ns3:atemp>30.0</ns3:atemp>
            <ns3:hr>183</ns3:hr>
            <ns3:cad>91</ns3:cad>
          </ns3:TrackPointExtension>
        </extensions>
      </trkpt>
      <trkpt lat="30.90101969428360462188720703125" lon="121.74277852289378643035888671875">
        <ele>5.599999904632568359375</ele>
        <time>2026-09-06T13:52:28.000Z</time>
        <extensions>
          <ns3:TrackPointExtension>
            <ns3:atemp>30.0</ns3:atemp>
            <ns3:hr>183</ns3:hr>
            <ns3:cad>91</ns3:cad>
          </ns3:TrackPointExtension>
        </extensions>
      </trkpt>
      <trkpt lat="30.90101986192166805267333984375" lon="121.742744408547878265380859375">
        <ele>5.599999904632568359375</ele>
        <time>2026-09-06T13:52:29.000Z</time>
        <extensions>
          <ns3:TrackPointExtension>
            <ns3:atemp>30.0</ns3:atemp>
            <ns3:hr>183</ns3:hr>
            <ns3:cad>92</ns3:cad>
          </ns3:TrackPointExtension>
        </extensions>
      </trkpt>
      <trkpt lat="30.90102220885455608367919921875" lon="121.74270777963101863861083984375">
        <ele>5.80000019073486328125</ele>
        <time>2026-09-06T13:52:30.000Z</time>
        <extensions>
          <ns3:TrackPointExtension>
            <ns3:atemp>30.0</ns3:atemp>
            <ns3:hr>183</ns3:hr>
            <ns3:cad>92</ns3:cad>
          </ns3:TrackPointExtension>
        </extensions>
      </trkpt>
      <trkpt lat="30.9010206162929534912109375" lon="121.74267224036157131195068359375">
        <ele>5.80000019073486328125</ele>
        <time>2026-09-06T13:52:31.000Z</time>
        <extensions>
          <ns3:TrackPointExtension>
            <ns3:atemp>30.0</ns3:atemp>
            <ns3:hr>183</ns3:hr>
            <ns3:cad>92</ns3:cad>
          </ns3:TrackPointExtension>
        </extensions>
      </trkpt>
      <trkpt lat="30.9010214544832706451416015625" lon="121.74263535998761653900146484375">
        <ele>5.80000019073486328125</ele>
        <time>2026-09-06T13:52:32.000Z</time>
        <extensions>
          <ns3:TrackPointExtension>
            <ns3:atemp>30.0</ns3:atemp>
            <ns3:hr>183</ns3:hr>
            <ns3:cad>91</ns3:cad>
          </ns3:TrackPointExtension>
        </extensions>
      </trkpt>
      <trkpt lat="30.90102254413068294525146484375" lon="121.74260401166975498199462890625">
        <ele>5.80000019073486328125</ele>
        <time>2026-09-06T13:52:33.000Z</time>
        <extensions>
          <ns3:TrackPointExtension>
            <ns3:atemp>30.0</ns3:atemp>
            <ns3:hr>183</ns3:hr>
            <ns3:cad>91</ns3:cad>
          </ns3:TrackPointExtension>
        </extensions>
      </trkpt>
      <trkpt lat="30.90101818554103374481201171875" lon="121.74257383681833744049072265625">
        <ele>5.80000019073486328125</ele>
        <time>2026-09-06T13:52:34.000Z</time>
        <extensions>
          <ns3:TrackPointExtension>
            <ns3:atemp>30.0</ns3:atemp>
            <ns3:hr>183</ns3:hr>
            <ns3:cad>90</ns3:cad>
          </ns3:TrackPointExtension>
        </extensions>
      </trkpt>
      <trkpt lat="30.90101634152233600616455078125" lon="121.7425410635769367218017578125">
        <ele>5.80000019073486328125</ele>
        <time>2026-09-06T13:52:35.000Z</time>
        <extensions>
          <ns3:TrackPointExtension>
            <ns3:atemp>30.0</ns3:atemp>
            <ns3:hr>184</ns3:hr>
            <ns3:cad>90</ns3:cad>
          </ns3:TrackPointExtension>
        </extensions>
      </trkpt>
      <trkpt lat="30.90101148001849651336669921875" lon="121.74251072108745574951171875">
        <ele>5.80000019073486328125</ele>
        <time>2026-09-06T13:52:36.000Z</time>
        <extensions>
          <ns3:TrackPointExtension>
            <ns3:atemp>30.0</ns3:atemp>
            <ns3:hr>184</ns3:hr>
            <ns3:cad>90</ns3:cad>
          </ns3:TrackPointExtension>
        </extensions>
      </trkpt>
      <trkpt lat="30.9010080434381961822509765625" lon="121.74248247407376766204833984375">
        <ele>5.80000019073486328125</ele>
        <time>2026-09-06T13:52:37.000Z</time>
        <extensions>
          <ns3:TrackPointExtension>
            <ns3:atemp>30.0</ns3:atemp>
            <ns3:hr>184</ns3:hr>
            <ns3:cad>88</ns3:cad>
          </ns3:TrackPointExtension>
        </extensions>
      </trkpt>
      <trkpt lat="30.9010046906769275665283203125" lon="121.7424559034407138824462890625">
        <ele>5.80000019073486328125</ele>
        <time>2026-09-06T13:52:38.000Z</time>
        <extensions>
          <ns3:TrackPointExtension>
            <ns3:atemp>30.0</ns3:atemp>
            <ns3:hr>184</ns3:hr>
            <ns3:cad>88</ns3:cad>
          </ns3:TrackPointExtension>
        </extensions>
      </trkpt>
      <trkpt lat="30.901002846658229827880859375" lon="121.742427237331867218017578125">
        <ele>5.80000019073486328125</ele>
        <time>2026-09-06T13:52:39.000Z</time>
        <extensions>
          <ns3:TrackPointExtension>
            <ns3:atemp>30.0</ns3:atemp>
            <ns3:hr>184</ns3:hr>
            <ns3:cad>89</ns3:cad>
          </ns3:TrackPointExtension>
        </extensions>
      </trkpt>
      <trkpt lat="30.901000164449214935302734375" lon="121.74239538609981536865234375">
        <ele>5.80000019073486328125</ele>
        <time>2026-09-06T13:52:40.000Z</time>
        <extensions>
          <ns3:TrackPointExtension>
            <ns3:atemp>30.0</ns3:atemp>
            <ns3:hr>184</ns3:hr>
            <ns3:cad>90</ns3:cad>
          </ns3:TrackPointExtension>
        </extensions>
      </trkpt>
      <trkpt lat="30.90100175701081752777099609375" lon="121.74236948601901531219482421875">
        <ele>5.80000019073486328125</ele>
        <time>2026-09-06T13:52:41.000Z</time>
        <extensions>
          <ns3:TrackPointExtension>
            <ns3:atemp>30.0</ns3:atemp>
            <ns3:hr>184</ns3:hr>
            <ns3:cad>90</ns3:cad>
          </ns3:TrackPointExtension>
        </extensions>
      </trkpt>
      <trkpt lat="30.90099982917308807373046875" lon="121.7423341982066631317138671875">
        <ele>5.80000019073486328125</ele>
        <time>2026-09-06T13:52:42.000Z</time>
        <extensions>
          <ns3:TrackPointExtension>
            <ns3:atemp>30.0</ns3:atemp>
            <ns3:hr>184</ns3:hr>
            <ns3:cad>90</ns3:cad>
          </ns3:TrackPointExtension>
        </extensions>
      </trkpt>
      <trkpt lat="30.9009966440498828887939453125" lon="121.74230997450649738311767578125">
        <ele>5.80000019073486328125</ele>
        <time>2026-09-06T13:52:43.000Z</time>
        <extensions>
          <ns3:TrackPointExtension>
            <ns3:atemp>30.0</ns3:atemp>
            <ns3:hr>184</ns3:hr>
            <ns3:cad>90</ns3:cad>
          </ns3:TrackPointExtension>
        </extensions>
      </trkpt>
      <trkpt lat="30.90099387802183628082275390625" lon="121.7422715015709400177001953125">
        <ele>5.80000019073486328125</ele>
        <time>2026-09-06T13:52:44.000Z</time>
        <extensions>
          <ns3:TrackPointExtension>
            <ns3:atemp>30.0</ns3:atemp>
            <ns3:hr>184</ns3:hr>
            <ns3:cad>90</ns3:cad>
          </ns3:TrackPointExtension>
        </extensions>
      </trkpt>
      <trkpt lat="30.9009922854602336883544921875" lon="121.74224040471017360687255859375">
        <ele>5.80000019073486328125</ele>
        <time>2026-09-06T13:52:45.000Z</time>
        <extensions>
          <ns3:TrackPointExtension>
            <ns3:atemp>30.0</ns3:atemp>
            <ns3:hr>183</ns3:hr>
            <ns3:cad>92</ns3:cad>
          </ns3:TrackPointExtension>
        </extensions>
      </trkpt>
      <trkpt lat="30.90099270455539226531982421875" lon="121.74220017157495021820068359375">
        <ele>5.80000019073486328125</ele>
        <time>2026-09-06T13:52:46.000Z</time>
        <extensions>
          <ns3:TrackPointExtension>
            <ns3:atemp>30.0</ns3:atemp>
            <ns3:hr>183</ns3:hr>
            <ns3:cad>92</ns3:cad>
          </ns3:TrackPointExtension>
        </extensions>
      </trkpt>
      <trkpt lat="30.900988094508647918701171875" lon="121.74217217601835727691650390625">
        <ele>5.80000019073486328125</ele>
        <time>2026-09-06T13:52:47.000Z</time>
        <extensions>
          <ns3:TrackPointExtension>
            <ns3:atemp>30.0</ns3:atemp>
            <ns3:hr>182</ns3:hr>
            <ns3:cad>92</ns3:cad>
          </ns3:TrackPointExtension>
        </extensions>
      </trkpt>
      <trkpt lat="30.9009869210422039031982421875" lon="121.74213093705475330352783203125">
        <ele>5.80000019073486328125</ele>
        <time>2026-09-06T13:52:48.000Z</time>
        <extensions>
          <ns3:TrackPointExtension>
            <ns3:atemp>30.0</ns3:atemp>
            <ns3:hr>182</ns3:hr>
            <ns3:cad>92</ns3:cad>
          </ns3:TrackPointExtension>
        </extensions>
      </trkpt>
      <trkpt lat="30.9009830653667449951171875" lon="121.74210176803171634674072265625">
        <ele>5.80000019073486328125</ele>
        <time>2026-09-06T13:52:49.000Z</time>
        <extensions>
          <ns3:TrackPointExtension>
            <ns3:atemp>30.0</ns3:atemp>
            <ns3:hr>182</ns3:hr>
            <ns3:cad>92</ns3:cad>
          </ns3:TrackPointExtension>
        </extensions>
      </trkpt>
      <trkpt lat="30.900986753404140472412109375" lon="121.74207142554223537445068359375">
        <ele>5.80000019073486328125</ele>
        <time>2026-09-06T13:52:50.000Z</time>
        <extensions>
          <ns3:TrackPointExtension>
            <ns3:atemp>30.0</ns3:atemp>
            <ns3:hr>182</ns3:hr>
            <ns3:cad>92</ns3:cad>
          </ns3:TrackPointExtension>
        </extensions>
      </trkpt>
      <trkpt lat="30.90098583139479160308837890625" lon="121.74204460345208644866943359375">
        <ele>6</ele>
        <time>2026-09-06T13:52:51.000Z</time>
        <extensions>
          <ns3:TrackPointExtension>
            <ns3:atemp>30.0</ns3:atemp>
            <ns3:hr>182</ns3:hr>
            <ns3:cad>92</ns3:cad>
          </ns3:TrackPointExtension>
        </extensions>
      </trkpt>
      <trkpt lat="30.90098440647125244140625" lon="121.74201576970517635345458984375">
        <ele>6</ele>
        <time>2026-09-06T13:52:52.000Z</time>
        <extensions>
          <ns3:TrackPointExtension>
            <ns3:atemp>30.0</ns3:atemp>
            <ns3:hr>182</ns3:hr>
            <ns3:cad>92</ns3:cad>
          </ns3:TrackPointExtension>
        </extensions>
      </trkpt>
      <trkpt lat="30.90097703039646148681640625" lon="121.741992719471454620361328125">
        <ele>6</ele>
        <time>2026-09-06T13:52:53.000Z</time>
        <extensions>
          <ns3:TrackPointExtension>
            <ns3:atemp>30.0</ns3:atemp>
            <ns3:hr>182</ns3:hr>
            <ns3:cad>92</ns3:cad>
          </ns3:TrackPointExtension>
        </extensions>
      </trkpt>
      <trkpt lat="30.9009755216538906097412109375" lon="121.7419620417058467864990234375">
        <ele>5.80000019073486328125</ele>
        <time>2026-09-06T13:52:54.000Z</time>
        <extensions>
          <ns3:TrackPointExtension>
            <ns3:atemp>30.0</ns3:atemp>
            <ns3:hr>182</ns3:hr>
            <ns3:cad>91</ns3:cad>
          </ns3:TrackPointExtension>
        </extensions>
      </trkpt>
      <trkpt lat="30.90097409673035144805908203125" lon="121.741937063634395599365234375">
        <ele>6</ele>
        <time>2026-09-06T13:52:55.000Z</time>
        <extensions>
          <ns3:TrackPointExtension>
            <ns3:atemp>30.0</ns3:atemp>
            <ns3:hr>182</ns3:hr>
            <ns3:cad>90</ns3:cad>
          </ns3:TrackPointExtension>
        </extensions>
      </trkpt>
      <trkpt lat="30.90097325854003429412841796875" lon="121.74190496094524860382080078125">
        <ele>5.80000019073486328125</ele>
        <time>2026-09-06T13:52:56.000Z</time>
        <extensions>
          <ns3:TrackPointExtension>
            <ns3:atemp>30.0</ns3:atemp>
            <ns3:hr>182</ns3:hr>
            <ns3:cad>91</ns3:cad>
          </ns3:TrackPointExtension>
        </extensions>
      </trkpt>
      <trkpt lat="30.9009694866836071014404296875" lon="121.74188132397830486297607421875">
        <ele>6</ele>
        <time>2026-09-06T13:52:57.000Z</time>
        <extensions>
          <ns3:TrackPointExtension>
            <ns3:atemp>30.0</ns3:atemp>
            <ns3:hr>181</ns3:hr>
            <ns3:cad>90</ns3:cad>
          </ns3:TrackPointExtension>
        </extensions>
      </trkpt>
      <trkpt lat="30.90097426436841487884521484375" lon="121.74184176139533519744873046875">
        <ele>6</ele>
        <time>2026-09-06T13:52:58.000Z</time>
        <extensions>
          <ns3:TrackPointExtension>
            <ns3:atemp>30.0</ns3:atemp>
            <ns3:hr>182</ns3:hr>
            <ns3:cad>90</ns3:cad>
          </ns3:TrackPointExtension>
        </extensions>
      </trkpt>
      <trkpt lat="30.9009714983403682708740234375" lon="121.7418094910681247711181640625">
        <ele>6</ele>
        <time>2026-09-06T13:52:59.000Z</time>
        <extensions>
          <ns3:TrackPointExtension>
            <ns3:atemp>30.0</ns3:atemp>
            <ns3:hr>182</ns3:hr>
            <ns3:cad>90</ns3:cad>
          </ns3:TrackPointExtension>
        </extensions>
      </trkpt>
      <trkpt lat="30.90097434818744659423828125" lon="121.74177185632288455963134765625">
        <ele>5.80000019073486328125</ele>
        <time>2026-09-06T13:53:00.000Z</time>
        <extensions>
          <ns3:TrackPointExtension>
            <ns3:atemp>30.0</ns3:atemp>
            <ns3:hr>181</ns3:hr>
            <ns3:cad>91</ns3:cad>
          </ns3:TrackPointExtension>
        </extensions>
      </trkpt>
      <trkpt lat="30.90097074396908283233642578125" lon="121.74174604006111621856689453125">
        <ele>6</ele>
        <time>2026-09-06T13:53:01.000Z</time>
        <extensions>
          <ns3:TrackPointExtension>
            <ns3:atemp>30.0</ns3:atemp>
            <ns3:hr>181</ns3:hr>
            <ns3:cad>91</ns3:cad>
          </ns3:TrackPointExtension>
        </extensions>
      </trkpt>
      <trkpt lat="30.90097158215939998626708984375" lon="121.741709746420383453369140625">
        <ele>6</ele>
        <time>2026-09-06T13:53:02.000Z</time>
        <extensions>
          <ns3:TrackPointExtension>
            <ns3:atemp>30.0</ns3:atemp>
            <ns3:hr>181</ns3:hr>
            <ns3:cad>91</ns3:cad>
          </ns3:TrackPointExtension>
        </extensions>
      </trkpt>
      <trkpt lat="30.90096588246524333953857421875" lon="121.7416817508637905120849609375">
        <ele>6</ele>
        <time>2026-09-06T13:53:03.000Z</time>
        <extensions>
          <ns3:TrackPointExtension>
            <ns3:atemp>30.0</ns3:atemp>
            <ns3:hr>180</ns3:hr>
            <ns3:cad>91</ns3:cad>
          </ns3:TrackPointExtension>
        </extensions>
      </trkpt>
      <trkpt lat="30.90096630156040191650390625" lon="121.74165082164108753204345703125">
        <ele>6</ele>
        <time>2026-09-06T13:53:04.000Z</time>
        <extensions>
          <ns3:TrackPointExtension>
            <ns3:atemp>30.0</ns3:atemp>
            <ns3:hr>180</ns3:hr>
            <ns3:cad>90</ns3:cad>
          </ns3:TrackPointExtension>
        </extensions>
      </trkpt>
      <trkpt lat="30.9009654633700847625732421875" lon="121.741623915731906890869140625">
        <ele>6</ele>
        <time>2026-09-06T13:53:05.000Z</time>
        <extensions>
          <ns3:TrackPointExtension>
            <ns3:atemp>30.0</ns3:atemp>
            <ns3:hr>180</ns3:hr>
            <ns3:cad>90</ns3:cad>
          </ns3:TrackPointExtension>
        </extensions>
      </trkpt>
      <trkpt lat="30.90097141452133655548095703125" lon="121.741595081984996795654296875">
        <ele>6</ele>
        <time>2026-09-06T13:53:06.000Z</time>
        <extensions>
          <ns3:TrackPointExtension>
            <ns3:atemp>30.0</ns3:atemp>
            <ns3:hr>181</ns3:hr>
            <ns3:cad>90</ns3:cad>
          </ns3:TrackPointExtension>
        </extensions>
      </trkpt>
      <trkpt lat="30.900966636836528778076171875" lon="121.74156968481838703155517578125">
        <ele>6</ele>
        <time>2026-09-06T13:53:07.000Z</time>
        <extensions>
          <ns3:TrackPointExtension>
            <ns3:atemp>30.0</ns3:atemp>
            <ns3:hr>180</ns3:hr>
            <ns3:cad>90</ns3:cad>
          </ns3:TrackPointExtension>
        </extensions>
      </trkpt>
      <trkpt lat="30.90096227824687957763671875" lon="121.741540096700191497802734375">
        <ele>6</ele>
        <time>2026-09-06T13:53:08.000Z</time>
        <extensions>
          <ns3:TrackPointExtension>
            <ns3:atemp>30.0</ns3:atemp>
            <ns3:hr>180</ns3:hr>
            <ns3:cad>90</ns3:cad>
          </ns3:TrackPointExtension>
        </extensions>
      </trkpt>
      <trkpt lat="30.90095867402851581573486328125" lon="121.74150933511555194854736328125">
        <ele>6</ele>
        <time>2026-09-06T13:53:09.000Z</time>
        <extensions>
          <ns3:TrackPointExtension>
            <ns3:atemp>30.0</ns3:atemp>
            <ns3:hr>181</ns3:hr>
            <ns3:cad>90</ns3:cad>
          </ns3:TrackPointExtension>
        </extensions>
      </trkpt>
      <trkpt lat="30.90095967985689640045166015625" lon="121.74147714860737323760986328125">
        <ele>6</ele>
        <time>2026-09-06T13:53:10.000Z</time>
        <extensions>
          <ns3:TrackPointExtension>
            <ns3:atemp>30.0</ns3:atemp>
            <ns3:hr>180</ns3:hr>
            <ns3:cad>90</ns3:cad>
          </ns3:TrackPointExtension>
        </extensions>
      </trkpt>
      <trkpt lat="30.9009574167430400848388671875" lon="121.7414473928511142730712890625">
        <ele>6</ele>
        <time>2026-09-06T13:53:11.000Z</time>
        <extensions>
          <ns3:TrackPointExtension>
            <ns3:atemp>30.0</ns3:atemp>
            <ns3:hr>180</ns3:hr>
            <ns3:cad>90</ns3:cad>
          </ns3:TrackPointExtension>
        </extensions>
      </trkpt>
      <trkpt lat="30.90095582418143749237060546875" lon="121.74140774644911289215087890625">
        <ele>6</ele>
        <time>2026-09-06T13:53:12.000Z</time>
        <extensions>
          <ns3:TrackPointExtension>
            <ns3:atemp>30.0</ns3:atemp>
            <ns3:hr>180</ns3:hr>
            <ns3:cad>90</ns3:cad>
          </ns3:TrackPointExtension>
        </extensions>
      </trkpt>
      <trkpt lat="30.9009503759443759918212890625" lon="121.7413754761219024658203125">
        <ele>6</ele>
        <time>2026-09-06T13:53:13.000Z</time>
        <extensions>
          <ns3:TrackPointExtension>
            <ns3:atemp>30.0</ns3:atemp>
            <ns3:hr>181</ns3:hr>
            <ns3:cad>90</ns3:cad>
          </ns3:TrackPointExtension>
        </extensions>
      </trkpt>
      <trkpt lat="30.90094928629696369171142578125" lon="121.74133616499602794647216796875">
        <ele>6</ele>
        <time>2026-09-06T13:53:14.000Z</time>
        <extensions>
          <ns3:TrackPointExtension>
            <ns3:atemp>30.0</ns3:atemp>
            <ns3:hr>180</ns3:hr>
            <ns3:cad>90</ns3:cad>
          </ns3:TrackPointExtension>
        </extensions>
      </trkpt>
      <trkpt lat="30.900947190821170806884765625" lon="121.741301715373992919921875">
        <ele>6</ele>
        <time>2026-09-06T13:53:15.000Z</time>
        <extensions>
          <ns3:TrackPointExtension>
            <ns3:atemp>30.0</ns3:atemp>
            <ns3:hr>181</ns3:hr>
            <ns3:cad>90</ns3:cad>
          </ns3:TrackPointExtension>
        </extensions>
      </trkpt>
      <trkpt lat="30.900947190821170806884765625" lon="121.74126391299068927764892578125">
        <ele>6</ele>
        <time>2026-09-06T13:53:16.000Z</time>
        <extensions>
          <ns3:TrackPointExtension>
            <ns3:atemp>30.0</ns3:atemp>
            <ns3:hr>181</ns3:hr>
            <ns3:cad>90</ns3:cad>
          </ns3:TrackPointExtension>
        </extensions>
      </trkpt>
      <trkpt lat="30.90094350278377532958984375" lon="121.74122971482574939727783203125">
        <ele>6</ele>
        <time>2026-09-06T13:53:17.000Z</time>
        <extensions>
          <ns3:TrackPointExtension>
            <ns3:atemp>30.0</ns3:atemp>
            <ns3:hr>181</ns3:hr>
            <ns3:cad>91</ns3:cad>
          </ns3:TrackPointExtension>
        </extensions>
      </trkpt>
      <trkpt lat="30.90094191022217273712158203125" lon="121.74119384028017520904541015625">
        <ele>6</ele>
        <time>2026-09-06T13:53:18.000Z</time>
        <extensions>
          <ns3:TrackPointExtension>
            <ns3:atemp>30.0</ns3:atemp>
            <ns3:hr>181</ns3:hr>
            <ns3:cad>91</ns3:cad>
          </ns3:TrackPointExtension>
        </extensions>
      </trkpt>
      <trkpt lat="30.9009356237947940826416015625" lon="121.741161905229091644287109375">
        <ele>6</ele>
        <time>2026-09-06T13:53:19.000Z</time>
        <extensions>
          <ns3:TrackPointExtension>
            <ns3:atemp>30.0</ns3:atemp>
            <ns3:hr>182</ns3:hr>
            <ns3:cad>92</ns3:cad>
          </ns3:TrackPointExtension>
        </extensions>
      </trkpt>
      <trkpt lat="30.900933779776096343994140625" lon="121.741127036511898040771484375">
        <ele>6.19999980926513671875</ele>
        <time>2026-09-06T13:53:20.000Z</time>
        <extensions>
          <ns3:TrackPointExtension>
            <ns3:atemp>30.0</ns3:atemp>
            <ns3:hr>182</ns3:hr>
            <ns3:cad>92</ns3:cad>
          </ns3:TrackPointExtension>
        </extensions>
      </trkpt>
      <trkpt lat="30.900930427014827728271484375" lon="121.74109124578535556793212890625">
        <ele>6.19999980926513671875</ele>
        <time>2026-09-06T13:53:21.000Z</time>
        <extensions>
          <ns3:TrackPointExtension>
            <ns3:atemp>30.0</ns3:atemp>
            <ns3:hr>182</ns3:hr>
            <ns3:cad>92</ns3:cad>
          </ns3:TrackPointExtension>
        </extensions>
      </trkpt>
      <trkpt lat="30.900929756462574005126953125" lon="121.74105889163911342620849609375">
        <ele>6</ele>
        <time>2026-09-06T13:53:22.000Z</time>
        <extensions>
          <ns3:TrackPointExtension>
            <ns3:atemp>30.0</ns3:atemp>
            <ns3:hr>183</ns3:hr>
            <ns3:cad>92</ns3:cad>
          </ns3:TrackPointExtension>
        </extensions>
      </trkpt>
      <trkpt lat="30.9009279124438762664794921875" lon="121.74102368764579296112060546875">
        <ele>6</ele>
        <time>2026-09-06T13:53:23.000Z</time>
        <extensions>
          <ns3:TrackPointExtension>
            <ns3:atemp>30.0</ns3:atemp>
            <ns3:hr>183</ns3:hr>
            <ns3:cad>92</ns3:cad>
          </ns3:TrackPointExtension>
        </extensions>
      </trkpt>
      <trkpt lat="30.9009279124438762664794921875" lon="121.74099485389888286590576171875">
        <ele>6</ele>
        <time>2026-09-06T13:53:24.000Z</time>
        <extensions>
          <ns3:TrackPointExtension>
            <ns3:atemp>30.0</ns3:atemp>
            <ns3:hr>183</ns3:hr>
            <ns3:cad>92</ns3:cad>
          </ns3:TrackPointExtension>
        </extensions>
      </trkpt>
      <trkpt lat="30.90092682279646396636962890625" lon="121.7409605719149112701416015625">
        <ele>6</ele>
        <time>2026-09-06T13:53:25.000Z</time>
        <extensions>
          <ns3:TrackPointExtension>
            <ns3:atemp>30.0</ns3:atemp>
            <ns3:hr>183</ns3:hr>
            <ns3:cad>92</ns3:cad>
          </ns3:TrackPointExtension>
        </extensions>
      </trkpt>
      <trkpt lat="30.90092430822551250457763671875" lon="121.740928553044795989990234375">
        <ele>6</ele>
        <time>2026-09-06T13:53:26.000Z</time>
        <extensions>
          <ns3:TrackPointExtension>
            <ns3:atemp>30.0</ns3:atemp>
            <ns3:hr>183</ns3:hr>
            <ns3:cad>91</ns3:cad>
          </ns3:TrackPointExtension>
        </extensions>
      </trkpt>
      <trkpt lat="30.9009240567684173583984375" lon="121.7408938519656658172607421875">
        <ele>6</ele>
        <time>2026-09-06T13:53:27.000Z</time>
        <extensions>
          <ns3:TrackPointExtension>
            <ns3:atemp>30.0</ns3:atemp>
            <ns3:hr>183</ns3:hr>
            <ns3:cad>91</ns3:cad>
          </ns3:TrackPointExtension>
        </extensions>
      </trkpt>
      <trkpt lat="30.900925733149051666259765625" lon="121.74086459912359714508056640625">
        <ele>6.19999980926513671875</ele>
        <time>2026-09-06T13:53:28.000Z</time>
        <extensions>
          <ns3:TrackPointExtension>
            <ns3:atemp>30.0</ns3:atemp>
            <ns3:hr>184</ns3:hr>
            <ns3:cad>91</ns3:cad>
          </ns3:TrackPointExtension>
        </extensions>
      </trkpt>
      <trkpt lat="30.90092799626290798187255859375" lon="121.74082671292126178741455078125">
        <ele>6.19999980926513671875</ele>
        <time>2026-09-06T13:53:29.000Z</time>
        <extensions>
          <ns3:TrackPointExtension>
            <ns3:atemp>30.0</ns3:atemp>
            <ns3:hr>184</ns3:hr>
            <ns3:cad>91</ns3:cad>
          </ns3:TrackPointExtension>
        </extensions>
      </trkpt>
      <trkpt lat="30.90092766098678112030029296875" lon="121.74079737626016139984130859375">
        <ele>6.19999980926513671875</ele>
        <time>2026-09-06T13:53:30.000Z</time>
        <extensions>
          <ns3:TrackPointExtension>
            <ns3:atemp>30.0</ns3:atemp>
            <ns3:hr>184</ns3:hr>
            <ns3:cad>90</ns3:cad>
          </ns3:TrackPointExtension>
        </extensions>
      </trkpt>
      <trkpt lat="30.9009302593767642974853515625" lon="121.74075865186750888824462890625">
        <ele>6.19999980926513671875</ele>
        <time>2026-09-06T13:53:31.000Z</time>
        <extensions>
          <ns3:TrackPointExtension>
            <ns3:atemp>30.0</ns3:atemp>
            <ns3:hr>184</ns3:hr>
            <ns3:cad>90</ns3:cad>
          </ns3:TrackPointExtension>
        </extensions>
      </trkpt>
      <trkpt lat="30.90092950500547885894775390625" lon="121.7407309077680110931396484375">
        <ele>6.19999980926513671875</ele>
        <time>2026-09-06T13:53:32.000Z</time>
        <extensions>
          <ns3:TrackPointExtension>
            <ns3:atemp>30.0</ns3:atemp>
            <ns3:hr>183</ns3:hr>
            <ns3:cad>90</ns3:cad>
          </ns3:TrackPointExtension>
        </extensions>
      </trkpt>
      <trkpt lat="30.900930427014827728271484375" lon="121.7406936921179294586181640625">
        <ele>6.19999980926513671875</ele>
        <time>2026-09-06T13:53:33.000Z</time>
        <extensions>
          <ns3:TrackPointExtension>
            <ns3:atemp>30.0</ns3:atemp>
            <ns3:hr>184</ns3:hr>
            <ns3:cad>90</ns3:cad>
          </ns3:TrackPointExtension>
        </extensions>
      </trkpt>
      <trkpt lat="30.9009326063096523284912109375" lon="121.740665696561336517333984375">
        <ele>6.19999980926513671875</ele>
        <time>2026-09-06T13:53:34.000Z</time>
        <extensions>
          <ns3:TrackPointExtension>
            <ns3:atemp>30.0</ns3:atemp>
            <ns3:hr>184</ns3:hr>
            <ns3:cad>90</ns3:cad>
          </ns3:TrackPointExtension>
        </extensions>
      </trkpt>
      <trkpt lat="30.9009248949587345123291015625" lon="121.7406517826020717620849609375">
        <ele>6.19999980926513671875</ele>
        <time>2026-09-06T13:53:35.000Z</time>
        <extensions>
          <ns3:TrackPointExtension>
            <ns3:atemp>30.0</ns3:atemp>
            <ns3:hr>184</ns3:hr>
            <ns3:cad>90</ns3:cad>
          </ns3:TrackPointExtension>
        </extensions>
      </trkpt>
      <trkpt lat="30.900918357074260711669921875" lon="121.740640886127948760986328125">
        <ele>6.19999980926513671875</ele>
        <time>2026-09-06T13:53:36.000Z</time>
        <extensions>
          <ns3:TrackPointExtension>
            <ns3:atemp>30.0</ns3:atemp>
            <ns3:hr>184</ns3:hr>
            <ns3:cad>90</ns3:cad>
          </ns3:TrackPointExtension>
        </extensions>
      </trkpt>
      <trkpt lat="30.90091324411332607269287109375" lon="121.74063074402511119842529296875">
        <ele>6.19999980926513671875</ele>
        <time>2026-09-06T13:53:37.000Z</time>
        <extensions>
          <ns3:TrackPointExtension>
            <ns3:atemp>30.0</ns3:atemp>
            <ns3:hr>184</ns3:hr>
            <ns3:cad>90</ns3:cad>
          </ns3:TrackPointExtension>
        </extensions>
      </trkpt>
      <trkpt lat="30.9009145013988018035888671875" lon="121.7406149022281169891357421875">
        <ele>6.19999980926513671875</ele>
        <time>2026-09-06T13:53:38.000Z</time>
        <extensions>
          <ns3:TrackPointExtension>
            <ns3:atemp>30.0</ns3:atemp>
            <ns3:hr>184</ns3:hr>
            <ns3:cad>90</ns3:cad>
          </ns3:TrackPointExtension>
        </extensions>
      </trkpt>
      <trkpt lat="30.900914333760738372802734375" lon="121.74059956334531307220458984375">
        <ele>6.19999980926513671875</ele>
        <time>2026-09-06T13:53:39.000Z</time>
        <extensions>
          <ns3:TrackPointExtension>
            <ns3:atemp>30.0</ns3:atemp>
            <ns3:hr>184</ns3:hr>
            <ns3:cad>90</ns3:cad>
          </ns3:TrackPointExtension>
        </extensions>
      </trkpt>
      <trkpt lat="30.90091525577008724212646484375" lon="121.74058464355766773223876953125">
        <ele>6.19999980926513671875</ele>
        <time>2026-09-06T13:53:40.000Z</time>
        <extensions>
          <ns3:TrackPointExtension>
            <ns3:atemp>30.0</ns3:atemp>
            <ns3:hr>184</ns3:hr>
            <ns3:cad>90</ns3:cad>
          </ns3:TrackPointExtension>
        </extensions>
      </trkpt>
      <trkpt lat="30.90091458521783351898193359375" lon="121.74057190306484699249267578125">
        <ele>6.19999980926513671875</ele>
        <time>2026-09-06T13:53:41.000Z</time>
        <extensions>
          <ns3:TrackPointExtension>
            <ns3:atemp>30.0</ns3:atemp>
            <ns3:hr>184</ns3:hr>
            <ns3:cad>90</ns3:cad>
          </ns3:TrackPointExtension>
        </extensions>
      </trkpt>
      <trkpt lat="30.900914333760738372802734375" lon="121.74055698327720165252685546875">
        <ele>6.19999980926513671875</ele>
        <time>2026-09-06T13:53:42.000Z</time>
        <extensions>
          <ns3:TrackPointExtension>
            <ns3:atemp>30.0</ns3:atemp>
            <ns3:hr>184</ns3:hr>
            <ns3:cad>90</ns3:cad>
          </ns3:TrackPointExtension>
        </extensions>
      </trkpt>
      <trkpt lat="30.90091156773269176483154296875" lon="121.740542314946651458740234375">
        <ele>6.19999980926513671875</ele>
        <time>2026-09-06T13:53:43.000Z</time>
        <extensions>
          <ns3:TrackPointExtension>
            <ns3:atemp>30.0</ns3:atemp>
            <ns3:hr>183</ns3:hr>
            <ns3:cad>90</ns3:cad>
          </ns3:TrackPointExtension>
        </extensions>
      </trkpt>
      <trkpt lat="30.90090855024755001068115234375" lon="121.740528903901576995849609375">
        <ele>6</ele>
        <time>2026-09-06T13:53:44.000Z</time>
        <extensions>
          <ns3:TrackPointExtension>
            <ns3:atemp>30.0</ns3:atemp>
            <ns3:hr>184</ns3:hr>
            <ns3:cad>90</ns3:cad>
          </ns3:TrackPointExtension>
        </extensions>
      </trkpt>
      <trkpt lat="30.90090637095272541046142578125" lon="121.74051708541810512542724609375">
        <ele>6</ele>
        <time>2026-09-06T13:53:45.000Z</time>
        <extensions>
          <ns3:TrackPointExtension>
            <ns3:atemp>30.0</ns3:atemp>
            <ns3:hr>183</ns3:hr>
            <ns3:cad>60</ns3:cad>
          </ns3:TrackPointExtension>
        </extensions>
      </trkpt>
      <trkpt lat="30.90090435929596424102783203125" lon="121.7405002377927303314208984375">
        <ele>6</ele>
        <time>2026-09-06T13:53:46.000Z</time>
        <extensions>
          <ns3:TrackPointExtension>
            <ns3:atemp>30.0</ns3:atemp>
            <ns3:hr>182</ns3:hr>
            <ns3:cad>58</ns3:cad>
          </ns3:TrackPointExtension>
        </extensions>
      </trkpt>
      <trkpt lat="30.90090150944888591766357421875" lon="121.740482635796070098876953125">
        <ele>6</ele>
        <time>2026-09-06T13:53:47.000Z</time>
        <extensions>
          <ns3:TrackPointExtension>
            <ns3:atemp>30.0</ns3:atemp>
            <ns3:hr>181</ns3:hr>
            <ns3:cad>58</ns3:cad>
          </ns3:TrackPointExtension>
        </extensions>
      </trkpt>
      <trkpt lat="30.90089983306825160980224609375" lon="121.74046696163713932037353515625">
        <ele>6</ele>
        <time>2026-09-06T13:53:48.000Z</time>
        <extensions>
          <ns3:TrackPointExtension>
            <ns3:atemp>30.0</ns3:atemp>
            <ns3:hr>179</ns3:hr>
            <ns3:cad>58</ns3:cad>
          </ns3:TrackPointExtension>
        </extensions>
      </trkpt>
      <trkpt lat="30.9008984081447124481201171875" lon="121.7404502816498279571533203125">
        <ele>6.19999980926513671875</ele>
        <time>2026-09-06T13:53:49.000Z</time>
        <extensions>
          <ns3:TrackPointExtension>
            <ns3:atemp>30.0</ns3:atemp>
            <ns3:hr>177</ns3:hr>
            <ns3:cad>58</ns3:cad>
          </ns3:TrackPointExtension>
        </extensions>
      </trkpt>
      <trkpt lat="30.90089748613536357879638671875" lon="121.74043309874832630157470703125">
        <ele>6.19999980926513671875</ele>
        <time>2026-09-06T13:53:50.000Z</time>
        <extensions>
          <ns3:TrackPointExtension>
            <ns3:atemp>30.0</ns3:atemp>
            <ns3:hr>176</ns3:hr>
            <ns3:cad>58</ns3:cad>
          </ns3:TrackPointExtension>
        </extensions>
      </trkpt>
      <trkpt lat="30.90089815668761730194091796875" lon="121.740419603884220123291015625">
        <ele>6.19999980926513671875</ele>
        <time>2026-09-06T13:53:51.000Z</time>
        <extensions>
          <ns3:TrackPointExtension>
            <ns3:atemp>30.0</ns3:atemp>
            <ns3:hr>175</ns3:hr>
            <ns3:cad>58</ns3:cad>
          </ns3:TrackPointExtension>
        </extensions>
      </trkpt>
      <trkpt lat="30.900896899402141571044921875" lon="121.74040342681109905242919921875">
        <ele>6.19999980926513671875</ele>
        <time>2026-09-06T13:53:52.000Z</time>
        <extensions>
          <ns3:TrackPointExtension>
            <ns3:atemp>30.0</ns3:atemp>
            <ns3:hr>175</ns3:hr>
            <ns3:cad>59</ns3:cad>
          </ns3:TrackPointExtension>
        </extensions>
      </trkpt>
      <trkpt lat="30.9008967317640781402587890625" lon="121.74038565717637538909912109375">
        <ele>6.19999980926513671875</ele>
        <time>2026-09-06T13:53:53.000Z</time>
        <extensions>
          <ns3:TrackPointExtension>
            <ns3:atemp>30.0</ns3:atemp>
            <ns3:hr>175</ns3:hr>
            <ns3:cad>59</ns3:cad>
          </ns3:TrackPointExtension>
        </extensions>
      </trkpt>
      <trkpt lat="30.90089631266891956329345703125" lon="121.74036855809390544891357421875">
        <ele>6.19999980926513671875</ele>
        <time>2026-09-06T13:53:54.000Z</time>
        <extensions>
          <ns3:TrackPointExtension>
            <ns3:atemp>30.0</ns3:atemp>
            <ns3:hr>175</ns3:hr>
            <ns3:cad>59</ns3:cad>
          </ns3:TrackPointExtension>
        </extensions>
      </trkpt>
      <trkpt lat="30.90089580975472927093505859375" lon="121.74035162664949893951416015625">
        <ele>6</ele>
        <time>2026-09-06T13:53:55.000Z</time>
        <extensions>
          <ns3:TrackPointExtension>
            <ns3:atemp>30.0</ns3:atemp>
            <ns3:hr>174</ns3:hr>
            <ns3:cad>59</ns3:cad>
          </ns3:TrackPointExtension>
        </extensions>
      </trkpt>
      <trkpt lat="30.9008960612118244171142578125" lon="121.7403347790241241455078125">
        <ele>6</ele>
        <time>2026-09-06T13:53:56.000Z</time>
        <extensions>
          <ns3:TrackPointExtension>
            <ns3:atemp>30.0</ns3:atemp>
            <ns3:hr>174</ns3:hr>
            <ns3:cad>59</ns3:cad>
          </ns3:TrackPointExtension>
        </extensions>
      </trkpt>
      <trkpt lat="30.9008950553834438323974609375" lon="121.74031843431293964385986328125">
        <ele>6.19999980926513671875</ele>
        <time>2026-09-06T13:53:57.000Z</time>
        <extensions>
          <ns3:TrackPointExtension>
            <ns3:atemp>30.0</ns3:atemp>
            <ns3:hr>174</ns3:hr>
            <ns3:cad>59</ns3:cad>
          </ns3:TrackPointExtension>
        </extensions>
      </trkpt>
      <trkpt lat="30.90089580975472927093505859375" lon="121.740302257239818572998046875">
        <ele>6.19999980926513671875</ele>
        <time>2026-09-06T13:53:58.000Z</time>
        <extensions>
          <ns3:TrackPointExtension>
            <ns3:atemp>30.0</ns3:atemp>
            <ns3:hr>175</ns3:hr>
            <ns3:cad>59</ns3:cad>
          </ns3:TrackPointExtension>
        </extensions>
      </trkpt>
      <trkpt lat="30.90089648030698299407958984375" lon="121.740287505090236663818359375">
        <ele>6.19999980926513671875</ele>
        <time>2026-09-06T13:53:59.000Z</time>
        <extensions>
          <ns3:TrackPointExtension>
            <ns3:atemp>30.0</ns3:atemp>
            <ns3:hr>174</ns3:hr>
            <ns3:cad>60</ns3:cad>
          </ns3:TrackPointExtension>
        </extensions>
      </trkpt>
      <trkpt lat="30.900898240506649017333984375" lon="121.74027216620743274688720703125">
        <ele>6.19999980926513671875</ele>
        <time>2026-09-06T13:54:00.000Z</time>
        <extensions>
          <ns3:TrackPointExtension>
            <ns3:atemp>30.0</ns3:atemp>
            <ns3:hr>172</ns3:hr>
            <ns3:cad>60</ns3:cad>
          </ns3:TrackPointExtension>
        </extensions>
      </trkpt>
      <trkpt lat="30.90089513920247554779052734375" lon="121.74025632441043853759765625">
        <ele>6.400000095367431640625</ele>
        <time>2026-09-06T13:54:01.000Z</time>
        <extensions>
          <ns3:TrackPointExtension>
            <ns3:atemp>30.0</ns3:atemp>
            <ns3:hr>171</ns3:hr>
            <ns3:cad>60</ns3:cad>
          </ns3:TrackPointExtension>
        </extensions>
      </trkpt>
      <trkpt lat="30.900895893573760986328125" lon="121.74023796804249286651611328125">
        <ele>6.400000095367431640625</ele>
        <time>2026-09-06T13:54:02.000Z</time>
        <extensions>
          <ns3:TrackPointExtension>
            <ns3:atemp>30.0</ns3:atemp>
            <ns3:hr>170</ns3:hr>
            <ns3:cad>59</ns3:cad>
          </ns3:TrackPointExtension>
        </extensions>
      </trkpt>
      <trkpt lat="30.90089530684053897857666015625" lon="121.74022120423614978790283203125">
        <ele>6.400000095367431640625</ele>
        <time>2026-09-06T13:54:03.000Z</time>
        <extensions>
          <ns3:TrackPointExtension>
            <ns3:atemp>30.0</ns3:atemp>
            <ns3:hr>170</ns3:hr>
            <ns3:cad>59</ns3:cad>
          </ns3:TrackPointExtension>
        </extensions>
      </trkpt>
      <trkpt lat="30.90089597739279270172119140625" lon="121.74020460806787014007568359375">
        <ele>6.400000095367431640625</ele>
        <time>2026-09-06T13:54:04.000Z</time>
        <extensions>
          <ns3:TrackPointExtension>
            <ns3:atemp>30.0</ns3:atemp>
            <ns3:hr>169</ns3:hr>
            <ns3:cad>59</ns3:cad>
          </ns3:TrackPointExtension>
        </extensions>
      </trkpt>
      <trkpt lat="30.90089329518377780914306640625" lon="121.7401921190321445465087890625">
        <ele>6.19999980926513671875</ele>
        <time>2026-09-06T13:54:05.000Z</time>
        <extensions>
          <ns3:TrackPointExtension>
            <ns3:atemp>30.0</ns3:atemp>
            <ns3:hr>169</ns3:hr>
            <ns3:cad>60</ns3:cad>
          </ns3:TrackPointExtension>
        </extensions>
      </trkpt>
      <trkpt lat="30.90088424272835254669189453125" lon="121.74018432386219501495361328125">
        <ele>6.19999980926513671875</ele>
        <time>2026-09-06T13:54:06.000Z</time>
        <extensions>
          <ns3:TrackPointExtension>
            <ns3:atemp>30.0</ns3:atemp>
            <ns3:hr>168</ns3:hr>
            <ns3:cad>60</ns3:cad>
          </ns3:TrackPointExtension>
        </extensions>
      </trkpt>
      <trkpt lat="30.90087250806391239166259765625" lon="121.74018180929124355316162109375">
        <ele>6.19999980926513671875</ele>
        <time>2026-09-06T13:54:07.000Z</time>
        <extensions>
          <ns3:TrackPointExtension>
            <ns3:atemp>30.0</ns3:atemp>
            <ns3:hr>168</ns3:hr>
            <ns3:cad>59</ns3:cad>
          </ns3:TrackPointExtension>
        </extensions>
      </trkpt>
      <trkpt lat="30.90085825882852077484130859375" lon="121.7401813901960849761962890625">
        <ele>6.19999980926513671875</ele>
        <time>2026-09-06T13:54:08.000Z</time>
        <extensions>
          <ns3:TrackPointExtension>
            <ns3:atemp>30.0</ns3:atemp>
            <ns3:hr>167</ns3:hr>
            <ns3:cad>58</ns3:cad>
          </ns3:TrackPointExtension>
        </extensions>
      </trkpt>
      <trkpt lat="30.900842584669589996337890625" lon="121.7401818931102752685546875">
        <ele>6.19999980926513671875</ele>
        <time>2026-09-06T13:54:09.000Z</time>
        <extensions>
          <ns3:TrackPointExtension>
            <ns3:atemp>30.0</ns3:atemp>
            <ns3:hr>167</ns3:hr>
            <ns3:cad>57</ns3:cad>
          </ns3:TrackPointExtension>
        </extensions>
      </trkpt>
      <trkpt lat="30.90082623995840549468994140625" lon="121.74018298275768756866455078125">
        <ele>6.19999980926513671875</ele>
        <time>2026-09-06T13:54:10.000Z</time>
        <extensions>
          <ns3:TrackPointExtension>
            <ns3:atemp>30.0</ns3:atemp>
            <ns3:hr>166</ns3:hr>
            <ns3:cad>57</ns3:cad>
          </ns3:TrackPointExtension>
        </extensions>
      </trkpt>
      <trkpt lat="30.90081249363720417022705078125" lon="121.740186922252178192138671875">
        <ele>6.19999980926513671875</ele>
        <time>2026-09-06T13:54:11.000Z</time>
        <extensions>
          <ns3:TrackPointExtension>
            <ns3:atemp>30.0</ns3:atemp>
            <ns3:hr>165</ns3:hr>
            <ns3:cad>59</ns3:cad>
          </ns3:TrackPointExtension>
        </extensions>
      </trkpt>
      <trkpt lat="30.90079841203987598419189453125" lon="121.74019019119441509246826171875">
        <ele>6.19999980926513671875</ele>
        <time>2026-09-06T13:54:12.000Z</time>
        <extensions>
          <ns3:TrackPointExtension>
            <ns3:atemp>30.0</ns3:atemp>
            <ns3:hr>164</ns3:hr>
            <ns3:cad>59</ns3:cad>
          </ns3:TrackPointExtension>
        </extensions>
      </trkpt>
      <trkpt lat="30.90078315697610378265380859375" lon="121.74019153229892253875732421875">
        <ele>6.400000095367431640625</ele>
        <time>2026-09-06T13:54:13.000Z</time>
        <extensions>
          <ns3:TrackPointExtension>
            <ns3:atemp>30.0</ns3:atemp>
            <ns3:hr>164</ns3:hr>
            <ns3:cad>60</ns3:cad>
          </ns3:TrackPointExtension>
        </extensions>
      </trkpt>
      <trkpt lat="30.900766812264919281005859375" lon="121.74019387923181056976318359375">
        <ele>6.400000095367431640625</ele>
        <time>2026-09-06T13:54:14.000Z</time>
        <extensions>
          <ns3:TrackPointExtension>
            <ns3:atemp>30.0</ns3:atemp>
            <ns3:hr>163</ns3:hr>
            <ns3:cad>60</ns3:cad>
          </ns3:TrackPointExtension>
        </extensions>
      </trkpt>
      <trkpt lat="30.90075130574405193328857421875" lon="121.74019538797438144683837890625">
        <ele>6.400000095367431640625</ele>
        <time>2026-09-06T13:54:15.000Z</time>
        <extensions>
          <ns3:TrackPointExtension>
            <ns3:atemp>30.0</ns3:atemp>
            <ns3:hr>161</ns3:hr>
            <ns3:cad>60</ns3:cad>
          </ns3:TrackPointExtension>
        </extensions>
      </trkpt>
      <trkpt lat="30.90073755942285060882568359375" lon="121.74019463360309600830078125">
        <ele>6.400000095367431640625</ele>
        <time>2026-09-06T13:54:16.000Z</time>
        <extensions>
          <ns3:TrackPointExtension>
            <ns3:atemp>30.0</ns3:atemp>
            <ns3:hr>160</ns3:hr>
            <ns3:cad>60</ns3:cad>
          </ns3:TrackPointExtension>
        </extensions>
      </trkpt>
      <trkpt lat="30.9007250703871250152587890625" lon="121.7401907779276371002197265625">
        <ele>6.400000095367431640625</ele>
        <time>2026-09-06T13:54:17.000Z</time>
        <extensions>
          <ns3:TrackPointExtension>
            <ns3:atemp>30.0</ns3:atemp>
            <ns3:hr>160</ns3:hr>
            <ns3:cad>61</ns3:cad>
          </ns3:TrackPointExtension>
        </extensions>
      </trkpt>
      <trkpt lat="30.90071274898946285247802734375" lon="121.74018616788089275360107421875">
        <ele>6.400000095367431640625</ele>
        <time>2026-09-06T13:54:18.000Z</time>
        <extensions>
          <ns3:TrackPointExtension>
            <ns3:atemp>30.0</ns3:atemp>
            <ns3:hr>159</ns3:hr>
            <ns3:cad>61</ns3:cad>
          </ns3:TrackPointExtension>
        </extensions>
      </trkpt>
      <trkpt lat="30.9006989188492298126220703125" lon="121.74017879180610179901123046875">
        <ele>6.19999980926513671875</ele>
        <time>2026-09-06T13:54:19.000Z</time>
        <extensions>
          <ns3:TrackPointExtension>
            <ns3:atemp>30.0</ns3:atemp>
            <ns3:hr>158</ns3:hr>
            <ns3:cad>61</ns3:cad>
          </ns3:TrackPointExtension>
        </extensions>
      </trkpt>
      <trkpt lat="30.90068609453737735748291015625" lon="121.74017049372196197509765625">
        <ele>6.19999980926513671875</ele>
        <time>2026-09-06T13:54:20.000Z</time>
        <extensions>
          <ns3:TrackPointExtension>
            <ns3:atemp>30.0</ns3:atemp>
            <ns3:hr>158</ns3:hr>
            <ns3:cad>60</ns3:cad>
          </ns3:TrackPointExtension>
        </extensions>
      </trkpt>
      <trkpt lat="30.9006741084158420562744140625" lon="121.74016035161912441253662109375">
        <ele>6.19999980926513671875</ele>
        <time>2026-09-06T13:54:21.000Z</time>
        <extensions>
          <ns3:TrackPointExtension>
            <ns3:atemp>30.0</ns3:atemp>
            <ns3:hr>158</ns3:hr>
            <ns3:cad>60</ns3:cad>
          </ns3:TrackPointExtension>
        </extensions>
      </trkpt>
      <trkpt lat="30.90066321194171905517578125" lon="121.74014995805919170379638671875">
        <ele>6.19999980926513671875</ele>
        <time>2026-09-06T13:54:22.000Z</time>
        <extensions>
          <ns3:TrackPointExtension>
            <ns3:atemp>30.0</ns3:atemp>
            <ns3:hr>158</ns3:hr>
            <ns3:cad>60</ns3:cad>
          </ns3:TrackPointExtension>
        </extensions>
      </trkpt>
      <trkpt lat="30.9006523154675960540771484375" lon="121.74013872630894184112548828125">
        <ele>6.19999980926513671875</ele>
        <time>2026-09-06T13:54:23.000Z</time>
        <extensions>
          <ns3:TrackPointExtension>
            <ns3:atemp>30.0</ns3:atemp>
            <ns3:hr>158</ns3:hr>
            <ns3:cad>60</ns3:cad>
          </ns3:TrackPointExtension>
        </extensions>
      </trkpt>
      <trkpt lat="30.900644101202487945556640625" lon="121.740126907825469970703125">
        <ele>6.19999980926513671875</ele>
        <time>2026-09-06T13:54:24.000Z</time>
        <extensions>
          <ns3:TrackPointExtension>
            <ns3:atemp>30.0</ns3:atemp>
            <ns3:hr>158</ns3:hr>
            <ns3:cad>60</ns3:cad>
          </ns3:TrackPointExtension>
        </extensions>
      </trkpt>
      <trkpt lat="30.90063504874706268310546875" lon="121.74011492170393466949462890625">
        <ele>6.19999980926513671875</ele>
        <time>2026-09-06T13:54:25.000Z</time>
        <extensions>
          <ns3:TrackPointExtension>
            <ns3:atemp>30.0</ns3:atemp>
            <ns3:hr>157</ns3:hr>
            <ns3:cad>60</ns3:cad>
          </ns3:TrackPointExtension>
        </extensions>
      </trkpt>
      <trkpt lat="30.90062591247260570526123046875" lon="121.74010469578206539154052734375">
        <ele>6</ele>
        <time>2026-09-06T13:54:26.000Z</time>
        <extensions>
          <ns3:TrackPointExtension>
            <ns3:atemp>30.0</ns3:atemp>
            <ns3:hr>156</ns3:hr>
            <ns3:cad>60</ns3:cad>
          </ns3:TrackPointExtension>
        </extensions>
      </trkpt>
      <trkpt lat="30.90061635710299015045166015625" lon="121.7400955595076084136962890625">
        <ele>6</ele>
        <time>2026-09-06T13:54:27.000Z</time>
        <extensions>
          <ns3:TrackPointExtension>
            <ns3:atemp>30.0</ns3:atemp>
            <ns3:hr>156</ns3:hr>
            <ns3:cad>60</ns3:cad>
          </ns3:TrackPointExtension>
        </extensions>
      </trkpt>
      <trkpt lat="30.90060814283788204193115234375" lon="121.74008675850927829742431640625">
        <ele>6</ele>
        <time>2026-09-06T13:54:28.000Z</time>
        <extensions>
          <ns3:TrackPointExtension>
            <ns3:atemp>30.0</ns3:atemp>
            <ns3:hr>155</ns3:hr>
            <ns3:cad>60</ns3:cad>
          </ns3:TrackPointExtension>
        </extensions>
      </trkpt>
      <trkpt lat="30.9005983360111713409423828125" lon="121.74007703550159931182861328125">
        <ele>6</ele>
        <time>2026-09-06T13:54:29.000Z</time>
        <extensions>
          <ns3:TrackPointExtension>
            <ns3:atemp>30.0</ns3:atemp>
            <ns3:hr>155</ns3:hr>
            <ns3:cad>60</ns3:cad>
          </ns3:TrackPointExtension>
        </extensions>
      </trkpt>
      <trkpt lat="30.900589115917682647705078125" lon="121.74006563611328601837158203125">
        <ele>6.19999980926513671875</ele>
        <time>2026-09-06T13:54:30.000Z</time>
        <extensions>
          <ns3:TrackPointExtension>
            <ns3:atemp>30.0</ns3:atemp>
            <ns3:hr>154</ns3:hr>
            <ns3:cad>59</ns3:cad>
          </ns3:TrackPointExtension>
        </extensions>
      </trkpt>
      <trkpt lat="30.9005820751190185546875" lon="121.74004971049726009368896484375">
        <ele>6.19999980926513671875</ele>
        <time>2026-09-06T13:54:31.000Z</time>
        <extensions>
          <ns3:TrackPointExtension>
            <ns3:atemp>30.0</ns3:atemp>
            <ns3:hr>154</ns3:hr>
            <ns3:cad>59</ns3:cad>
          </ns3:TrackPointExtension>
        </extensions>
      </trkpt>
      <trkpt lat="30.90057696215808391571044921875" lon="121.7400315217673778533935546875">
        <ele>6.19999980926513671875</ele>
        <time>2026-09-06T13:54:32.000Z</time>
        <extensions>
          <ns3:TrackPointExtension>
            <ns3:atemp>30.0</ns3:atemp>
            <ns3:hr>154</ns3:hr>
            <ns3:cad>59</ns3:cad>
          </ns3:TrackPointExtension>
        </extensions>
      </trkpt>
      <trkpt lat="30.9005735255777835845947265625" lon="121.74001358449459075927734375">
        <ele>6.19999980926513671875</ele>
        <time>2026-09-06T13:54:33.000Z</time>
        <extensions>
          <ns3:TrackPointExtension>
            <ns3:atemp>30.0</ns3:atemp>
            <ns3:hr>153</ns3:hr>
            <ns3:cad>59</ns3:cad>
          </ns3:TrackPointExtension>
        </extensions>
      </trkpt>
      <trkpt lat="30.90057310648262500762939453125" lon="121.73999187536537647247314453125">
        <ele>6.19999980926513671875</ele>
        <time>2026-09-06T13:54:34.000Z</time>
        <extensions>
          <ns3:TrackPointExtension>
            <ns3:atemp>30.0</ns3:atemp>
            <ns3:hr>152</ns3:hr>
            <ns3:cad>59</ns3:cad>
          </ns3:TrackPointExtension>
        </extensions>
      </trkpt>
      <trkpt lat="30.9005809016525745391845703125" lon="121.73995985649526119232177734375">
        <ele>6.19999980926513671875</ele>
        <time>2026-09-06T13:54:35.000Z</time>
        <extensions>
          <ns3:TrackPointExtension>
            <ns3:atemp>30.0</ns3:atemp>
            <ns3:hr>152</ns3:hr>
            <ns3:cad>59</ns3:cad>
          </ns3:TrackPointExtension>
        </extensions>
      </trkpt>
      <trkpt lat="30.900589786469936370849609375" lon="121.7399319447576999664306640625">
        <ele>6.19999980926513671875</ele>
        <time>2026-09-06T13:54:36.000Z</time>
        <extensions>
          <ns3:TrackPointExtension>
            <ns3:atemp>30.0</ns3:atemp>
            <ns3:hr>151</ns3:hr>
            <ns3:cad>59</ns3:cad>
          </ns3:TrackPointExtension>
        </extensions>
      </trkpt>
      <trkpt lat="30.90060688555240631103515625" lon="121.73990168608725070953369140625">
        <ele>6.19999980926513671875</ele>
        <time>2026-09-06T13:54:37.000Z</time>
        <extensions>
          <ns3:TrackPointExtension>
            <ns3:atemp>30.0</ns3:atemp>
            <ns3:hr>151</ns3:hr>
            <ns3:cad>59</ns3:cad>
          </ns3:TrackPointExtension>
        </extensions>
      </trkpt>
      <trkpt lat="30.90062373317778110504150390625" lon="121.73987679183483123779296875">
        <ele>6.19999980926513671875</ele>
        <time>2026-09-06T13:54:38.000Z</time>
        <extensions>
          <ns3:TrackPointExtension>
            <ns3:atemp>30.0</ns3:atemp>
            <ns3:hr>151</ns3:hr>
            <ns3:cad>83</ns3:cad>
          </ns3:TrackPointExtension>
        </extensions>
      </trkpt>
      <trkpt lat="30.9006419219076633453369140625" lon="121.739846281707286834716796875">
        <ele>6.19999980926513671875</ele>
        <time>2026-09-06T13:54:39.000Z</time>
        <extensions>
          <ns3:TrackPointExtension>
            <ns3:atemp>30.0</ns3:atemp>
            <ns3:hr>150</ns3:hr>
            <ns3:cad>88</ns3:cad>
          </ns3:TrackPointExtension>
        </extensions>
      </trkpt>
      <trkpt lat="30.90064519084990024566650390625" lon="121.73981887288391590118408203125">
        <ele>6.19999980926513671875</ele>
        <time>2026-09-06T13:54:40.000Z</time>
        <extensions>
          <ns3:TrackPointExtension>
            <ns3:atemp>30.0</ns3:atemp>
            <ns3:hr>150</ns3:hr>
            <ns3:cad>88</ns3:cad>
          </ns3:TrackPointExtension>
        </extensions>
      </trkpt>
      <trkpt lat="30.90065374039113521575927734375" lon="121.73978903330862522125244140625">
        <ele>6.19999980926513671875</ele>
        <time>2026-09-06T13:54:41.000Z</time>
        <extensions>
          <ns3:TrackPointExtension>
            <ns3:atemp>30.0</ns3:atemp>
            <ns3:hr>150</ns3:hr>
            <ns3:cad>88</ns3:cad>
          </ns3:TrackPointExtension>
        </extensions>
      </trkpt>
      <trkpt lat="30.90066044591367244720458984375" lon="121.73976187594234943389892578125">
        <ele>6.19999980926513671875</ele>
        <time>2026-09-06T13:54:42.000Z</time>
        <extensions>
          <ns3:TrackPointExtension>
            <ns3:atemp>30.0</ns3:atemp>
            <ns3:hr>150</ns3:hr>
            <ns3:cad>88</ns3:cad>
          </ns3:TrackPointExtension>
        </extensions>
      </trkpt>
      <trkpt lat="30.90066731907427310943603515625" lon="121.73972633667290210723876953125">
        <ele>6.19999980926513671875</ele>
        <time>2026-09-06T13:54:43.000Z</time>
        <extensions>
          <ns3:TrackPointExtension>
            <ns3:atemp>30.0</ns3:atemp>
            <ns3:hr>150</ns3:hr>
            <ns3:cad>88</ns3:cad>
          </ns3:TrackPointExtension>
        </extensions>
      </trkpt>
      <trkpt lat="30.900667570531368255615234375" lon="121.739697754383087158203125">
        <ele>6.19999980926513671875</ele>
        <time>2026-09-06T13:54:44.000Z</time>
        <extensions>
          <ns3:TrackPointExtension>
            <ns3:atemp>30.0</ns3:atemp>
            <ns3:hr>150</ns3:hr>
            <ns3:cad>88</ns3:cad>
          </ns3:TrackPointExtension>
        </extensions>
      </trkpt>
      <trkpt lat="30.9006680734455585479736328125" lon="121.739654839038848876953125">
        <ele>6.19999980926513671875</ele>
        <time>2026-09-06T13:54:45.000Z</time>
        <extensions>
          <ns3:TrackPointExtension>
            <ns3:atemp>30.0</ns3:atemp>
            <ns3:hr>150</ns3:hr>
            <ns3:cad>89</ns3:cad>
          </ns3:TrackPointExtension>
        </extensions>
      </trkpt>
      <trkpt lat="30.90066664852201938629150390625" lon="121.73962198197841644287109375">
        <ele>6.19999980926513671875</ele>
        <time>2026-09-06T13:54:46.000Z</time>
        <extensions>
          <ns3:TrackPointExtension>
            <ns3:atemp>30.0</ns3:atemp>
            <ns3:hr>150</ns3:hr>
            <ns3:cad>89</ns3:cad>
          </ns3:TrackPointExtension>
        </extensions>
      </trkpt>
      <trkpt lat="30.90066187083721160888671875" lon="121.7395770549774169921875">
        <ele>6.19999980926513671875</ele>
        <time>2026-09-06T13:54:47.000Z</time>
        <extensions>
          <ns3:TrackPointExtension>
            <ns3:atemp>30.0</ns3:atemp>
            <ns3:hr>150</ns3:hr>
            <ns3:cad>91</ns3:cad>
          </ns3:TrackPointExtension>
        </extensions>
      </trkpt>
      <trkpt lat="30.90065558440983295440673828125" lon="121.73954713158309459686279296875">
        <ele>6.400000095367431640625</ele>
        <time>2026-09-06T13:54:48.000Z</time>
        <extensions>
          <ns3:TrackPointExtension>
            <ns3:atemp>30.0</ns3:atemp>
            <ns3:hr>151</ns3:hr>
            <ns3:cad>91</ns3:cad>
          </ns3:TrackPointExtension>
        </extensions>
      </trkpt>
      <trkpt lat="30.90065407566726207733154296875" lon="121.7395081557333469390869140625">
        <ele>6.19999980926513671875</ele>
        <time>2026-09-06T13:54:49.000Z</time>
        <extensions>
          <ns3:TrackPointExtension>
            <ns3:atemp>30.0</ns3:atemp>
            <ns3:hr>151</ns3:hr>
            <ns3:cad>91</ns3:cad>
          </ns3:TrackPointExtension>
        </extensions>
      </trkpt>
      <trkpt lat="30.90064737014472484588623046875" lon="121.73947756178677082061767578125">
        <ele>6.19999980926513671875</ele>
        <time>2026-09-06T13:54:50.000Z</time>
        <extensions>
          <ns3:TrackPointExtension>
            <ns3:atemp>30.0</ns3:atemp>
            <ns3:hr>151</ns3:hr>
            <ns3:cad>92</ns3:cad>
          </ns3:TrackPointExtension>
        </extensions>
      </trkpt>
      <trkpt lat="30.900646112859249114990234375" lon="121.739440597593784332275390625">
        <ele>6.19999980926513671875</ele>
        <time>2026-09-06T13:54:51.000Z</time>
        <extensions>
          <ns3:TrackPointExtension>
            <ns3:atemp>30.0</ns3:atemp>
            <ns3:hr>151</ns3:hr>
            <ns3:cad>92</ns3:cad>
          </ns3:TrackPointExtension>
        </extensions>
      </trkpt>
      <trkpt lat="30.900638401508331298828125" lon="121.739407740533351898193359375">
        <ele>6.19999980926513671875</ele>
        <time>2026-09-06T13:54:52.000Z</time>
        <extensions>
          <ns3:TrackPointExtension>
            <ns3:atemp>30.0</ns3:atemp>
            <ns3:hr>151</ns3:hr>
            <ns3:cad>92</ns3:cad>
          </ns3:TrackPointExtension>
        </extensions>
      </trkpt>
      <trkpt lat="30.9006342105567455291748046875" lon="121.73936507664620876312255859375">
        <ele>6.19999980926513671875</ele>
        <time>2026-09-06T13:54:53.000Z</time>
        <extensions>
          <ns3:TrackPointExtension>
            <ns3:atemp>30.0</ns3:atemp>
            <ns3:hr>151</ns3:hr>
            <ns3:cad>92</ns3:cad>
          </ns3:TrackPointExtension>
        </extensions>
      </trkpt>
      <trkpt lat="30.900626666843891143798828125" lon="121.739325262606143951416015625">
        <ele>6.19999980926513671875</ele>
        <time>2026-09-06T13:54:54.000Z</time>
        <extensions>
          <ns3:TrackPointExtension>
            <ns3:atemp>30.0</ns3:atemp>
            <ns3:hr>151</ns3:hr>
            <ns3:cad>92</ns3:cad>
          </ns3:TrackPointExtension>
        </extensions>
      </trkpt>
      <trkpt lat="30.900621302425861358642578125" lon="121.73928561620414257049560546875">
        <ele>6.19999980926513671875</ele>
        <time>2026-09-06T13:54:55.000Z</time>
        <extensions>
          <ns3:TrackPointExtension>
            <ns3:atemp>30.0</ns3:atemp>
            <ns3:hr>151</ns3:hr>
            <ns3:cad>92</ns3:cad>
          </ns3:TrackPointExtension>
        </extensions>
      </trkpt>
      <trkpt lat="30.9006157703697681427001953125" lon="121.73924638889729976654052734375">
        <ele>6.19999980926513671875</ele>
        <time>2026-09-06T13:54:56.000Z</time>
        <extensions>
          <ns3:TrackPointExtension>
            <ns3:atemp>30.0</ns3:atemp>
            <ns3:hr>151</ns3:hr>
            <ns3:cad>92</ns3:cad>
          </ns3:TrackPointExtension>
        </extensions>
      </trkpt>
      <trkpt lat="30.900611579418182373046875" lon="121.73921403475105762481689453125">
        <ele>6.19999980926513671875</ele>
        <time>2026-09-06T13:54:57.000Z</time>
        <extensions>
          <ns3:TrackPointExtension>
            <ns3:atemp>30.0</ns3:atemp>
            <ns3:hr>152</ns3:hr>
            <ns3:cad>91</ns3:cad>
          </ns3:TrackPointExtension>
        </extensions>
      </trkpt>
      <trkpt lat="30.900608561933040618896484375" lon="121.739173047244548797607421875">
        <ele>6.19999980926513671875</ele>
        <time>2026-09-06T13:54:58.000Z</time>
        <extensions>
          <ns3:TrackPointExtension>
            <ns3:atemp>30.0</ns3:atemp>
            <ns3:hr>152</ns3:hr>
            <ns3:cad>91</ns3:cad>
          </ns3:TrackPointExtension>
        </extensions>
      </trkpt>
      <trkpt lat="30.90060495771467685699462890625" lon="121.739142201840877532958984375">
        <ele>6.19999980926513671875</ele>
        <time>2026-09-06T13:54:59.000Z</time>
        <extensions>
          <ns3:TrackPointExtension>
            <ns3:atemp>30.0</ns3:atemp>
            <ns3:hr>153</ns3:hr>
            <ns3:cad>92</ns3:cad>
          </ns3:TrackPointExtension>
        </extensions>
      </trkpt>
      <trkpt lat="30.90060713700950145721435546875" lon="121.739096939563751220703125">
        <ele>6.19999980926513671875</ele>
        <time>2026-09-06T13:55:00.000Z</time>
        <extensions>
          <ns3:TrackPointExtension>
            <ns3:atemp>30.0</ns3:atemp>
            <ns3:hr>153</ns3:hr>
            <ns3:cad>94</ns3:cad>
          </ns3:TrackPointExtension>
        </extensions>
      </trkpt>
      <trkpt lat="30.90060227550566196441650390625" lon="121.73906718380749225616455078125">
        <ele>6.19999980926513671875</ele>
        <time>2026-09-06T13:55:01.000Z</time>
        <extensions>
          <ns3:TrackPointExtension>
            <ns3:atemp>30.0</ns3:atemp>
            <ns3:hr>153</ns3:hr>
            <ns3:cad>94</ns3:cad>
          </ns3:TrackPointExtension>
        </extensions>
      </trkpt>
      <trkpt lat="30.900601185858249664306640625" lon="121.73902242444455623626708984375">
        <ele>6.19999980926513671875</ele>
        <time>2026-09-06T13:55:02.000Z</time>
        <extensions>
          <ns3:TrackPointExtension>
            <ns3:atemp>30.0</ns3:atemp>
            <ns3:hr>154</ns3:hr>
            <ns3:cad>94</ns3:cad>
          </ns3:TrackPointExtension>
        </extensions>
      </trkpt>
      <trkpt lat="30.900595821440219879150390625" lon="121.73899191431701183319091796875">
        <ele>6.19999980926513671875</ele>
        <time>2026-09-06T13:55:03.000Z</time>
        <extensions>
          <ns3:TrackPointExtension>
            <ns3:atemp>30.0</ns3:atemp>
            <ns3:hr>155</ns3:hr>
            <ns3:cad>92</ns3:cad>
          </ns3:TrackPointExtension>
        </extensions>
      </trkpt>
      <trkpt lat="30.9005919657647609710693359375" lon="121.7389529384672641754150390625">
        <ele>6.19999980926513671875</ele>
        <time>2026-09-06T13:55:04.000Z</time>
        <extensions>
          <ns3:TrackPointExtension>
            <ns3:atemp>30.0</ns3:atemp>
            <ns3:hr>156</ns3:hr>
            <ns3:cad>91</ns3:cad>
          </ns3:TrackPointExtension>
        </extensions>
      </trkpt>
      <trkpt lat="30.9005906246602535247802734375" lon="121.73891848884522914886474609375">
        <ele>6.400000095367431640625</ele>
        <time>2026-09-06T13:55:05.000Z</time>
        <extensions>
          <ns3:TrackPointExtension>
            <ns3:atemp>30.0</ns3:atemp>
            <ns3:hr>156</ns3:hr>
            <ns3:cad>91</ns3:cad>
          </ns3:TrackPointExtension>
        </extensions>
      </trkpt>
      <trkpt lat="30.90059003792703151702880859375" lon="121.738880686461925506591796875">
        <ele>6.19999980926513671875</ele>
        <time>2026-09-06T13:55:06.000Z</time>
        <extensions>
          <ns3:TrackPointExtension>
            <ns3:atemp>30.0</ns3:atemp>
            <ns3:hr>157</ns3:hr>
            <ns3:cad>91</ns3:cad>
          </ns3:TrackPointExtension>
        </extensions>
      </trkpt>
      <trkpt lat="30.9005882777273654937744140625" lon="121.73885076306760311126708984375">
        <ele>6.19999980926513671875</ele>
        <time>2026-09-06T13:55:07.000Z</time>
        <extensions>
          <ns3:TrackPointExtension>
            <ns3:atemp>30.0</ns3:atemp>
            <ns3:hr>157</ns3:hr>
            <ns3:cad>92</ns3:cad>
          </ns3:TrackPointExtension>
        </extensions>
      </trkpt>
      <trkpt lat="30.9005855955183506011962890625" lon="121.73881421796977519989013671875">
        <ele>6.19999980926513671875</ele>
        <time>2026-09-06T13:55:08.000Z</time>
        <extensions>
          <ns3:TrackPointExtension>
            <ns3:atemp>30.0</ns3:atemp>
            <ns3:hr>158</ns3:hr>
            <ns3:cad>92</ns3:cad>
          </ns3:TrackPointExtension>
        </extensions>
      </trkpt>
      <trkpt lat="30.9005802311003208160400390625" lon="121.7387759126722812652587890625">
        <ele>6.19999980926513671875</ele>
        <time>2026-09-06T13:55:09.000Z</time>
        <extensions>
          <ns3:TrackPointExtension>
            <ns3:atemp>30.0</ns3:atemp>
            <ns3:hr>158</ns3:hr>
            <ns3:cad>92</ns3:cad>
          </ns3:TrackPointExtension>
        </extensions>
      </trkpt>
      <trkpt lat="30.90058031491935253143310546875" lon="121.73874297179281711578369140625">
        <ele>6.19999980926513671875</ele>
        <time>2026-09-06T13:55:10.000Z</time>
        <extensions>
          <ns3:TrackPointExtension>
            <ns3:atemp>30.0</ns3:atemp>
            <ns3:hr>159</ns3:hr>
            <ns3:cad>92</ns3:cad>
          </ns3:TrackPointExtension>
        </extensions>
      </trkpt>
      <trkpt lat="30.90057872235774993896484375" lon="121.73870340920984745025634765625">
        <ele>6.19999980926513671875</ele>
        <time>2026-09-06T13:55:11.000Z</time>
        <extensions>
          <ns3:TrackPointExtension>
            <ns3:atemp>30.0</ns3:atemp>
            <ns3:hr>159</ns3:hr>
            <ns3:cad>93</ns3:cad>
          </ns3:TrackPointExtension>
        </extensions>
      </trkpt>
      <trkpt lat="30.900577716529369354248046875" lon="121.7386733181774616241455078125">
        <ele>6.19999980926513671875</ele>
        <time>2026-09-06T13:55:12.000Z</time>
        <extensions>
          <ns3:TrackPointExtension>
            <ns3:atemp>30.0</ns3:atemp>
            <ns3:hr>160</ns3:hr>
            <ns3:cad>93</ns3:cad>
          </ns3:TrackPointExtension>
        </extensions>
      </trkpt>
      <trkpt lat="30.9005788899958133697509765625" lon="121.73863467760384082794189453125">
        <ele>6.19999980926513671875</ele>
        <time>2026-09-06T13:55:13.000Z</time>
        <extensions>
          <ns3:TrackPointExtension>
            <ns3:atemp>30.0</ns3:atemp>
            <ns3:hr>161</ns3:hr>
            <ns3:cad>93</ns3:cad>
          </ns3:TrackPointExtension>
        </extensions>
      </trkpt>
      <trkpt lat="30.9005832485854625701904296875" lon="121.73860534094274044036865234375">
        <ele>6.19999980926513671875</ele>
        <time>2026-09-06T13:55:14.000Z</time>
        <extensions>
          <ns3:TrackPointExtension>
            <ns3:atemp>30.0</ns3:atemp>
            <ns3:hr>161</ns3:hr>
            <ns3:cad>93</ns3:cad>
          </ns3:TrackPointExtension>
        </extensions>
      </trkpt>
      <trkpt lat="30.9005819074809551239013671875" lon="121.73856259323656558990478515625">
        <ele>6</ele>
        <time>2026-09-06T13:55:15.000Z</time>
        <extensions>
          <ns3:TrackPointExtension>
            <ns3:atemp>30.0</ns3:atemp>
            <ns3:hr>162</ns3:hr>
            <ns3:cad>92</ns3:cad>
          </ns3:TrackPointExtension>
        </extensions>
      </trkpt>
      <trkpt lat="30.90057763271033763885498046875" lon="121.73853300511837005615234375">
        <ele>6</ele>
        <time>2026-09-06T13:55:16.000Z</time>
        <extensions>
          <ns3:TrackPointExtension>
            <ns3:atemp>30.0</ns3:atemp>
            <ns3:hr>163</ns3:hr>
            <ns3:cad>92</ns3:cad>
          </ns3:TrackPointExtension>
        </extensions>
      </trkpt>
      <trkpt lat="30.9005718491971492767333984375" lon="121.738499812781810760498046875">
        <ele>6.19999980926513671875</ele>
        <time>2026-09-06T13:55:17.000Z</time>
        <extensions>
          <ns3:TrackPointExtension>
            <ns3:atemp>30.0</ns3:atemp>
            <ns3:hr>163</ns3:hr>
            <ns3:cad>92</ns3:cad>
          </ns3:TrackPointExtension>
        </extensions>
      </trkpt>
      <trkpt lat="30.900571681559085845947265625" lon="121.7384674586355686187744140625">
        <ele>6.19999980926513671875</ele>
        <time>2026-09-06T13:55:18.000Z</time>
        <extensions>
          <ns3:TrackPointExtension>
            <ns3:atemp>30.0</ns3:atemp>
            <ns3:hr>164</ns3:hr>
            <ns3:cad>93</ns3:cad>
          </ns3:TrackPointExtension>
        </extensions>
      </trkpt>
      <trkpt lat="30.9005753695964813232421875" lon="121.7384275607764720916748046875">
        <ele>6</ele>
        <time>2026-09-06T13:55:19.000Z</time>
        <extensions>
          <ns3:TrackPointExtension>
            <ns3:atemp>30.0</ns3:atemp>
            <ns3:hr>164</ns3:hr>
            <ns3:cad>93</ns3:cad>
          </ns3:TrackPointExtension>
        </extensions>
      </trkpt>
      <trkpt lat="30.90057226829230785369873046875" lon="121.7383947037160396575927734375">
        <ele>6</ele>
        <time>2026-09-06T13:55:20.000Z</time>
        <extensions>
          <ns3:TrackPointExtension>
            <ns3:atemp>30.0</ns3:atemp>
            <ns3:hr>165</ns3:hr>
            <ns3:cad>91</ns3:cad>
          </ns3:TrackPointExtension>
        </extensions>
      </trkpt>
      <trkpt lat="30.9005711786448955535888671875" lon="121.7383558116853237152099609375">
        <ele>6</ele>
        <time>2026-09-06T13:55:21.000Z</time>
        <extensions>
          <ns3:TrackPointExtension>
            <ns3:atemp>30.0</ns3:atemp>
            <ns3:hr>165</ns3:hr>
            <ns3:cad>91</ns3:cad>
          </ns3:TrackPointExtension>
        </extensions>
      </trkpt>
      <trkpt lat="30.900574028491973876953125" lon="121.73832722939550876617431640625">
        <ele>6</ele>
        <time>2026-09-06T13:55:22.000Z</time>
        <extensions>
          <ns3:TrackPointExtension>
            <ns3:atemp>30.0</ns3:atemp>
            <ns3:hr>166</ns3:hr>
            <ns3:cad>92</ns3:cad>
          </ns3:TrackPointExtension>
        </extensions>
      </trkpt>
      <trkpt lat="30.90057595632970333099365234375" lon="121.73829169012606143951416015625">
        <ele>6</ele>
        <time>2026-09-06T13:55:23.000Z</time>
        <extensions>
          <ns3:TrackPointExtension>
            <ns3:atemp>30.0</ns3:atemp>
            <ns3:hr>166</ns3:hr>
            <ns3:cad>93</ns3:cad>
          </ns3:TrackPointExtension>
        </extensions>
      </trkpt>
      <trkpt lat="30.9005700051784515380859375" lon="121.73825548030436038970947265625">
        <ele>6</ele>
        <time>2026-09-06T13:55:24.000Z</time>
        <extensions>
          <ns3:TrackPointExtension>
            <ns3:atemp>30.0</ns3:atemp>
            <ns3:hr>167</ns3:hr>
            <ns3:cad>93</ns3:cad>
          </ns3:TrackPointExtension>
        </extensions>
      </trkpt>
      <trkpt lat="30.90056036598980426788330078125" lon="121.7382210306823253631591796875">
        <ele>6</ele>
        <time>2026-09-06T13:55:25.000Z</time>
        <extensions>
          <ns3:TrackPointExtension>
            <ns3:atemp>30.0</ns3:atemp>
            <ns3:hr>167</ns3:hr>
            <ns3:cad>90</ns3:cad>
          </ns3:TrackPointExtension>
        </extensions>
      </trkpt>
      <trkpt lat="30.9005584381520748138427734375" lon="121.738190017640590667724609375">
        <ele>6</ele>
        <time>2026-09-06T13:55:26.000Z</time>
        <extensions>
          <ns3:TrackPointExtension>
            <ns3:atemp>30.0</ns3:atemp>
            <ns3:hr>168</ns3:hr>
            <ns3:cad>90</ns3:cad>
          </ns3:TrackPointExtension>
        </extensions>
      </trkpt>
      <trkpt lat="30.900560952723026275634765625" lon="121.7381472699344158172607421875">
        <ele>6</ele>
        <time>2026-09-06T13:55:27.000Z</time>
        <extensions>
          <ns3:TrackPointExtension>
            <ns3:atemp>30.0</ns3:atemp>
            <ns3:hr>168</ns3:hr>
            <ns3:cad>92</ns3:cad>
          </ns3:TrackPointExtension>
        </extensions>
      </trkpt>
      <trkpt lat="30.90055969543755054473876953125" lon="121.738111563026905059814453125">
        <ele>6</ele>
        <time>2026-09-06T13:55:28.000Z</time>
        <extensions>
          <ns3:TrackPointExtension>
            <ns3:atemp>30.0</ns3:atemp>
            <ns3:hr>169</ns3:hr>
            <ns3:cad>93</ns3:cad>
          </ns3:TrackPointExtension>
        </extensions>
      </trkpt>
      <trkpt lat="30.90055064298212528228759765625" lon="121.7380790412425994873046875">
        <ele>6</ele>
        <time>2026-09-06T13:55:29.000Z</time>
        <extensions>
          <ns3:TrackPointExtension>
            <ns3:atemp>30.0</ns3:atemp>
            <ns3:hr>169</ns3:hr>
            <ns3:cad>93</ns3:cad>
          </ns3:TrackPointExtension>
        </extensions>
      </trkpt>
      <trkpt lat="30.900546200573444366455078125" lon="121.7380414903163909912109375">
        <ele>6</ele>
        <time>2026-09-06T13:55:30.000Z</time>
        <extensions>
          <ns3:TrackPointExtension>
            <ns3:atemp>30.0</ns3:atemp>
            <ns3:hr>170</ns3:hr>
            <ns3:cad>91</ns3:cad>
          </ns3:TrackPointExtension>
        </extensions>
      </trkpt>
      <trkpt lat="30.90054117143154144287109375" lon="121.73801676370203495025634765625">
        <ele>6</ele>
        <time>2026-09-06T13:55:31.000Z</time>
        <extensions>
          <ns3:TrackPointExtension>
            <ns3:atemp>30.0</ns3:atemp>
            <ns3:hr>170</ns3:hr>
            <ns3:cad>90</ns3:cad>
          </ns3:TrackPointExtension>
        </extensions>
      </trkpt>
      <trkpt lat="30.9005391597747802734375" lon="121.737981140613555908203125">
        <ele>6</ele>
        <time>2026-09-06T13:55:32.000Z</time>
        <extensions>
          <ns3:TrackPointExtension>
            <ns3:atemp>30.0</ns3:atemp>
            <ns3:hr>170</ns3:hr>
            <ns3:cad>90</ns3:cad>
          </ns3:TrackPointExtension>
        </extensions>
      </trkpt>
      <trkpt lat="30.9005353040993213653564453125" lon="121.73795096576213836669921875">
        <ele>6</ele>
        <time>2026-09-06T13:55:33.000Z</time>
        <extensions>
          <ns3:TrackPointExtension>
            <ns3:atemp>30.0</ns3:atemp>
            <ns3:hr>171</ns3:hr>
            <ns3:cad>90</ns3:cad>
          </ns3:TrackPointExtension>
        </extensions>
      </trkpt>
      <trkpt lat="30.90053086169064044952392578125" lon="121.7379142530262470245361328125">
        <ele>6</ele>
        <time>2026-09-06T13:55:34.000Z</time>
        <extensions>
          <ns3:TrackPointExtension>
            <ns3:atemp>30.0</ns3:atemp>
            <ns3:hr>171</ns3:hr>
            <ns3:cad>90</ns3:cad>
          </ns3:TrackPointExtension>
        </extensions>
      </trkpt>
      <trkpt lat="30.900530107319355010986328125" lon="121.73788365907967090606689453125">
        <ele>6</ele>
        <time>2026-09-06T13:55:35.000Z</time>
        <extensions>
          <ns3:TrackPointExtension>
            <ns3:atemp>30.0</ns3:atemp>
            <ns3:hr>172</ns3:hr>
            <ns3:cad>90</ns3:cad>
          </ns3:TrackPointExtension>
        </extensions>
      </trkpt>
      <trkpt lat="30.9005356393754482269287109375" lon="121.7378502152860164642333984375">
        <ele>6</ele>
        <time>2026-09-06T13:55:36.000Z</time>
        <extensions>
          <ns3:TrackPointExtension>
            <ns3:atemp>30.0</ns3:atemp>
            <ns3:hr>172</ns3:hr>
            <ns3:cad>90</ns3:cad>
          </ns3:TrackPointExtension>
        </extensions>
      </trkpt>
      <trkpt lat="30.90053907595574855804443359375" lon="121.73781744204461574554443359375">
        <ele>5.80000019073486328125</ele>
        <time>2026-09-06T13:55:37.000Z</time>
        <extensions>
          <ns3:TrackPointExtension>
            <ns3:atemp>30.0</ns3:atemp>
            <ns3:hr>172</ns3:hr>
            <ns3:cad>90</ns3:cad>
          </ns3:TrackPointExtension>
        </extensions>
      </trkpt>
      <trkpt lat="30.900544188916683197021484375" lon="121.73778332769870758056640625">
        <ele>5.80000019073486328125</ele>
        <time>2026-09-06T13:55:38.000Z</time>
        <extensions>
          <ns3:TrackPointExtension>
            <ns3:atemp>30.0</ns3:atemp>
            <ns3:hr>172</ns3:hr>
            <ns3:cad>90</ns3:cad>
          </ns3:TrackPointExtension>
        </extensions>
      </trkpt>
      <trkpt lat="30.90053857304155826568603515625" lon="121.7377526499330997467041015625">
        <ele>5.80000019073486328125</ele>
        <time>2026-09-06T13:55:39.000Z</time>
        <extensions>
          <ns3:TrackPointExtension>
            <ns3:atemp>30.0</ns3:atemp>
            <ns3:hr>173</ns3:hr>
            <ns3:cad>90</ns3:cad>
          </ns3:TrackPointExtension>
        </extensions>
      </trkpt>
      <trkpt lat="30.90054175816476345062255859375" lon="121.737711913883686065673828125">
        <ele>6</ele>
        <time>2026-09-06T13:55:40.000Z</time>
        <extensions>
          <ns3:TrackPointExtension>
            <ns3:atemp>30.0</ns3:atemp>
            <ns3:hr>173</ns3:hr>
            <ns3:cad>90</ns3:cad>
          </ns3:TrackPointExtension>
        </extensions>
      </trkpt>
      <trkpt lat="30.9005373157560825347900390625" lon="121.73768349923193454742431640625">
        <ele>6</ele>
        <time>2026-09-06T13:55:41.000Z</time>
        <extensions>
          <ns3:TrackPointExtension>
            <ns3:atemp>30.0</ns3:atemp>
            <ns3:hr>173</ns3:hr>
            <ns3:cad>90</ns3:cad>
          </ns3:TrackPointExtension>
        </extensions>
      </trkpt>
      <trkpt lat="30.90054008178412914276123046875" lon="121.73763924278318881988525390625">
        <ele>6</ele>
        <time>2026-09-06T13:55:42.000Z</time>
        <extensions>
          <ns3:TrackPointExtension>
            <ns3:atemp>30.0</ns3:atemp>
            <ns3:hr>174</ns3:hr>
            <ns3:cad>90</ns3:cad>
          </ns3:TrackPointExtension>
        </extensions>
      </trkpt>
      <trkpt lat="30.9005306102335453033447265625" lon="121.737607307732105255126953125">
        <ele>6</ele>
        <time>2026-09-06T13:55:43.000Z</time>
        <extensions>
          <ns3:TrackPointExtension>
            <ns3:atemp>30.0</ns3:atemp>
            <ns3:hr>174</ns3:hr>
            <ns3:cad>91</ns3:cad>
          </ns3:TrackPointExtension>
        </extensions>
      </trkpt>
      <trkpt lat="30.90053019113838672637939453125" lon="121.737567745149135589599609375">
        <ele>6</ele>
        <time>2026-09-06T13:55:44.000Z</time>
        <extensions>
          <ns3:TrackPointExtension>
            <ns3:atemp>30.0</ns3:atemp>
            <ns3:hr>174</ns3:hr>
            <ns3:cad>92</ns3:cad>
          </ns3:TrackPointExtension>
        </extensions>
      </trkpt>
      <trkpt lat="30.9005262516438961029052734375" lon="121.737537570297718048095703125">
        <ele>6</ele>
        <time>2026-09-06T13:55:45.000Z</time>
        <extensions>
          <ns3:TrackPointExtension>
            <ns3:atemp>30.0</ns3:atemp>
            <ns3:hr>175</ns3:hr>
            <ns3:cad>93</ns3:cad>
          </ns3:TrackPointExtension>
        </extensions>
      </trkpt>
      <trkpt lat="30.90052449144423007965087890625" lon="121.7374951578676700592041015625">
        <ele>6</ele>
        <time>2026-09-06T13:55:46.000Z</time>
        <extensions>
          <ns3:TrackPointExtension>
            <ns3:atemp>30.0</ns3:atemp>
            <ns3:hr>175</ns3:hr>
            <ns3:cad>93</ns3:cad>
          </ns3:TrackPointExtension>
        </extensions>
      </trkpt>
      <trkpt lat="30.9005178697407245635986328125" lon="121.73746439628303050994873046875">
        <ele>6</ele>
        <time>2026-09-06T13:55:47.000Z</time>
        <extensions>
          <ns3:TrackPointExtension>
            <ns3:atemp>30.0</ns3:atemp>
            <ns3:hr>175</ns3:hr>
            <ns3:cad>93</ns3:cad>
          </ns3:TrackPointExtension>
        </extensions>
      </trkpt>
      <trkpt lat="30.900518707931041717529296875" lon="121.737423241138458251953125">
        <ele>6</ele>
        <time>2026-09-06T13:55:48.000Z</time>
        <extensions>
          <ns3:TrackPointExtension>
            <ns3:atemp>30.0</ns3:atemp>
            <ns3:hr>176</ns3:hr>
            <ns3:cad>91</ns3:cad>
          </ns3:TrackPointExtension>
        </extensions>
      </trkpt>
      <trkpt lat="30.90050898492336273193359375" lon="121.73739465884864330291748046875">
        <ele>6</ele>
        <time>2026-09-06T13:55:49.000Z</time>
        <extensions>
          <ns3:TrackPointExtension>
            <ns3:atemp>30.0</ns3:atemp>
            <ns3:hr>176</ns3:hr>
            <ns3:cad>91</ns3:cad>
          </ns3:TrackPointExtension>
        </extensions>
      </trkpt>
      <trkpt lat="30.90050672180950641632080078125" lon="121.7373573593795299530029296875">
        <ele>6</ele>
        <time>2026-09-06T13:55:50.000Z</time>
        <extensions>
          <ns3:TrackPointExtension>
            <ns3:atemp>30.0</ns3:atemp>
            <ns3:hr>176</ns3:hr>
            <ns3:cad>91</ns3:cad>
          </ns3:TrackPointExtension>
        </extensions>
      </trkpt>
      <trkpt lat="30.900505967438220977783203125" lon="121.73732743598520755767822265625">
        <ele>6</ele>
        <time>2026-09-06T13:55:51.000Z</time>
        <extensions>
          <ns3:TrackPointExtension>
            <ns3:atemp>30.0</ns3:atemp>
            <ns3:hr>177</ns3:hr>
            <ns3:cad>90</ns3:cad>
          </ns3:TrackPointExtension>
        </extensions>
      </trkpt>
      <trkpt lat="30.9005071409046649932861328125" lon="121.73729709349572658538818359375">
        <ele>6</ele>
        <time>2026-09-06T13:55:52.000Z</time>
        <extensions>
          <ns3:TrackPointExtension>
            <ns3:atemp>30.0</ns3:atemp>
            <ns3:hr>177</ns3:hr>
            <ns3:cad>90</ns3:cad>
          </ns3:TrackPointExtension>
        </extensions>
      </trkpt>
      <trkpt lat="30.90050521306693553924560546875" lon="121.7372664995491504669189453125">
        <ele>6</ele>
        <time>2026-09-06T13:55:53.000Z</time>
        <extensions>
          <ns3:TrackPointExtension>
            <ns3:atemp>30.0</ns3:atemp>
            <ns3:hr>177</ns3:hr>
            <ns3:cad>90</ns3:cad>
          </ns3:TrackPointExtension>
        </extensions>
      </trkpt>
      <trkpt lat="30.9005047939717769622802734375" lon="121.73723255284130573272705078125">
        <ele>5.80000019073486328125</ele>
        <time>2026-09-06T13:55:54.000Z</time>
        <extensions>
          <ns3:TrackPointExtension>
            <ns3:atemp>30.0</ns3:atemp>
            <ns3:hr>178</ns3:hr>
            <ns3:cad>90</ns3:cad>
          </ns3:TrackPointExtension>
        </extensions>
      </trkpt>
      <trkpt lat="30.90050152502954006195068359375" lon="121.7371994443237781524658203125">
        <ele>6</ele>
        <time>2026-09-06T13:55:55.000Z</time>
        <extensions>
          <ns3:TrackPointExtension>
            <ns3:atemp>30.0</ns3:atemp>
            <ns3:hr>178</ns3:hr>
            <ns3:cad>91</ns3:cad>
          </ns3:TrackPointExtension>
        </extensions>
      </trkpt>
      <trkpt lat="30.90050001628696918487548828125" lon="121.737160719931125640869140625">
        <ele>6</ele>
        <time>2026-09-06T13:55:56.000Z</time>
        <extensions>
          <ns3:TrackPointExtension>
            <ns3:atemp>30.0</ns3:atemp>
            <ns3:hr>179</ns3:hr>
            <ns3:cad>92</ns3:cad>
          </ns3:TrackPointExtension>
        </extensions>
      </trkpt>
      <trkpt lat="30.9005002677440643310546875" lon="121.737125180661678314208984375">
        <ele>6</ele>
        <time>2026-09-06T13:55:57.000Z</time>
        <extensions>
          <ns3:TrackPointExtension>
            <ns3:atemp>30.0</ns3:atemp>
            <ns3:hr>179</ns3:hr>
            <ns3:cad>91</ns3:cad>
          </ns3:TrackPointExtension>
        </extensions>
      </trkpt>
      <trkpt lat="30.9005041234195232391357421875" lon="121.73708519898355007171630859375">
        <ele>6</ele>
        <time>2026-09-06T13:55:58.000Z</time>
        <extensions>
          <ns3:TrackPointExtension>
            <ns3:atemp>30.0</ns3:atemp>
            <ns3:hr>179</ns3:hr>
            <ns3:cad>91</ns3:cad>
          </ns3:TrackPointExtension>
        </extensions>
      </trkpt>
      <trkpt lat="30.90050160884857177734375" lon="121.73704831860959529876708984375">
        <ele>6.19999980926513671875</ele>
        <time>2026-09-06T13:55:59.000Z</time>
        <extensions>
          <ns3:TrackPointExtension>
            <ns3:atemp>30.0</ns3:atemp>
            <ns3:hr>180</ns3:hr>
            <ns3:cad>91</ns3:cad>
          </ns3:TrackPointExtension>
        </extensions>
      </trkpt>
      <trkpt lat="30.90049833990633487701416015625" lon="121.73700858838856220245361328125">
        <ele>6.19999980926513671875</ele>
        <time>2026-09-06T13:56:00.000Z</time>
        <extensions>
          <ns3:TrackPointExtension>
            <ns3:atemp>30.0</ns3:atemp>
            <ns3:hr>180</ns3:hr>
            <ns3:cad>91</ns3:cad>
          </ns3:TrackPointExtension>
        </extensions>
      </trkpt>
      <trkpt lat="30.90049155056476593017578125" lon="121.7369741387665271759033203125">
        <ele>6.19999980926513671875</ele>
        <time>2026-09-06T13:56:01.000Z</time>
        <extensions>
          <ns3:TrackPointExtension>
            <ns3:atemp>30.0</ns3:atemp>
            <ns3:hr>181</ns3:hr>
            <ns3:cad>90</ns3:cad>
          </ns3:TrackPointExtension>
        </extensions>
      </trkpt>
      <trkpt lat="30.90049029327929019927978515625" lon="121.73693650402128696441650390625">
        <ele>6.19999980926513671875</ele>
        <time>2026-09-06T13:56:02.000Z</time>
        <extensions>
          <ns3:TrackPointExtension>
            <ns3:atemp>30.0</ns3:atemp>
            <ns3:hr>181</ns3:hr>
            <ns3:cad>90</ns3:cad>
          </ns3:TrackPointExtension>
        </extensions>
      </trkpt>
      <trkpt lat="30.90048191137611865997314453125" lon="121.73690381459891796112060546875">
        <ele>6.19999980926513671875</ele>
        <time>2026-09-06T13:56:03.000Z</time>
        <extensions>
          <ns3:TrackPointExtension>
            <ns3:atemp>30.0</ns3:atemp>
            <ns3:hr>182</ns3:hr>
            <ns3:cad>90</ns3:cad>
          </ns3:TrackPointExtension>
        </extensions>
      </trkpt>
      <trkpt lat="30.90047973208129405975341796875" lon="121.73686626367270946502685546875">
        <ele>6.19999980926513671875</ele>
        <time>2026-09-06T13:56:04.000Z</time>
        <extensions>
          <ns3:TrackPointExtension>
            <ns3:atemp>30.0</ns3:atemp>
            <ns3:hr>182</ns3:hr>
            <ns3:cad>90</ns3:cad>
          </ns3:TrackPointExtension>
        </extensions>
      </trkpt>
      <trkpt lat="30.900475122034549713134765625" lon="121.73682837747037410736083984375">
        <ele>6.19999980926513671875</ele>
        <time>2026-09-06T13:56:05.000Z</time>
        <extensions>
          <ns3:TrackPointExtension>
            <ns3:atemp>30.0</ns3:atemp>
            <ns3:hr>182</ns3:hr>
            <ns3:cad>90</ns3:cad>
          </ns3:TrackPointExtension>
        </extensions>
      </trkpt>
      <trkpt lat="30.90046917088329792022705078125" lon="121.73679568804800510406494140625">
        <ele>6.19999980926513671875</ele>
        <time>2026-09-06T13:56:06.000Z</time>
        <extensions>
          <ns3:TrackPointExtension>
            <ns3:atemp>30.0</ns3:atemp>
            <ns3:hr>183</ns3:hr>
            <ns3:cad>90</ns3:cad>
          </ns3:TrackPointExtension>
        </extensions>
      </trkpt>
      <trkpt lat="30.9004689194262027740478515625" lon="121.73675897531211376190185546875">
        <ele>6.19999980926513671875</ele>
        <time>2026-09-06T13:56:07.000Z</time>
        <extensions>
          <ns3:TrackPointExtension>
            <ns3:atemp>30.0</ns3:atemp>
            <ns3:hr>183</ns3:hr>
            <ns3:cad>90</ns3:cad>
          </ns3:TrackPointExtension>
        </extensions>
      </trkpt>
      <trkpt lat="30.9004675783216953277587890625" lon="121.73672293312847614288330078125">
        <ele>6.400000095367431640625</ele>
        <time>2026-09-06T13:56:08.000Z</time>
        <extensions>
          <ns3:TrackPointExtension>
            <ns3:atemp>30.0</ns3:atemp>
            <ns3:hr>184</ns3:hr>
            <ns3:cad>90</ns3:cad>
          </ns3:TrackPointExtension>
        </extensions>
      </trkpt>
      <trkpt lat="30.90046648867428302764892578125" lon="121.73669141717255115509033203125">
        <ele>6.400000095367431640625</ele>
        <time>2026-09-06T13:56:09.000Z</time>
        <extensions>
          <ns3:TrackPointExtension>
            <ns3:atemp>30.0</ns3:atemp>
            <ns3:hr>184</ns3:hr>
            <ns3:cad>90</ns3:cad>
          </ns3:TrackPointExtension>
        </extensions>
      </trkpt>
      <trkpt lat="30.90047017671167850494384765625" lon="121.736652441322803497314453125">
        <ele>6.400000095367431640625</ele>
        <time>2026-09-06T13:56:10.000Z</time>
        <extensions>
          <ns3:TrackPointExtension>
            <ns3:atemp>30.0</ns3:atemp>
            <ns3:hr>186</ns3:hr>
            <ns3:cad>90</ns3:cad>
          </ns3:TrackPointExtension>
        </extensions>
      </trkpt>
      <trkpt lat="30.9004734456539154052734375" lon="121.7366143874824047088623046875">
        <ele>6.400000095367431640625</ele>
        <time>2026-09-06T13:56:11.000Z</time>
        <extensions>
          <ns3:TrackPointExtension>
            <ns3:atemp>30.0</ns3:atemp>
            <ns3:hr>187</ns3:hr>
            <ns3:cad>90</ns3:cad>
          </ns3:TrackPointExtension>
        </extensions>
      </trkpt>
      <trkpt lat="30.900477468967437744140625" lon="121.7365778423845767974853515625">
        <ele>6.400000095367431640625</ele>
        <time>2026-09-06T13:56:12.000Z</time>
        <extensions>
          <ns3:TrackPointExtension>
            <ns3:atemp>30.0</ns3:atemp>
            <ns3:hr>187</ns3:hr>
            <ns3:cad>90</ns3:cad>
          </ns3:TrackPointExtension>
        </extensions>
      </trkpt>
      <trkpt lat="30.900479145348072052001953125" lon="121.7365396209061145782470703125">
        <ele>6.400000095367431640625</ele>
        <time>2026-09-06T13:56:13.000Z</time>
        <extensions>
          <ns3:TrackPointExtension>
            <ns3:atemp>30.0</ns3:atemp>
            <ns3:hr>188</ns3:hr>
            <ns3:cad>90</ns3:cad>
          </ns3:TrackPointExtension>
        </extensions>
      </trkpt>
      <trkpt lat="30.900477133691310882568359375" lon="121.736500896513462066650390625">
        <ele>6.400000095367431640625</ele>
        <time>2026-09-06T13:56:14.000Z</time>
        <extensions>
          <ns3:TrackPointExtension>
            <ns3:atemp>30.0</ns3:atemp>
            <ns3:hr>188</ns3:hr>
            <ns3:cad>90</ns3:cad>
          </ns3:TrackPointExtension>
        </extensions>
      </trkpt>
      <trkpt lat="30.900473780930042266845703125" lon="121.73646326176822185516357421875">
        <ele>6.400000095367431640625</ele>
        <time>2026-09-06T13:56:15.000Z</time>
        <extensions>
          <ns3:TrackPointExtension>
            <ns3:atemp>30.0</ns3:atemp>
            <ns3:hr>188</ns3:hr>
            <ns3:cad>90</ns3:cad>
          </ns3:TrackPointExtension>
        </extensions>
      </trkpt>
      <trkpt lat="30.90047704987227916717529296875" lon="121.7364241182804107666015625">
        <ele>6.599999904632568359375</ele>
        <time>2026-09-06T13:56:16.000Z</time>
        <extensions>
          <ns3:TrackPointExtension>
            <ns3:atemp>30.0</ns3:atemp>
            <ns3:hr>187</ns3:hr>
            <ns3:cad>90</ns3:cad>
          </ns3:TrackPointExtension>
        </extensions>
      </trkpt>
      <trkpt lat="30.9004796482622623443603515625" lon="121.73639050684869289398193359375">
        <ele>6.599999904632568359375</ele>
        <time>2026-09-06T13:56:17.000Z</time>
        <extensions>
          <ns3:TrackPointExtension>
            <ns3:atemp>30.0</ns3:atemp>
            <ns3:hr>188</ns3:hr>
            <ns3:cad>91</ns3:cad>
          </ns3:TrackPointExtension>
        </extensions>
      </trkpt>
      <trkpt lat="30.90047956444323062896728515625" lon="121.73635664395987987518310546875">
        <ele>6.400000095367431640625</ele>
        <time>2026-09-06T13:56:18.000Z</time>
        <extensions>
          <ns3:TrackPointExtension>
            <ns3:atemp>30.0</ns3:atemp>
            <ns3:hr>188</ns3:hr>
            <ns3:cad>90</ns3:cad>
          </ns3:TrackPointExtension>
        </extensions>
      </trkpt>
      <trkpt lat="30.90048107318580150604248046875" lon="121.73632445745170116424560546875">
        <ele>6.400000095367431640625</ele>
        <time>2026-09-06T13:56:19.000Z</time>
        <extensions>
          <ns3:TrackPointExtension>
            <ns3:atemp>30.0</ns3:atemp>
            <ns3:hr>188</ns3:hr>
            <ns3:cad>90</ns3:cad>
          </ns3:TrackPointExtension>
        </extensions>
      </trkpt>
      <trkpt lat="30.90047939680516719818115234375" lon="121.7362935282289981842041015625">
        <ele>6.400000095367431640625</ele>
        <time>2026-09-06T13:56:20.000Z</time>
        <extensions>
          <ns3:TrackPointExtension>
            <ns3:atemp>30.0</ns3:atemp>
            <ns3:hr>188</ns3:hr>
            <ns3:cad>89</ns3:cad>
          </ns3:TrackPointExtension>
        </extensions>
      </trkpt>
      <trkpt lat="30.9004789777100086212158203125" lon="121.73625974915921688079833984375">
        <ele>6.400000095367431640625</ele>
        <time>2026-09-06T13:56:21.000Z</time>
        <extensions>
          <ns3:TrackPointExtension>
            <ns3:atemp>30.0</ns3:atemp>
            <ns3:hr>188</ns3:hr>
            <ns3:cad>89</ns3:cad>
          </ns3:TrackPointExtension>
        </extensions>
      </trkpt>
      <trkpt lat="30.90047587640583515167236328125" lon="121.73622907139360904693603515625">
        <ele>6.400000095367431640625</ele>
        <time>2026-09-06T13:56:22.000Z</time>
        <extensions>
          <ns3:TrackPointExtension>
            <ns3:atemp>30.0</ns3:atemp>
            <ns3:hr>187</ns3:hr>
            <ns3:cad>89</ns3:cad>
          </ns3:TrackPointExtension>
        </extensions>
      </trkpt>
      <trkpt lat="30.90047319419682025909423828125" lon="121.73618900589644908905029296875">
        <ele>6.599999904632568359375</ele>
        <time>2026-09-06T13:56:23.000Z</time>
        <extensions>
          <ns3:TrackPointExtension>
            <ns3:atemp>30.0</ns3:atemp>
            <ns3:hr>188</ns3:hr>
            <ns3:cad>89</ns3:cad>
          </ns3:TrackPointExtension>
        </extensions>
      </trkpt>
      <trkpt lat="30.9004722721874713897705078125" lon="121.73615732230246067047119140625">
        <ele>6.599999904632568359375</ele>
        <time>2026-09-06T13:56:24.000Z</time>
        <extensions>
          <ns3:TrackPointExtension>
            <ns3:atemp>30.0</ns3:atemp>
            <ns3:hr>188</ns3:hr>
            <ns3:cad>91</ns3:cad>
          </ns3:TrackPointExtension>
        </extensions>
      </trkpt>
      <trkpt lat="30.9004695899784564971923828125" lon="121.7361154966056346893310546875">
        <ele>6.599999904632568359375</ele>
        <time>2026-09-06T13:56:25.000Z</time>
        <extensions>
          <ns3:TrackPointExtension>
            <ns3:atemp>30.0</ns3:atemp>
            <ns3:hr>187</ns3:hr>
            <ns3:cad>91</ns3:cad>
          </ns3:TrackPointExtension>
        </extensions>
      </trkpt>
      <trkpt lat="30.90046682395040988922119140625" lon="121.7360816337168216705322265625">
        <ele>6.400000095367431640625</ele>
        <time>2026-09-06T13:56:26.000Z</time>
        <extensions>
          <ns3:TrackPointExtension>
            <ns3:atemp>30.0</ns3:atemp>
            <ns3:hr>188</ns3:hr>
            <ns3:cad>91</ns3:cad>
          </ns3:TrackPointExtension>
        </extensions>
      </trkpt>
      <trkpt lat="30.90046665631234645843505859375" lon="121.7360405623912811279296875">
        <ele>6.400000095367431640625</ele>
        <time>2026-09-06T13:56:27.000Z</time>
        <extensions>
          <ns3:TrackPointExtension>
            <ns3:atemp>30.0</ns3:atemp>
            <ns3:hr>188</ns3:hr>
            <ns3:cad>91</ns3:cad>
          </ns3:TrackPointExtension>
        </extensions>
      </trkpt>
      <trkpt lat="30.90046598576009273529052734375" lon="121.73601130954921245574951171875">
        <ele>6.400000095367431640625</ele>
        <time>2026-09-06T13:56:28.000Z</time>
        <extensions>
          <ns3:TrackPointExtension>
            <ns3:atemp>30.0</ns3:atemp>
            <ns3:hr>188</ns3:hr>
            <ns3:cad>90</ns3:cad>
          </ns3:TrackPointExtension>
        </extensions>
      </trkpt>
      <trkpt lat="30.9004627168178558349609375" lon="121.73597275279462337493896484375">
        <ele>6.400000095367431640625</ele>
        <time>2026-09-06T13:56:29.000Z</time>
        <extensions>
          <ns3:TrackPointExtension>
            <ns3:atemp>30.0</ns3:atemp>
            <ns3:hr>188</ns3:hr>
            <ns3:cad>90</ns3:cad>
          </ns3:TrackPointExtension>
        </extensions>
      </trkpt>
      <trkpt lat="30.90045844204723834991455078125" lon="121.73594358377158641815185546875">
        <ele>6.400000095367431640625</ele>
        <time>2026-09-06T13:56:30.000Z</time>
        <extensions>
          <ns3:TrackPointExtension>
            <ns3:atemp>30.0</ns3:atemp>
            <ns3:hr>188</ns3:hr>
            <ns3:cad>90</ns3:cad>
          </ns3:TrackPointExtension>
        </extensions>
      </trkpt>
      <trkpt lat="30.900458358228206634521484375" lon="121.73589949496090412139892578125">
        <ele>6.400000095367431640625</ele>
        <time>2026-09-06T13:56:31.000Z</time>
        <extensions>
          <ns3:TrackPointExtension>
            <ns3:atemp>30.0</ns3:atemp>
            <ns3:hr>188</ns3:hr>
            <ns3:cad>89</ns3:cad>
          </ns3:TrackPointExtension>
        </extensions>
      </trkpt>
      <trkpt lat="30.90045844204723834991455078125" lon="121.7358657158911228179931640625">
        <ele>6.400000095367431640625</ele>
        <time>2026-09-06T13:56:32.000Z</time>
        <extensions>
          <ns3:TrackPointExtension>
            <ns3:atemp>30.0</ns3:atemp>
            <ns3:hr>189</ns3:hr>
            <ns3:cad>89</ns3:cad>
          </ns3:TrackPointExtension>
        </extensions>
      </trkpt>
      <trkpt lat="30.9004555083811283111572265625" lon="121.7358288355171680450439453125">
        <ele>6.400000095367431640625</ele>
        <time>2026-09-06T13:56:33.000Z</time>
        <extensions>
          <ns3:TrackPointExtension>
            <ns3:atemp>30.0</ns3:atemp>
            <ns3:hr>188</ns3:hr>
            <ns3:cad>90</ns3:cad>
          </ns3:TrackPointExtension>
        </extensions>
      </trkpt>
      <trkpt lat="30.90045441873371601104736328125" lon="121.73579975031316280364990234375">
        <ele>6.400000095367431640625</ele>
        <time>2026-09-06T13:56:34.000Z</time>
        <extensions>
          <ns3:TrackPointExtension>
            <ns3:atemp>30.0</ns3:atemp>
            <ns3:hr>188</ns3:hr>
            <ns3:cad>90</ns3:cad>
          </ns3:TrackPointExtension>
        </extensions>
      </trkpt>
      <trkpt lat="30.90045374818146228790283203125" lon="121.7357664741575717926025390625">
        <ele>6.400000095367431640625</ele>
        <time>2026-09-06T13:56:35.000Z</time>
        <extensions>
          <ns3:TrackPointExtension>
            <ns3:atemp>30.0</ns3:atemp>
            <ns3:hr>188</ns3:hr>
            <ns3:cad>90</ns3:cad>
          </ns3:TrackPointExtension>
        </extensions>
      </trkpt>
      <trkpt lat="30.90045173652470111846923828125" lon="121.73573688603937625885009765625">
        <ele>6.599999904632568359375</ele>
        <time>2026-09-06T13:56:36.000Z</time>
        <extensions>
          <ns3:TrackPointExtension>
            <ns3:atemp>30.0</ns3:atemp>
            <ns3:hr>188</ns3:hr>
            <ns3:cad>90</ns3:cad>
          </ns3:TrackPointExtension>
        </extensions>
      </trkpt>
      <trkpt lat="30.90045123361051082611083984375" lon="121.735695898532867431640625">
        <ele>6.599999904632568359375</ele>
        <time>2026-09-06T13:56:37.000Z</time>
        <extensions>
          <ns3:TrackPointExtension>
            <ns3:atemp>30.0</ns3:atemp>
            <ns3:hr>188</ns3:hr>
            <ns3:cad>90</ns3:cad>
          </ns3:TrackPointExtension>
        </extensions>
      </trkpt>
      <trkpt lat="30.90044922195374965667724609375" lon="121.73566480167210102081298828125">
        <ele>6.599999904632568359375</ele>
        <time>2026-09-06T13:56:38.000Z</time>
        <extensions>
          <ns3:TrackPointExtension>
            <ns3:atemp>30.0</ns3:atemp>
            <ns3:hr>188</ns3:hr>
            <ns3:cad>91</ns3:cad>
          </ns3:TrackPointExtension>
        </extensions>
      </trkpt>
      <trkpt lat="30.9004491381347179412841796875" lon="121.73562414944171905517578125">
        <ele>6.80000019073486328125</ele>
        <time>2026-09-06T13:56:39.000Z</time>
        <extensions>
          <ns3:TrackPointExtension>
            <ns3:atemp>30.0</ns3:atemp>
            <ns3:hr>188</ns3:hr>
            <ns3:cad>91</ns3:cad>
          </ns3:TrackPointExtension>
        </extensions>
      </trkpt>
      <trkpt lat="30.90044419281184673309326171875" lon="121.73559464514255523681640625">
        <ele>6.80000019073486328125</ele>
        <time>2026-09-06T13:56:40.000Z</time>
        <extensions>
          <ns3:TrackPointExtension>
            <ns3:atemp>30.0</ns3:atemp>
            <ns3:hr>188</ns3:hr>
            <ns3:cad>90</ns3:cad>
          </ns3:TrackPointExtension>
        </extensions>
      </trkpt>
      <trkpt lat="30.9004439413547515869140625" lon="121.7355579324066638946533203125">
        <ele>6.80000019073486328125</ele>
        <time>2026-09-06T13:56:41.000Z</time>
        <extensions>
          <ns3:TrackPointExtension>
            <ns3:atemp>30.0</ns3:atemp>
            <ns3:hr>188</ns3:hr>
            <ns3:cad>90</ns3:cad>
          </ns3:TrackPointExtension>
        </extensions>
      </trkpt>
      <trkpt lat="30.900440923869609832763671875" lon="121.735529266297817230224609375">
        <ele>6.80000019073486328125</ele>
        <time>2026-09-06T13:56:42.000Z</time>
        <extensions>
          <ns3:TrackPointExtension>
            <ns3:atemp>30.0</ns3:atemp>
            <ns3:hr>188</ns3:hr>
            <ns3:cad>90</ns3:cad>
          </ns3:TrackPointExtension>
        </extensions>
      </trkpt>
      <trkpt lat="30.90044016949832439422607421875" lon="121.73549138009548187255859375">
        <ele>6.80000019073486328125</ele>
        <time>2026-09-06T13:56:43.000Z</time>
        <extensions>
          <ns3:TrackPointExtension>
            <ns3:atemp>30.0</ns3:atemp>
            <ns3:hr>188</ns3:hr>
            <ns3:cad>90</ns3:cad>
          </ns3:TrackPointExtension>
        </extensions>
      </trkpt>
      <trkpt lat="30.9004377387464046478271484375" lon="121.73546028323471546173095703125">
        <ele>6.80000019073486328125</ele>
        <time>2026-09-06T13:56:44.000Z</time>
        <extensions>
          <ns3:TrackPointExtension>
            <ns3:atemp>30.0</ns3:atemp>
            <ns3:hr>188</ns3:hr>
            <ns3:cad>90</ns3:cad>
          </ns3:TrackPointExtension>
        </extensions>
      </trkpt>
      <trkpt lat="30.90044201351702213287353515625" lon="121.73541854135692119598388671875">
        <ele>6.80000019073486328125</ele>
        <time>2026-09-06T13:56:45.000Z</time>
        <extensions>
          <ns3:TrackPointExtension>
            <ns3:atemp>30.0</ns3:atemp>
            <ns3:hr>188</ns3:hr>
            <ns3:cad>90</ns3:cad>
          </ns3:TrackPointExtension>
        </extensions>
      </trkpt>
      <trkpt lat="30.90043966658413410186767578125" lon="121.73538618721067905426025390625">
        <ele>6.80000019073486328125</ele>
        <time>2026-09-06T13:56:46.000Z</time>
        <extensions>
          <ns3:TrackPointExtension>
            <ns3:atemp>30.0</ns3:atemp>
            <ns3:hr>188</ns3:hr>
            <ns3:cad>90</ns3:cad>
          </ns3:TrackPointExtension>
        </extensions>
      </trkpt>
      <trkpt lat="30.90043799020349979400634765625" lon="121.73534360714256763458251953125">
        <ele>7</ele>
        <time>2026-09-06T13:56:47.000Z</time>
        <extensions>
          <ns3:TrackPointExtension>
            <ns3:atemp>30.0</ns3:atemp>
            <ns3:hr>189</ns3:hr>
            <ns3:cad>90</ns3:cad>
          </ns3:TrackPointExtension>
        </extensions>
      </trkpt>
      <trkpt lat="30.9004377387464046478271484375" lon="121.73530496656894683837890625">
        <ele>7</ele>
        <time>2026-09-06T13:56:48.000Z</time>
        <extensions>
          <ns3:TrackPointExtension>
            <ns3:atemp>30.0</ns3:atemp>
            <ns3:hr>189</ns3:hr>
            <ns3:cad>90</ns3:cad>
          </ns3:TrackPointExtension>
        </extensions>
      </trkpt>
      <trkpt lat="30.9004360623657703399658203125" lon="121.73526364378631114959716796875">
        <ele>7</ele>
        <time>2026-09-06T13:56:49.000Z</time>
        <extensions>
          <ns3:TrackPointExtension>
            <ns3:atemp>30.0</ns3:atemp>
            <ns3:hr>189</ns3:hr>
            <ns3:cad>91</ns3:cad>
          </ns3:TrackPointExtension>
        </extensions>
      </trkpt>
      <trkpt lat="30.9004306979477405548095703125" lon="121.73523464240133762359619140625">
        <ele>7</ele>
        <time>2026-09-06T13:56:50.000Z</time>
        <extensions>
          <ns3:TrackPointExtension>
            <ns3:atemp>30.0</ns3:atemp>
            <ns3:hr>189</ns3:hr>
            <ns3:cad>91</ns3:cad>
          </ns3:TrackPointExtension>
        </extensions>
      </trkpt>
      <trkpt lat="30.90042583644390106201171875" lon="121.7351934872567653656005859375">
        <ele>7</ele>
        <time>2026-09-06T13:56:51.000Z</time>
        <extensions>
          <ns3:TrackPointExtension>
            <ns3:atemp>30.0</ns3:atemp>
            <ns3:hr>189</ns3:hr>
            <ns3:cad>90</ns3:cad>
          </ns3:TrackPointExtension>
        </extensions>
      </trkpt>
      <trkpt lat="30.90042457915842533111572265625" lon="121.73515702597796916961669921875">
        <ele>7.19999980926513671875</ele>
        <time>2026-09-06T13:56:52.000Z</time>
        <extensions>
          <ns3:TrackPointExtension>
            <ns3:atemp>30.0</ns3:atemp>
            <ns3:hr>189</ns3:hr>
            <ns3:cad>89</ns3:cad>
          </ns3:TrackPointExtension>
        </extensions>
      </trkpt>
      <trkpt lat="30.90041770599782466888427734375" lon="121.7351125180721282958984375">
        <ele>7.19999980926513671875</ele>
        <time>2026-09-06T13:56:53.000Z</time>
        <extensions>
          <ns3:TrackPointExtension>
            <ns3:atemp>30.0</ns3:atemp>
            <ns3:hr>189</ns3:hr>
            <ns3:cad>89</ns3:cad>
          </ns3:TrackPointExtension>
        </extensions>
      </trkpt>
      <trkpt lat="30.90041083283722400665283203125" lon="121.73508058302104473114013671875">
        <ele>7.19999980926513671875</ele>
        <time>2026-09-06T13:56:54.000Z</time>
        <extensions>
          <ns3:TrackPointExtension>
            <ns3:atemp>30.0</ns3:atemp>
            <ns3:hr>190</ns3:hr>
            <ns3:cad>89</ns3:cad>
          </ns3:TrackPointExtension>
        </extensions>
      </trkpt>
      <trkpt lat="30.90040027163922786712646484375" lon="121.73504370264708995819091796875">
        <ele>7.19999980926513671875</ele>
        <time>2026-09-06T13:56:55.000Z</time>
        <extensions>
          <ns3:TrackPointExtension>
            <ns3:atemp>30.0</ns3:atemp>
            <ns3:hr>190</ns3:hr>
            <ns3:cad>89</ns3:cad>
          </ns3:TrackPointExtension>
        </extensions>
      </trkpt>
      <trkpt lat="30.90038669295608997344970703125" lon="121.73501369543373584747314453125">
        <ele>7.19999980926513671875</ele>
        <time>2026-09-06T13:56:56.000Z</time>
        <extensions>
          <ns3:TrackPointExtension>
            <ns3:atemp>30.0</ns3:atemp>
            <ns3:hr>190</ns3:hr>
            <ns3:cad>89</ns3:cad>
          </ns3:TrackPointExtension>
        </extensions>
      </trkpt>
      <trkpt lat="30.9003626368939876556396484375" lon="121.7349852807819843292236328125">
        <ele>7.19999980926513671875</ele>
        <time>2026-09-06T13:56:57.000Z</time>
        <extensions>
          <ns3:TrackPointExtension>
            <ns3:atemp>30.0</ns3:atemp>
            <ns3:hr>190</ns3:hr>
            <ns3:cad>88</ns3:cad>
          </ns3:TrackPointExtension>
        </extensions>
      </trkpt>
      <trkpt lat="30.900334976613521575927734375" lon="121.73496910370886325836181640625">
        <ele>7.19999980926513671875</ele>
        <time>2026-09-06T13:56:58.000Z</time>
        <extensions>
          <ns3:TrackPointExtension>
            <ns3:atemp>30.0</ns3:atemp>
            <ns3:hr>189</ns3:hr>
            <ns3:cad>87</ns3:cad>
          </ns3:TrackPointExtension>
        </extensions>
      </trkpt>
      <trkpt lat="30.9003083221614360809326171875" lon="121.73495401628315448760986328125">
        <ele>7.400000095367431640625</ele>
        <time>2026-09-06T13:56:59.000Z</time>
        <extensions>
          <ns3:TrackPointExtension>
            <ns3:atemp>30.0</ns3:atemp>
            <ns3:hr>189</ns3:hr>
            <ns3:cad>87</ns3:cad>
          </ns3:TrackPointExtension>
        </extensions>
      </trkpt>
    </trkseg>
  </trk>
</gpx>
